﻿seller_id;zip_code_prefix
c826c40d7b19f62a09e2d7c5e7295ee2;7133
cfb1a033743668a192316f3c6d1d2671;18110
dd2bdf855a9172734fbc3744021ae9b9;31255
54965bbe3e4f07ae045b90b0b8541f52;85851
7ddcbb64b5bc1ef36ca8c151f6ec77df;4403
7b07b3c7487f0ea825fc6df75abd658b;2016
8185694b58b2ba6de20fd41ae608bbea;6764
5c243662ce92d84573bfaff24c3e3700;3702
4c2b230173bb36f9b240f2b8ac11786e;2968
0df3984f9dfb3d49ac6366acbd3bbb85;32604
83deb69e889cf80f82be1dc6d5f2d486;88056
bd15ee794d5e640d9dd71b665b2ab15b;14092
318f287a62ab7ac10b703ac37435a231;4773
e9779976487b77c6d4ac45f75ec7afe9;11701
8b2492b7ff4468839593fafeed55bad9;24451
0be8ff43f22e456b4e0371b2245e4d01;4461
c731d18cea9bf687ffee82a241c25b11;89701
beadbee30901a7f61d031b6b686095ad;7097
634964b17796e64304cadf1ad3050fb7;21840
cd68562d3f44870c08922d380acae552;14050
8160255418d5aaa7dbdc9f4c64ebda44;14940
7142540dd4c91e2237acb7e911c4eba2;16301
4869f7a5dfa277a7dca6462dcf3b52b2;14840
2138ccb85b11a4ec1e37afbd1c8eda1f;8250
44073f8b7e41514de3b7815dd0237f4f;71070
aafe36600ce604f205b86b5084d3d767;88115
0509040ea3fe50071181bbc359eb7738;31710
9baf5cb77970f539089d09a38bcec5c3;13330
6560211a19b47992c3666cc44a7e94c0;5849
897060da8b9a21f655304d50fd935913;14092
8e6d7754bc7e0f22c96d255ebda59eba;12233
70a12e78e608ac31179aea7f8422044b;12327
5a413ade68e8f8d93071a7f52a64cb9e;3679
9f505651f4a6abe901a56cdc21508025;4102
efcd8d2104f1a05d028af7bad20d974b;16012
5a93f3ab0ef4c84ed5e1b5dbf23978bc;12250
955fee9216a65b617aa5c0531780ce60;4782
c3cfdc648177fdbbbb35635a37472c53;80610
f8db351d8c4c4c22c6835c19a46f01b0;13324
ce20a2ec1514c25e16f2b5b39bc818f0;5186
1025f0e2d44d7041d6cf58b6550e0bfa;3204
5670f4db5b62c43d542e1b2d56b0cf7c;3694
974cf2cb8f4b7add98709c30df02fe10;14802
5f5a58930c3c35f3b5af264f34fb8c85;14020
270d3ef21830ad0ecf3a6c53d08a533a;6380
8b321bb669392f5163d04c59e235e066;3448
