/*==============================================================*/
/* DBMS name:      PostgreSQL 8                                 */
/* Created on:     11/05/2021 12:28:06 a. m.                    */
/*==============================================================*/


/*==============================================================*/
/* Insert: estado                                               */
/*==============================================================*/

INSERT INTO estado (state_name) VALUES ('SP');
INSERT INTO estado (state_name) VALUES ('SC');
INSERT INTO estado (state_name) VALUES ('MG');
INSERT INTO estado (state_name) VALUES ('PR');
INSERT INTO estado (state_name) VALUES ('RJ');
INSERT INTO estado (state_name) VALUES ('RS');
INSERT INTO estado (state_name) VALUES ('PA');
INSERT INTO estado (state_name) VALUES ('GO');
INSERT INTO estado (state_name) VALUES ('ES');
INSERT INTO estado (state_name) VALUES ('BA');
INSERT INTO estado (state_name) VALUES ('MA');
INSERT INTO estado (state_name) VALUES ('MS');
INSERT INTO estado (state_name) VALUES ('CE');
INSERT INTO estado (state_name) VALUES ('DF');
INSERT INTO estado (state_name) VALUES ('RN');
INSERT INTO estado (state_name) VALUES ('PE');
INSERT INTO estado (state_name) VALUES ('MT');
INSERT INTO estado (state_name) VALUES ('AM');
INSERT INTO estado (state_name) VALUES ('AP');
INSERT INTO estado (state_name) VALUES ('AL');
INSERT INTO estado (state_name) VALUES ('RO');
INSERT INTO estado (state_name) VALUES ('PB');
INSERT INTO estado (state_name) VALUES ('TO');
INSERT INTO estado (state_name) VALUES ('PI');
INSERT INTO estado (state_name) VALUES ('AC');
INSERT INTO estado (state_name) VALUES ('SE');
INSERT INTO estado (state_name) VALUES ('RR');

/*==============================================================*/
/* Insert: ciudad                                               */
/*==============================================================*/

INSERT INTO ciudad (city_name,id_state) VALUES ('franca','1');
INSERT INTO ciudad (city_name,id_state) VALUES ('sao bernardo do campo','1');
INSERT INTO ciudad (city_name,id_state) VALUES ('sao paulo','1');
INSERT INTO ciudad (city_name,id_state) VALUES ('mogi das cruzes','1');
INSERT INTO ciudad (city_name,id_state) VALUES ('campinas','1');
INSERT INTO ciudad (city_name,id_state) VALUES ('jaragua do sul','2');
INSERT INTO ciudad (city_name,id_state) VALUES ('timoteo','3');
INSERT INTO ciudad (city_name,id_state) VALUES ('curitiba','4');
INSERT INTO ciudad (city_name,id_state) VALUES ('belo horizonte','3');
INSERT INTO ciudad (city_name,id_state) VALUES ('montes claros','3');
INSERT INTO ciudad (city_name,id_state) VALUES ('rio de janeiro','5');
INSERT INTO ciudad (city_name,id_state) VALUES ('lencois paulista','1');
INSERT INTO ciudad (city_name,id_state) VALUES ('caxias do sul','6');
INSERT INTO ciudad (city_name,id_state) VALUES ('piracicaba','1');
INSERT INTO ciudad (city_name,id_state) VALUES ('guarulhos','1');
INSERT INTO ciudad (city_name,id_state) VALUES ('pacaja','7');
INSERT INTO ciudad (city_name,id_state) VALUES ('florianopolis','2');
INSERT INTO ciudad (city_name,id_state) VALUES ('aparecida de goiania','8');
INSERT INTO ciudad (city_name,id_state) VALUES ('santo andre','1');
INSERT INTO ciudad (city_name,id_state) VALUES ('goiania','8');
INSERT INTO ciudad (city_name,id_state) VALUES ('cachoeiro de itapemirim','9');
INSERT INTO ciudad (city_name,id_state) VALUES ('sao jose dos campos','1');
INSERT INTO ciudad (city_name,id_state) VALUES ('sao roque','1');
INSERT INTO ciudad (city_name,id_state) VALUES ('camacari','10');
INSERT INTO ciudad (city_name,id_state) VALUES ('resende','5');
INSERT INTO ciudad (city_name,id_state) VALUES ('sumare','1');
INSERT INTO ciudad (city_name,id_state) VALUES ('novo hamburgo','6');
INSERT INTO ciudad (city_name,id_state) VALUES ('sao luis','11');
INSERT INTO ciudad (city_name,id_state) VALUES ('sao jose','2');
INSERT INTO ciudad (city_name,id_state) VALUES ('santa barbara','3');
INSERT INTO ciudad (city_name,id_state) VALUES ('ribeirao preto','1');
INSERT INTO ciudad (city_name,id_state) VALUES ('ituiutaba','3');
INSERT INTO ciudad (city_name,id_state) VALUES ('taquarituba','1');
INSERT INTO ciudad (city_name,id_state) VALUES ('sao jose dos pinhais','4');
INSERT INTO ciudad (city_name,id_state) VALUES ('barrinha','1');
INSERT INTO ciudad (city_name,id_state) VALUES ('parati','5');
INSERT INTO ciudad (city_name,id_state) VALUES ('dourados','12');
INSERT INTO ciudad (city_name,id_state) VALUES ('trindade','8');
INSERT INTO ciudad (city_name,id_state) VALUES ('cascavel','4');
INSERT INTO ciudad (city_name,id_state) VALUES ('fortaleza','13');
INSERT INTO ciudad (city_name,id_state) VALUES ('brasilia','14');
INSERT INTO ciudad (city_name,id_state) VALUES ('pelotas','6');
INSERT INTO ciudad (city_name,id_state) VALUES ('porto alegre','6');
INSERT INTO ciudad (city_name,id_state) VALUES ('salto','1');
INSERT INTO ciudad (city_name,id_state) VALUES ('jundiai','1');
INSERT INTO ciudad (city_name,id_state) VALUES ('cacapava','1');
INSERT INTO ciudad (city_name,id_state) VALUES ('sao vicente','1');
INSERT INTO ciudad (city_name,id_state) VALUES ('uberlandia','3');
INSERT INTO ciudad (city_name,id_state) VALUES ('botelhos','3');
INSERT INTO ciudad (city_name,id_state) VALUES ('sao goncalo','5');
INSERT INTO ciudad (city_name,id_state) VALUES ('araucaria','4');
INSERT INTO ciudad (city_name,id_state) VALUES ('nova iguacu','5');
INSERT INTO ciudad (city_name,id_state) VALUES ('areia branca','15');
INSERT INTO ciudad (city_name,id_state) VALUES ('campos dos goytacazes','5');
INSERT INTO ciudad (city_name,id_state) VALUES ('sao carlos','1');
INSERT INTO ciudad (city_name,id_state) VALUES ('itajuba','3');
INSERT INTO ciudad (city_name,id_state) VALUES ('cruz das almas','10');
INSERT INTO ciudad (city_name,id_state) VALUES ('vassouras','5');
INSERT INTO ciudad (city_name,id_state) VALUES ('feira de santana','10');
INSERT INTO ciudad (city_name,id_state) VALUES ('niteroi','5');
INSERT INTO ciudad (city_name,id_state) VALUES ('sobral','13');
INSERT INTO ciudad (city_name,id_state) VALUES ('divinopolis','3');
INSERT INTO ciudad (city_name,id_state) VALUES ('paraiba do sul','5');
INSERT INTO ciudad (city_name,id_state) VALUES ('paulista','16');
INSERT INTO ciudad (city_name,id_state) VALUES ('carapicuiba','1');
INSERT INTO ciudad (city_name,id_state) VALUES ('bom principio','6');
INSERT INTO ciudad (city_name,id_state) VALUES ('astolfo dutra','3');
INSERT INTO ciudad (city_name,id_state) VALUES ('marialva','4');
INSERT INTO ciudad (city_name,id_state) VALUES ('sao jose do rio preto','1');
INSERT INTO ciudad (city_name,id_state) VALUES ('cabo frio','5');
INSERT INTO ciudad (city_name,id_state) VALUES ('contagem','3');
INSERT INTO ciudad (city_name,id_state) VALUES ('cafeara','4');
INSERT INTO ciudad (city_name,id_state) VALUES ('sao joaquim da barra','1');
INSERT INTO ciudad (city_name,id_state) VALUES ('foz do iguacu','4');
INSERT INTO ciudad (city_name,id_state) VALUES ('suzano','1');
INSERT INTO ciudad (city_name,id_state) VALUES ('timbo','2');
INSERT INTO ciudad (city_name,id_state) VALUES ('camboriu','2');
INSERT INTO ciudad (city_name,id_state) VALUES ('nova bassano','6');
INSERT INTO ciudad (city_name,id_state) VALUES ('rio grande','6');
INSERT INTO ciudad (city_name,id_state) VALUES ('braganca paulista','1');
INSERT INTO ciudad (city_name,id_state) VALUES ('barra do garcas','17');
INSERT INTO ciudad (city_name,id_state) VALUES ('embu','1');
INSERT INTO ciudad (city_name,id_state) VALUES ('urussanga','2');
INSERT INTO ciudad (city_name,id_state) VALUES ('silvianopolis','3');
INSERT INTO ciudad (city_name,id_state) VALUES ('gameleiras','3');
INSERT INTO ciudad (city_name,id_state) VALUES ('belem','7');
INSERT INTO ciudad (city_name,id_state) VALUES ('pocos de caldas','3');
INSERT INTO ciudad (city_name,id_state) VALUES ('santos','1');
INSERT INTO ciudad (city_name,id_state) VALUES ('piracaia','1');
INSERT INTO ciudad (city_name,id_state) VALUES ('sinop','17');
INSERT INTO ciudad (city_name,id_state) VALUES ('guaruja','1');
INSERT INTO ciudad (city_name,id_state) VALUES ('barueri','1');
INSERT INTO ciudad (city_name,id_state) VALUES ('feliz','6');
INSERT INTO ciudad (city_name,id_state) VALUES ('jambeiro','1');
INSERT INTO ciudad (city_name,id_state) VALUES ('ipatinga','3');
INSERT INTO ciudad (city_name,id_state) VALUES ('tupa','1');
INSERT INTO ciudad (city_name,id_state) VALUES ('blumenau','2');
INSERT INTO ciudad (city_name,id_state) VALUES ('moncoes','1');
INSERT INTO ciudad (city_name,id_state) VALUES ('balneario camboriu','2');
INSERT INTO ciudad (city_name,id_state) VALUES ('vargem grande','11');
INSERT INTO ciudad (city_name,id_state) VALUES ('rio brilhante','12');
INSERT INTO ciudad (city_name,id_state) VALUES ('eugenopolis','3');
INSERT INTO ciudad (city_name,id_state) VALUES ('paulinia','1');
INSERT INTO ciudad (city_name,id_state) VALUES ('apucarana','4');
INSERT INTO ciudad (city_name,id_state) VALUES ('recife','16');
INSERT INTO ciudad (city_name,id_state) VALUES ('osasco','1');
INSERT INTO ciudad (city_name,id_state) VALUES ('valinhos','1');
INSERT INTO ciudad (city_name,id_state) VALUES ('manaus','18');
INSERT INTO ciudad (city_name,id_state) VALUES ('cidreira','6');
INSERT INTO ciudad (city_name,id_state) VALUES ('santiago','6');
INSERT INTO ciudad (city_name,id_state) VALUES ('sao sepe','6');
INSERT INTO ciudad (city_name,id_state) VALUES ('alta floresta','17');
INSERT INTO ciudad (city_name,id_state) VALUES ('jaboatao dos guararapes','16');
INSERT INTO ciudad (city_name,id_state) VALUES ('ibatiba','9');
INSERT INTO ciudad (city_name,id_state) VALUES ('hortolandia','1');
INSERT INTO ciudad (city_name,id_state) VALUES ('cotia','1');
INSERT INTO ciudad (city_name,id_state) VALUES ('macae','5');
INSERT INTO ciudad (city_name,id_state) VALUES ('saudades','2');
INSERT INTO ciudad (city_name,id_state) VALUES ('macapa','19');
INSERT INTO ciudad (city_name,id_state) VALUES ('salto de pirapora','1');
INSERT INTO ciudad (city_name,id_state) VALUES ('taboao da serra','1');
INSERT INTO ciudad (city_name,id_state) VALUES ('bom jesus','8');
INSERT INTO ciudad (city_name,id_state) VALUES ('santa cruz do rio pardo','1');
INSERT INTO ciudad (city_name,id_state) VALUES ('diadema','1');
INSERT INTO ciudad (city_name,id_state) VALUES ('santa ines','10');
INSERT INTO ciudad (city_name,id_state) VALUES ('serrinha','10');
INSERT INTO ciudad (city_name,id_state) VALUES ('votorantim','1');
INSERT INTO ciudad (city_name,id_state) VALUES ('itatiaia','5');
INSERT INTO ciudad (city_name,id_state) VALUES ('duque de caxias','5');
INSERT INTO ciudad (city_name,id_state) VALUES ('varre-sai','5');
INSERT INTO ciudad (city_name,id_state) VALUES ('vila velha','9');
INSERT INTO ciudad (city_name,id_state) VALUES ('mangaratiba','5');
INSERT INTO ciudad (city_name,id_state) VALUES ('atibaia','1');
INSERT INTO ciudad (city_name,id_state) VALUES ('salvador','10');
INSERT INTO ciudad (city_name,id_state) VALUES ('maceio','20');
INSERT INTO ciudad (city_name,id_state) VALUES ('birigui','1');
INSERT INTO ciudad (city_name,id_state) VALUES ('petropolis','5');
INSERT INTO ciudad (city_name,id_state) VALUES ('sao pedro','1');
INSERT INTO ciudad (city_name,id_state) VALUES ('jaguariaiva','4');
INSERT INTO ciudad (city_name,id_state) VALUES ('franco da rocha','1');
INSERT INTO ciudad (city_name,id_state) VALUES ('pindamonhangaba','1');
INSERT INTO ciudad (city_name,id_state) VALUES ('irati','4');
INSERT INTO ciudad (city_name,id_state) VALUES ('ribeira','1');
INSERT INTO ciudad (city_name,id_state) VALUES ('barbacena','3');
INSERT INTO ciudad (city_name,id_state) VALUES ('limoeiro','16');
INSERT INTO ciudad (city_name,id_state) VALUES ('espigao do oeste','21');
INSERT INTO ciudad (city_name,id_state) VALUES ('belford roxo','5');
INSERT INTO ciudad (city_name,id_state) VALUES ('coronel fabriciano','3');
INSERT INTO ciudad (city_name,id_state) VALUES ('itanhaem','1');
INSERT INTO ciudad (city_name,id_state) VALUES ('bebedouro','1');
INSERT INTO ciudad (city_name,id_state) VALUES ('americana','1');
INSERT INTO ciudad (city_name,id_state) VALUES ('uba','3');
INSERT INTO ciudad (city_name,id_state) VALUES ('arapongas','4');
INSERT INTO ciudad (city_name,id_state) VALUES ('vinhedo','1');
INSERT INTO ciudad (city_name,id_state) VALUES ('itajai','2');
INSERT INTO ciudad (city_name,id_state) VALUES ('bauru','1');
INSERT INTO ciudad (city_name,id_state) VALUES ('pradopolis','1');
INSERT INTO ciudad (city_name,id_state) VALUES ('aripuana','17');
INSERT INTO ciudad (city_name,id_state) VALUES ('guaratinga','10');
INSERT INTO ciudad (city_name,id_state) VALUES ('ponta pora','12');
INSERT INTO ciudad (city_name,id_state) VALUES ('aracatuba','1');
INSERT INTO ciudad (city_name,id_state) VALUES ('volta redonda','5');
INSERT INTO ciudad (city_name,id_state) VALUES ('maringa','4');
INSERT INTO ciudad (city_name,id_state) VALUES ('araraquara','1');
INSERT INTO ciudad (city_name,id_state) VALUES ('matipo','3');
INSERT INTO ciudad (city_name,id_state) VALUES ('santo antonio da patrulha','6');
INSERT INTO ciudad (city_name,id_state) VALUES ('barra mansa','5');
INSERT INTO ciudad (city_name,id_state) VALUES ('diamantina','3');
INSERT INTO ciudad (city_name,id_state) VALUES ('mairinque','1');
INSERT INTO ciudad (city_name,id_state) VALUES ('capitao leonidas marques','4');
INSERT INTO ciudad (city_name,id_state) VALUES ('sao sebastiao do paraiso','3');
INSERT INTO ciudad (city_name,id_state) VALUES ('rosario do sul','6');
INSERT INTO ciudad (city_name,id_state) VALUES ('itaguai','5');
INSERT INTO ciudad (city_name,id_state) VALUES ('paraopeba','3');
INSERT INTO ciudad (city_name,id_state) VALUES ('guarapuava','4');
INSERT INTO ciudad (city_name,id_state) VALUES ('crisolita','3');
INSERT INTO ciudad (city_name,id_state) VALUES ('pirai','5');
INSERT INTO ciudad (city_name,id_state) VALUES ('linhares','9');
INSERT INTO ciudad (city_name,id_state) VALUES ('agudos','1');
INSERT INTO ciudad (city_name,id_state) VALUES ('sao joao de meriti','5');
INSERT INTO ciudad (city_name,id_state) VALUES ('navegantes','2');
INSERT INTO ciudad (city_name,id_state) VALUES ('pirassununga','1');
INSERT INTO ciudad (city_name,id_state) VALUES ('faxinal dos guedes','2');
INSERT INTO ciudad (city_name,id_state) VALUES ('criciuma','2');
INSERT INTO ciudad (city_name,id_state) VALUES ('nova venecia','9');
INSERT INTO ciudad (city_name,id_state) VALUES ('passo fundo','6');
INSERT INTO ciudad (city_name,id_state) VALUES ('ibia','3');
INSERT INTO ciudad (city_name,id_state) VALUES ('manhuacu','3');
INSERT INTO ciudad (city_name,id_state) VALUES ('altamira','7');
INSERT INTO ciudad (city_name,id_state) VALUES ('aperibe','5');
INSERT INTO ciudad (city_name,id_state) VALUES ('cuiaba','17');
INSERT INTO ciudad (city_name,id_state) VALUES ('canoas','6');
INSERT INTO ciudad (city_name,id_state) VALUES ('cubatao','1');
INSERT INTO ciudad (city_name,id_state) VALUES ('campo limpo paulista','1');
INSERT INTO ciudad (city_name,id_state) VALUES ('cambe','4');
INSERT INTO ciudad (city_name,id_state) VALUES ('itaquaquecetuba','1');
INSERT INTO ciudad (city_name,id_state) VALUES ('sao caetano do sul','1');
INSERT INTO ciudad (city_name,id_state) VALUES ('sao goncalo do rio abaixo','3');
INSERT INTO ciudad (city_name,id_state) VALUES ('rolandia','4');
INSERT INTO ciudad (city_name,id_state) VALUES ('tres coracoes','3');
INSERT INTO ciudad (city_name,id_state) VALUES ('cacapava do sul','6');
INSERT INTO ciudad (city_name,id_state) VALUES ('sao joao nepomuceno','3');
INSERT INTO ciudad (city_name,id_state) VALUES ('leme','1');
INSERT INTO ciudad (city_name,id_state) VALUES ('araras','1');
INSERT INTO ciudad (city_name,id_state) VALUES ('cortes','16');
INSERT INTO ciudad (city_name,id_state) VALUES ('brusque','2');
INSERT INTO ciudad (city_name,id_state) VALUES ('montenegro','6');
INSERT INTO ciudad (city_name,id_state) VALUES ('itaberai','8');
INSERT INTO ciudad (city_name,id_state) VALUES ('santa rosa de viterbo','1');
INSERT INTO ciudad (city_name,id_state) VALUES ('agua fria de goias','8');
INSERT INTO ciudad (city_name,id_state) VALUES ('marau','6');
INSERT INTO ciudad (city_name,id_state) VALUES ('curvelo','3');
INSERT INTO ciudad (city_name,id_state) VALUES ('juiz de fora','3');
INSERT INTO ciudad (city_name,id_state) VALUES ('mogi-guacu','1');
INSERT INTO ciudad (city_name,id_state) VALUES ('guaratingueta','1');
INSERT INTO ciudad (city_name,id_state) VALUES ('paranagua','4');
INSERT INTO ciudad (city_name,id_state) VALUES ('lins','1');
INSERT INTO ciudad (city_name,id_state) VALUES ('campo bom','6');
INSERT INTO ciudad (city_name,id_state) VALUES ('sertaozinho','1');
INSERT INTO ciudad (city_name,id_state) VALUES ('tres lagoas','12');
INSERT INTO ciudad (city_name,id_state) VALUES ('jau','1');
INSERT INTO ciudad (city_name,id_state) VALUES ('campos de julio','17');
INSERT INTO ciudad (city_name,id_state) VALUES ('saquarema','5');
INSERT INTO ciudad (city_name,id_state) VALUES ('artur nogueira','1');
INSERT INTO ciudad (city_name,id_state) VALUES ('uaua','10');
INSERT INTO ciudad (city_name,id_state) VALUES ('jandira','1');
INSERT INTO ciudad (city_name,id_state) VALUES ('concordia','2');
INSERT INTO ciudad (city_name,id_state) VALUES ('nova friburgo','5');
INSERT INTO ciudad (city_name,id_state) VALUES ('sorocaba','1');
INSERT INTO ciudad (city_name,id_state) VALUES ('ponte nova','3');
INSERT INTO ciudad (city_name,id_state) VALUES ('araquari','2');
INSERT INTO ciudad (city_name,id_state) VALUES ('muriae','3');
INSERT INTO ciudad (city_name,id_state) VALUES ('nova lima','3');
INSERT INTO ciudad (city_name,id_state) VALUES ('inhumas','8');
INSERT INTO ciudad (city_name,id_state) VALUES ('italva','5');
INSERT INTO ciudad (city_name,id_state) VALUES ('tres rios','5');
INSERT INTO ciudad (city_name,id_state) VALUES ('santa maria','6');
INSERT INTO ciudad (city_name,id_state) VALUES ('itagiba','10');
INSERT INTO ciudad (city_name,id_state) VALUES ('paracatu','3');
INSERT INTO ciudad (city_name,id_state) VALUES ('xaxim','2');
INSERT INTO ciudad (city_name,id_state) VALUES ('laranjeiras do sul','4');
INSERT INTO ciudad (city_name,id_state) VALUES ('itapiuna','13');
INSERT INTO ciudad (city_name,id_state) VALUES ('formosa','8');
INSERT INTO ciudad (city_name,id_state) VALUES ('ivoti','6');
INSERT INTO ciudad (city_name,id_state) VALUES ('juazeiro','10');
INSERT INTO ciudad (city_name,id_state) VALUES ('ponta grossa','4');
INSERT INTO ciudad (city_name,id_state) VALUES ('campina grande','22');
INSERT INTO ciudad (city_name,id_state) VALUES ('maua','1');
INSERT INTO ciudad (city_name,id_state) VALUES ('salgueiro','16');
INSERT INTO ciudad (city_name,id_state) VALUES ('lorena','1');
INSERT INTO ciudad (city_name,id_state) VALUES ('toledo','4');
INSERT INTO ciudad (city_name,id_state) VALUES ('sao pedro da aldeia','5');
INSERT INTO ciudad (city_name,id_state) VALUES ('vianopolis','8');
INSERT INTO ciudad (city_name,id_state) VALUES ('arapiraca','20');
INSERT INTO ciudad (city_name,id_state) VALUES ('porto seguro','10');
INSERT INTO ciudad (city_name,id_state) VALUES ('ariquemes','21');
INSERT INTO ciudad (city_name,id_state) VALUES ('presidente getulio','2');
INSERT INTO ciudad (city_name,id_state) VALUES ('rio negro','4');
INSERT INTO ciudad (city_name,id_state) VALUES ('ribeirao pires','1');
INSERT INTO ciudad (city_name,id_state) VALUES ('sao jose da coroa grande','16');
INSERT INTO ciudad (city_name,id_state) VALUES ('agua doce do norte','9');
INSERT INTO ciudad (city_name,id_state) VALUES ('anapolis','8');
INSERT INTO ciudad (city_name,id_state) VALUES ('guararapes','1');
INSERT INTO ciudad (city_name,id_state) VALUES ('farroupilha','6');
INSERT INTO ciudad (city_name,id_state) VALUES ('almenara','3');
INSERT INTO ciudad (city_name,id_state) VALUES ('rio das ostras','5');
INSERT INTO ciudad (city_name,id_state) VALUES ('gravatai','6');
INSERT INTO ciudad (city_name,id_state) VALUES ('brumado','10');
INSERT INTO ciudad (city_name,id_state) VALUES ('marilia','1');
INSERT INTO ciudad (city_name,id_state) VALUES ('itabira','3');
INSERT INTO ciudad (city_name,id_state) VALUES ('claudia','17');
INSERT INTO ciudad (city_name,id_state) VALUES ('para de minas','3');
INSERT INTO ciudad (city_name,id_state) VALUES ('miguelopolis','1');
INSERT INTO ciudad (city_name,id_state) VALUES ('terra roxa','1');
INSERT INTO ciudad (city_name,id_state) VALUES ('araguari','3');
INSERT INTO ciudad (city_name,id_state) VALUES ('lages','2');
INSERT INTO ciudad (city_name,id_state) VALUES ('embu das artes','1');
INSERT INTO ciudad (city_name,id_state) VALUES ('limeira','1');
INSERT INTO ciudad (city_name,id_state) VALUES ('taubate','1');
INSERT INTO ciudad (city_name,id_state) VALUES ('santa fe do sul','1');
INSERT INTO ciudad (city_name,id_state) VALUES ('caieiras','1');
INSERT INTO ciudad (city_name,id_state) VALUES ('carangola','3');
INSERT INTO ciudad (city_name,id_state) VALUES ('chapada do norte','3');
INSERT INTO ciudad (city_name,id_state) VALUES ('loanda','4');
INSERT INTO ciudad (city_name,id_state) VALUES ('passa tres','5');
INSERT INTO ciudad (city_name,id_state) VALUES ('aracoiaba da serra','1');
INSERT INTO ciudad (city_name,id_state) VALUES ('itaborai','5');
INSERT INTO ciudad (city_name,id_state) VALUES ('vitoria','9');
INSERT INTO ciudad (city_name,id_state) VALUES ('sao bento do sul','2');
INSERT INTO ciudad (city_name,id_state) VALUES ('indaiatuba','1');
INSERT INTO ciudad (city_name,id_state) VALUES ('boituva','1');
INSERT INTO ciudad (city_name,id_state) VALUES ('teresopolis','5');
INSERT INTO ciudad (city_name,id_state) VALUES ('pinhalzinho','1');
INSERT INTO ciudad (city_name,id_state) VALUES ('petrolina','16');
INSERT INTO ciudad (city_name,id_state) VALUES ('natal','15');
INSERT INTO ciudad (city_name,id_state) VALUES ('barreiras','10');
INSERT INTO ciudad (city_name,id_state) VALUES ('januaria','3');
INSERT INTO ciudad (city_name,id_state) VALUES ('ipiabas','5');
INSERT INTO ciudad (city_name,id_state) VALUES ('firminopolis','8');
INSERT INTO ciudad (city_name,id_state) VALUES ('joinville','2');
INSERT INTO ciudad (city_name,id_state) VALUES ('mococa','1');
INSERT INTO ciudad (city_name,id_state) VALUES ('vitoria','4');
INSERT INTO ciudad (city_name,id_state) VALUES ('valenca','5');
INSERT INTO ciudad (city_name,id_state) VALUES ('sao miguel do oeste','2');
INSERT INTO ciudad (city_name,id_state) VALUES ('jales','1');
INSERT INTO ciudad (city_name,id_state) VALUES ('rio formoso','16');
INSERT INTO ciudad (city_name,id_state) VALUES ('angra dos reis','5');
INSERT INTO ciudad (city_name,id_state) VALUES ('alfredo chaves','9');
INSERT INTO ciudad (city_name,id_state) VALUES ('itapetinga','10');
INSERT INTO ciudad (city_name,id_state) VALUES ('gurupi','23');
INSERT INTO ciudad (city_name,id_state) VALUES ('nucleo residencial pilar','10');
INSERT INTO ciudad (city_name,id_state) VALUES ('coromandel','3');
INSERT INTO ciudad (city_name,id_state) VALUES ('charqueada','1');
INSERT INTO ciudad (city_name,id_state) VALUES ('itau de minas','3');
INSERT INTO ciudad (city_name,id_state) VALUES ('ibiruba','6');
INSERT INTO ciudad (city_name,id_state) VALUES ('bertioga','1');
INSERT INTO ciudad (city_name,id_state) VALUES ('ipiau','10');
INSERT INTO ciudad (city_name,id_state) VALUES ('matozinhos','3');
INSERT INTO ciudad (city_name,id_state) VALUES ('teresina','24');
INSERT INTO ciudad (city_name,id_state) VALUES ('entre rios','10');
INSERT INTO ciudad (city_name,id_state) VALUES ('juina','17');
INSERT INTO ciudad (city_name,id_state) VALUES ('mairipora','1');
INSERT INTO ciudad (city_name,id_state) VALUES ('marechal candido rondon','4');
INSERT INTO ciudad (city_name,id_state) VALUES ('avare','1');
INSERT INTO ciudad (city_name,id_state) VALUES ('icem','1');
INSERT INTO ciudad (city_name,id_state) VALUES ('sao sebastiao','1');
INSERT INTO ciudad (city_name,id_state) VALUES ('serra','9');
INSERT INTO ciudad (city_name,id_state) VALUES ('mirassol','1');
INSERT INTO ciudad (city_name,id_state) VALUES ('taperuaba','13');
INSERT INTO ciudad (city_name,id_state) VALUES ('alfenas','3');
INSERT INTO ciudad (city_name,id_state) VALUES ('leopoldina','3');
INSERT INTO ciudad (city_name,id_state) VALUES ('sao joao da boa vista','1');
INSERT INTO ciudad (city_name,id_state) VALUES ('parnamirim','15');
INSERT INTO ciudad (city_name,id_state) VALUES ('teixeira de freitas','10');
INSERT INTO ciudad (city_name,id_state) VALUES ('joao pessoa','22');
INSERT INTO ciudad (city_name,id_state) VALUES ('chacara','3');
INSERT INTO ciudad (city_name,id_state) VALUES ('rio novo do sul','9');
INSERT INTO ciudad (city_name,id_state) VALUES ('guapore','6');
INSERT INTO ciudad (city_name,id_state) VALUES ('rio branco','25');
INSERT INTO ciudad (city_name,id_state) VALUES ('ferraz de vasconcelos','1');
INSERT INTO ciudad (city_name,id_state) VALUES ('petrolandia','2');
INSERT INTO ciudad (city_name,id_state) VALUES ('araruna','4');
INSERT INTO ciudad (city_name,id_state) VALUES ('gravata','16');
INSERT INTO ciudad (city_name,id_state) VALUES ('alegre','9');
INSERT INTO ciudad (city_name,id_state) VALUES ('londrina','4');
INSERT INTO ciudad (city_name,id_state) VALUES ('senhor do bonfim','10');
INSERT INTO ciudad (city_name,id_state) VALUES ('santana de parnaiba','1');
INSERT INTO ciudad (city_name,id_state) VALUES ('piratininga','1');
INSERT INTO ciudad (city_name,id_state) VALUES ('monte carmelo','3');
INSERT INTO ciudad (city_name,id_state) VALUES ('ipiranga','4');
INSERT INTO ciudad (city_name,id_state) VALUES ('jacarei','1');
INSERT INTO ciudad (city_name,id_state) VALUES ('picos','24');
INSERT INTO ciudad (city_name,id_state) VALUES ('una','10');
INSERT INTO ciudad (city_name,id_state) VALUES ('taguai','1');
INSERT INTO ciudad (city_name,id_state) VALUES ('peabiru','4');
INSERT INTO ciudad (city_name,id_state) VALUES ('conquista','3');
INSERT INTO ciudad (city_name,id_state) VALUES ('bicas','3');
INSERT INTO ciudad (city_name,id_state) VALUES ('forquilha','13');
INSERT INTO ciudad (city_name,id_state) VALUES ('guaicara','1');
INSERT INTO ciudad (city_name,id_state) VALUES ('santa vitoria','3');
INSERT INTO ciudad (city_name,id_state) VALUES ('adamantina','1');
INSERT INTO ciudad (city_name,id_state) VALUES ('rio claro','1');
INSERT INTO ciudad (city_name,id_state) VALUES ('sao jose de uba','5');
INSERT INTO ciudad (city_name,id_state) VALUES ('sorriso','17');
INSERT INTO ciudad (city_name,id_state) VALUES ('aracaju','26');
INSERT INTO ciudad (city_name,id_state) VALUES ('conselheiro lafaiete','3');
INSERT INTO ciudad (city_name,id_state) VALUES ('taguatinga','23');
INSERT INTO ciudad (city_name,id_state) VALUES ('tiangua','13');
INSERT INTO ciudad (city_name,id_state) VALUES ('paranaiba','12');
INSERT INTO ciudad (city_name,id_state) VALUES ('david canabarro','6');
INSERT INTO ciudad (city_name,id_state) VALUES ('itarare','1');
INSERT INTO ciudad (city_name,id_state) VALUES ('cajueiro','20');
INSERT INTO ciudad (city_name,id_state) VALUES ('cruzeiro','1');
INSERT INTO ciudad (city_name,id_state) VALUES ('santa cruz do sul','6');
INSERT INTO ciudad (city_name,id_state) VALUES ('presidente epitacio','1');
INSERT INTO ciudad (city_name,id_state) VALUES ('castanhal','7');
INSERT INTO ciudad (city_name,id_state) VALUES ('cariacica','9');
INSERT INTO ciudad (city_name,id_state) VALUES ('bom jesus dos perdoes','1');
INSERT INTO ciudad (city_name,id_state) VALUES ('urucurituba','18');
INSERT INTO ciudad (city_name,id_state) VALUES ('olinda','16');
INSERT INTO ciudad (city_name,id_state) VALUES ('sao jose do rio pardo','1');
INSERT INTO ciudad (city_name,id_state) VALUES ('guapimirim','5');
INSERT INTO ciudad (city_name,id_state) VALUES ('vargem grande paulista','1');
INSERT INTO ciudad (city_name,id_state) VALUES ('chapeco','2');
INSERT INTO ciudad (city_name,id_state) VALUES ('videira','2');
INSERT INTO ciudad (city_name,id_state) VALUES ('canapi','20');
INSERT INTO ciudad (city_name,id_state) VALUES ('pontal do parana','4');
INSERT INTO ciudad (city_name,id_state) VALUES ('bento goncalves','6');
INSERT INTO ciudad (city_name,id_state) VALUES ('caceres','17');
INSERT INTO ciudad (city_name,id_state) VALUES ('bituruna','4');
INSERT INTO ciudad (city_name,id_state) VALUES ('sao bento do sapucai','1');
INSERT INTO ciudad (city_name,id_state) VALUES ('mage','5');
INSERT INTO ciudad (city_name,id_state) VALUES ('forquilhinha','2');
INSERT INTO ciudad (city_name,id_state) VALUES ('itaberaba','10');
INSERT INTO ciudad (city_name,id_state) VALUES ('gramado','6');
INSERT INTO ciudad (city_name,id_state) VALUES ('guacui','9');
INSERT INTO ciudad (city_name,id_state) VALUES ('pato branco','4');
INSERT INTO ciudad (city_name,id_state) VALUES ('itanhem','10');
INSERT INTO ciudad (city_name,id_state) VALUES ('palmas','23');
INSERT INTO ciudad (city_name,id_state) VALUES ('bage','6');
INSERT INTO ciudad (city_name,id_state) VALUES ('francisco morato','1');
INSERT INTO ciudad (city_name,id_state) VALUES ('cosmopolis','1');
INSERT INTO ciudad (city_name,id_state) VALUES ('carmo','5');
INSERT INTO ciudad (city_name,id_state) VALUES ('armacao dos buzios','5');
INSERT INTO ciudad (city_name,id_state) VALUES ('santa maria da vitoria','10');
INSERT INTO ciudad (city_name,id_state) VALUES ('pedro leopoldo','3');
INSERT INTO ciudad (city_name,id_state) VALUES ('tres marias','3');
INSERT INTO ciudad (city_name,id_state) VALUES ('cascavel','13');
INSERT INTO ciudad (city_name,id_state) VALUES ('santo antonio de padua','5');
INSERT INTO ciudad (city_name,id_state) VALUES ('porto feliz','1');
INSERT INTO ciudad (city_name,id_state) VALUES ('gaspar','2');
INSERT INTO ciudad (city_name,id_state) VALUES ('palhoca','2');
INSERT INTO ciudad (city_name,id_state) VALUES ('pouso alegre','3');
INSERT INTO ciudad (city_name,id_state) VALUES ('guaiuba','13');
INSERT INTO ciudad (city_name,id_state) VALUES ('fraiburgo','2');
INSERT INTO ciudad (city_name,id_state) VALUES ('aurea','6');
INSERT INTO ciudad (city_name,id_state) VALUES ('botucatu','1');
INSERT INTO ciudad (city_name,id_state) VALUES ('corumba','12');
INSERT INTO ciudad (city_name,id_state) VALUES ('cajamar','1');
INSERT INTO ciudad (city_name,id_state) VALUES ('queimados','5');
INSERT INTO ciudad (city_name,id_state) VALUES ('sao jorge do ivai','4');
INSERT INTO ciudad (city_name,id_state) VALUES ('nova laranjeiras','4');
INSERT INTO ciudad (city_name,id_state) VALUES ('guaxupe','3');
INSERT INTO ciudad (city_name,id_state) VALUES ('osvaldo cruz','1');
INSERT INTO ciudad (city_name,id_state) VALUES ('ivora','6');
INSERT INTO ciudad (city_name,id_state) VALUES ('anaurilandia','12');
INSERT INTO ciudad (city_name,id_state) VALUES ('caraguatatuba','1');
INSERT INTO ciudad (city_name,id_state) VALUES ('regeneracao','24');
INSERT INTO ciudad (city_name,id_state) VALUES ('bilac','1');
INSERT INTO ciudad (city_name,id_state) VALUES ('faxinal','4');
INSERT INTO ciudad (city_name,id_state) VALUES ('pedro velho','15');
INSERT INTO ciudad (city_name,id_state) VALUES ('uberaba','3');
INSERT INTO ciudad (city_name,id_state) VALUES ('viamao','6');
INSERT INTO ciudad (city_name,id_state) VALUES ('cachoeira de minas','3');
INSERT INTO ciudad (city_name,id_state) VALUES ('coelho neto','11');
INSERT INTO ciudad (city_name,id_state) VALUES ('itajobi','1');
INSERT INTO ciudad (city_name,id_state) VALUES ('carmo do rio claro','3');
INSERT INTO ciudad (city_name,id_state) VALUES ('marica','5');
INSERT INTO ciudad (city_name,id_state) VALUES ('campo novo do parecis','17');
INSERT INTO ciudad (city_name,id_state) VALUES ('boa vista','27');
INSERT INTO ciudad (city_name,id_state) VALUES ('valenca','10');
INSERT INTO ciudad (city_name,id_state) VALUES ('ipameri','8');
INSERT INTO ciudad (city_name,id_state) VALUES ('carlos barbosa','6');
INSERT INTO ciudad (city_name,id_state) VALUES ('anicuns','8');
INSERT INTO ciudad (city_name,id_state) VALUES ('rio bananal','9');
INSERT INTO ciudad (city_name,id_state) VALUES ('lavras da mangabeira','13');
INSERT INTO ciudad (city_name,id_state) VALUES ('balsamo','1');
INSERT INTO ciudad (city_name,id_state) VALUES ('guariba','1');
INSERT INTO ciudad (city_name,id_state) VALUES ('sao vendelino','6');
INSERT INTO ciudad (city_name,id_state) VALUES ('campo mourao','4');
INSERT INTO ciudad (city_name,id_state) VALUES ('aracati','13');
INSERT INTO ciudad (city_name,id_state) VALUES ('santo antonio do descoberto','8');
INSERT INTO ciudad (city_name,id_state) VALUES ('santo amaro da imperatriz','2');
INSERT INTO ciudad (city_name,id_state) VALUES ('betim','3');
INSERT INTO ciudad (city_name,id_state) VALUES ('vicosa','3');
INSERT INTO ciudad (city_name,id_state) VALUES ('dom eliseu','7');
INSERT INTO ciudad (city_name,id_state) VALUES ('campo largo','4');
INSERT INTO ciudad (city_name,id_state) VALUES ('santa rosa de lima','2');
INSERT INTO ciudad (city_name,id_state) VALUES ('quissama','5');
INSERT INTO ciudad (city_name,id_state) VALUES ('mirandopolis','1');
INSERT INTO ciudad (city_name,id_state) VALUES ('itapevi','1');
INSERT INTO ciudad (city_name,id_state) VALUES ('francisco beltrao','4');
INSERT INTO ciudad (city_name,id_state) VALUES ('dias davila','10');
INSERT INTO ciudad (city_name,id_state) VALUES ('novo horizonte','1');
INSERT INTO ciudad (city_name,id_state) VALUES ('poa','1');
INSERT INTO ciudad (city_name,id_state) VALUES ('querencia','17');
INSERT INTO ciudad (city_name,id_state) VALUES ('campo grande','12');
INSERT INTO ciudad (city_name,id_state) VALUES ('pedreira','1');
INSERT INTO ciudad (city_name,id_state) VALUES ('pariquera-acu','1');
INSERT INTO ciudad (city_name,id_state) VALUES ('itabaianinha','26');
INSERT INTO ciudad (city_name,id_state) VALUES ('pitangui','3');
INSERT INTO ciudad (city_name,id_state) VALUES ('araruama','5');
INSERT INTO ciudad (city_name,id_state) VALUES ('campo formoso','10');
INSERT INTO ciudad (city_name,id_state) VALUES ('guanambi','10');
INSERT INTO ciudad (city_name,id_state) VALUES ('itapolis','1');
INSERT INTO ciudad (city_name,id_state) VALUES ('pederneiras','1');
INSERT INTO ciudad (city_name,id_state) VALUES ('itabirito','3');
INSERT INTO ciudad (city_name,id_state) VALUES ('itaipava','9');
INSERT INTO ciudad (city_name,id_state) VALUES ('arroio do sal','6');
INSERT INTO ciudad (city_name,id_state) VALUES ('glaura','3');
INSERT INTO ciudad (city_name,id_state) VALUES ('lagoa vermelha','6');
INSERT INTO ciudad (city_name,id_state) VALUES ('mantena','3');
INSERT INTO ciudad (city_name,id_state) VALUES ('peruibe','1');
INSERT INTO ciudad (city_name,id_state) VALUES ('tubarao','2');
INSERT INTO ciudad (city_name,id_state) VALUES ('bonfim','3');
INSERT INTO ciudad (city_name,id_state) VALUES ('alvorada','6');
INSERT INTO ciudad (city_name,id_state) VALUES ('patrocinio','3');
INSERT INTO ciudad (city_name,id_state) VALUES ('mineiros','8');
INSERT INTO ciudad (city_name,id_state) VALUES ('itabuna','10');
INSERT INTO ciudad (city_name,id_state) VALUES ('tijucas','2');
INSERT INTO ciudad (city_name,id_state) VALUES ('santo antonio de jesus','10');
INSERT INTO ciudad (city_name,id_state) VALUES ('canarana','17');
INSERT INTO ciudad (city_name,id_state) VALUES ('itapecerica da serra','1');
INSERT INTO ciudad (city_name,id_state) VALUES ('nova prata do iguacu','4');
INSERT INTO ciudad (city_name,id_state) VALUES ('treze tilias','2');
INSERT INTO ciudad (city_name,id_state) VALUES ('anchieta','9');
INSERT INTO ciudad (city_name,id_state) VALUES ('quatigua','4');
INSERT INTO ciudad (city_name,id_state) VALUES ('iturama','3');
INSERT INTO ciudad (city_name,id_state) VALUES ('palmas','4');
INSERT INTO ciudad (city_name,id_state) VALUES ('tres de maio','6');
INSERT INTO ciudad (city_name,id_state) VALUES ('santa rita do passa quatro','1');
INSERT INTO ciudad (city_name,id_state) VALUES ('porto esperidiao','17');
INSERT INTO ciudad (city_name,id_state) VALUES ('bonfim paulista','1');
INSERT INTO ciudad (city_name,id_state) VALUES ('cajuru','1');
INSERT INTO ciudad (city_name,id_state) VALUES ('cacador','2');
INSERT INTO ciudad (city_name,id_state) VALUES ('paragominas','7');
INSERT INTO ciudad (city_name,id_state) VALUES ('boa esperanca do sul','1');
INSERT INTO ciudad (city_name,id_state) VALUES ('tres pontas','3');
INSERT INTO ciudad (city_name,id_state) VALUES ('juazeiro do norte','13');
INSERT INTO ciudad (city_name,id_state) VALUES ('bambui','3');
INSERT INTO ciudad (city_name,id_state) VALUES ('comendador levy gasparian','5');
INSERT INTO ciudad (city_name,id_state) VALUES ('sao miguel do aleixo','26');
INSERT INTO ciudad (city_name,id_state) VALUES ('palmeira dos indios','20');
INSERT INTO ciudad (city_name,id_state) VALUES ('cerquilho','1');
INSERT INTO ciudad (city_name,id_state) VALUES ('saudade do iguacu','4');
INSERT INTO ciudad (city_name,id_state) VALUES ('ipaussu','1');
INSERT INTO ciudad (city_name,id_state) VALUES ('alto paraiso de goias','8');
INSERT INTO ciudad (city_name,id_state) VALUES ('santa isabel','1');
INSERT INTO ciudad (city_name,id_state) VALUES ('quirinopolis','8');
INSERT INTO ciudad (city_name,id_state) VALUES ('caruaru','16');
INSERT INTO ciudad (city_name,id_state) VALUES ('casimiro de abreu','5');
INSERT INTO ciudad (city_name,id_state) VALUES ('chavantes','1');
INSERT INTO ciudad (city_name,id_state) VALUES ('ecoporanga','9');
INSERT INTO ciudad (city_name,id_state) VALUES ('cachoeira paulista','1');
INSERT INTO ciudad (city_name,id_state) VALUES ('rio verde','8');
INSERT INTO ciudad (city_name,id_state) VALUES ('maracanau','13');
INSERT INTO ciudad (city_name,id_state) VALUES ('canoinhas','2');
INSERT INTO ciudad (city_name,id_state) VALUES ('ituverava','1');
INSERT INTO ciudad (city_name,id_state) VALUES ('buriti dos lopes','24');
INSERT INTO ciudad (city_name,id_state) VALUES ('rio do antonio','10');
INSERT INTO ciudad (city_name,id_state) VALUES ('guaranta','1');
INSERT INTO ciudad (city_name,id_state) VALUES ('santa luzia','3');
INSERT INTO ciudad (city_name,id_state) VALUES ('tucurui','7');
INSERT INTO ciudad (city_name,id_state) VALUES ('paranavai','4');
INSERT INTO ciudad (city_name,id_state) VALUES ('pinhais','4');
INSERT INTO ciudad (city_name,id_state) VALUES ('governador valadares','3');
INSERT INTO ciudad (city_name,id_state) VALUES ('trajano de moraes','5');
INSERT INTO ciudad (city_name,id_state) VALUES ('caete','3');
INSERT INTO ciudad (city_name,id_state) VALUES ('abaetetuba','7');
INSERT INTO ciudad (city_name,id_state) VALUES ('lavras','3');
INSERT INTO ciudad (city_name,id_state) VALUES ('coronel joao sa','10');
INSERT INTO ciudad (city_name,id_state) VALUES ('divino','3');
INSERT INTO ciudad (city_name,id_state) VALUES ('macaubas','10');
INSERT INTO ciudad (city_name,id_state) VALUES ('lucelia','1');
INSERT INTO ciudad (city_name,id_state) VALUES ('brejo da madre de deus','16');
INSERT INTO ciudad (city_name,id_state) VALUES ('carai','3');
INSERT INTO ciudad (city_name,id_state) VALUES ('corbelia','4');
INSERT INTO ciudad (city_name,id_state) VALUES ('varginha','3');
INSERT INTO ciudad (city_name,id_state) VALUES ('ouro preto','3');
INSERT INTO ciudad (city_name,id_state) VALUES ('prado','10');
INSERT INTO ciudad (city_name,id_state) VALUES ('colniza','17');
INSERT INTO ciudad (city_name,id_state) VALUES ('piuma','9');
INSERT INTO ciudad (city_name,id_state) VALUES ('rancharia','1');
INSERT INTO ciudad (city_name,id_state) VALUES ('barretos','1');
INSERT INTO ciudad (city_name,id_state) VALUES ('eunapolis','10');
INSERT INTO ciudad (city_name,id_state) VALUES ('floresta','16');
INSERT INTO ciudad (city_name,id_state) VALUES ('sao jose do norte','6');
INSERT INTO ciudad (city_name,id_state) VALUES ('rio bonito','5');
INSERT INTO ciudad (city_name,id_state) VALUES ('vargem bonita','2');
INSERT INTO ciudad (city_name,id_state) VALUES ('monte mor','1');
INSERT INTO ciudad (city_name,id_state) VALUES ('valente','10');
INSERT INTO ciudad (city_name,id_state) VALUES ('balsas','11');
INSERT INTO ciudad (city_name,id_state) VALUES ('nhandeara','1');
INSERT INTO ciudad (city_name,id_state) VALUES ('lauro de freitas','10');
INSERT INTO ciudad (city_name,id_state) VALUES ('osorio','6');
INSERT INTO ciudad (city_name,id_state) VALUES ('machado','3');
INSERT INTO ciudad (city_name,id_state) VALUES ('sao leopoldo','6');
INSERT INTO ciudad (city_name,id_state) VALUES ('soledade','22');
INSERT INTO ciudad (city_name,id_state) VALUES ('assis','1');
INSERT INTO ciudad (city_name,id_state) VALUES ('guarapari','9');
INSERT INTO ciudad (city_name,id_state) VALUES ('santo antonio do caiua','4');
INSERT INTO ciudad (city_name,id_state) VALUES ('esteio','6');
INSERT INTO ciudad (city_name,id_state) VALUES ('cambuci','5');
INSERT INTO ciudad (city_name,id_state) VALUES ('campina grande do sul','4');
INSERT INTO ciudad (city_name,id_state) VALUES ('baixo guandu','9');
INSERT INTO ciudad (city_name,id_state) VALUES ('fernao','1');
INSERT INTO ciudad (city_name,id_state) VALUES ('ibitinga','1');
INSERT INTO ciudad (city_name,id_state) VALUES ('santa cruz das palmeiras','1');
INSERT INTO ciudad (city_name,id_state) VALUES ('vila muriqui','5');
INSERT INTO ciudad (city_name,id_state) VALUES ('sao mateus','9');
INSERT INTO ciudad (city_name,id_state) VALUES ('piracuruca','24');
INSERT INTO ciudad (city_name,id_state) VALUES ('cordeiro','5');
INSERT INTO ciudad (city_name,id_state) VALUES ('cachoeira do sul','6');
INSERT INTO ciudad (city_name,id_state) VALUES ('barra do pirai','5');
INSERT INTO ciudad (city_name,id_state) VALUES ('castro','4');
INSERT INTO ciudad (city_name,id_state) VALUES ('ico','13');
INSERT INTO ciudad (city_name,id_state) VALUES ('sete lagoas','3');
INSERT INTO ciudad (city_name,id_state) VALUES ('itumbiara','8');
INSERT INTO ciudad (city_name,id_state) VALUES ('aluminio','1');
INSERT INTO ciudad (city_name,id_state) VALUES ('jatai','8');
INSERT INTO ciudad (city_name,id_state) VALUES ('frederico westphalen','6');
INSERT INTO ciudad (city_name,id_state) VALUES ('goioere','4');
INSERT INTO ciudad (city_name,id_state) VALUES ('sao jose da tapera','20');
INSERT INTO ciudad (city_name,id_state) VALUES ('porto uniao','2');
INSERT INTO ciudad (city_name,id_state) VALUES ('cocalinho','17');
INSERT INTO ciudad (city_name,id_state) VALUES ('curitibanos','2');
INSERT INTO ciudad (city_name,id_state) VALUES ('campos novos','2');
INSERT INTO ciudad (city_name,id_state) VALUES ('ubatuba','1');
INSERT INTO ciudad (city_name,id_state) VALUES ('monte santo de minas','3');
INSERT INTO ciudad (city_name,id_state) VALUES ('ribeirao das neves','3');
INSERT INTO ciudad (city_name,id_state) VALUES ('sao simao','1');
INSERT INTO ciudad (city_name,id_state) VALUES ('urutai','8');
INSERT INTO ciudad (city_name,id_state) VALUES ('itaobim','3');
INSERT INTO ciudad (city_name,id_state) VALUES ('liberdade','3');
INSERT INTO ciudad (city_name,id_state) VALUES ('arcos','3');
INSERT INTO ciudad (city_name,id_state) VALUES ('ribeirao','16');
INSERT INTO ciudad (city_name,id_state) VALUES ('santa ines','11');
INSERT INTO ciudad (city_name,id_state) VALUES ('patos de minas','3');
INSERT INTO ciudad (city_name,id_state) VALUES ('penapolis','1');
INSERT INTO ciudad (city_name,id_state) VALUES ('eusebio','13');
INSERT INTO ciudad (city_name,id_state) VALUES ('cordeiros','10');
INSERT INTO ciudad (city_name,id_state) VALUES ('victor graeff','6');
INSERT INTO ciudad (city_name,id_state) VALUES ('santa rita do araguaia','8');
INSERT INTO ciudad (city_name,id_state) VALUES ('poxoreu','17');
INSERT INTO ciudad (city_name,id_state) VALUES ('ananas','23');
INSERT INTO ciudad (city_name,id_state) VALUES ('conceicao dos ouros','3');
INSERT INTO ciudad (city_name,id_state) VALUES ('alagoinhas','10');
INSERT INTO ciudad (city_name,id_state) VALUES ('sao joao da barra','5');
INSERT INTO ciudad (city_name,id_state) VALUES ('lindoia','1');
INSERT INTO ciudad (city_name,id_state) VALUES ('bonfinopolis','8');
INSERT INTO ciudad (city_name,id_state) VALUES ('ibiam','2');
INSERT INTO ciudad (city_name,id_state) VALUES ('morungaba','1');
INSERT INTO ciudad (city_name,id_state) VALUES ('andradina','1');
INSERT INTO ciudad (city_name,id_state) VALUES ('tatui','1');
INSERT INTO ciudad (city_name,id_state) VALUES ('mata verde','3');
INSERT INTO ciudad (city_name,id_state) VALUES ('cornelio procopio','4');
INSERT INTO ciudad (city_name,id_state) VALUES ('itapipoca','13');
INSERT INTO ciudad (city_name,id_state) VALUES ('queluz','1');
INSERT INTO ciudad (city_name,id_state) VALUES ('godoy moreira','4');
INSERT INTO ciudad (city_name,id_state) VALUES ('iracemapolis','1');
INSERT INTO ciudad (city_name,id_state) VALUES ('buritizeiro','3');
INSERT INTO ciudad (city_name,id_state) VALUES ('xique-xique','10');
INSERT INTO ciudad (city_name,id_state) VALUES ('uruacu','8');
INSERT INTO ciudad (city_name,id_state) VALUES ('japi','15');
INSERT INTO ciudad (city_name,id_state) VALUES ('itauna','3');
INSERT INTO ciudad (city_name,id_state) VALUES ('sao francisco de assis','6');
INSERT INTO ciudad (city_name,id_state) VALUES ('pitangueiras','1');
INSERT INTO ciudad (city_name,id_state) VALUES ('ze doca','11');
INSERT INTO ciudad (city_name,id_state) VALUES ('dracena','1');
INSERT INTO ciudad (city_name,id_state) VALUES ('cachoeiras de macacu','5');
INSERT INTO ciudad (city_name,id_state) VALUES ('barauna','15');
INSERT INTO ciudad (city_name,id_state) VALUES ('formiga','3');
INSERT INTO ciudad (city_name,id_state) VALUES ('rodeio','2');
INSERT INTO ciudad (city_name,id_state) VALUES ('jequie','10');
INSERT INTO ciudad (city_name,id_state) VALUES ('juvenilia','3');
INSERT INTO ciudad (city_name,id_state) VALUES ('poco fundo','3');
INSERT INTO ciudad (city_name,id_state) VALUES ('amparo','1');
INSERT INTO ciudad (city_name,id_state) VALUES ('lauro muller','2');
INSERT INTO ciudad (city_name,id_state) VALUES ('japeri','5');
INSERT INTO ciudad (city_name,id_state) VALUES ('ourinhos','1');
INSERT INTO ciudad (city_name,id_state) VALUES ('lagoa dos gatos','16');
INSERT INTO ciudad (city_name,id_state) VALUES ('embu-guacu','1');
INSERT INTO ciudad (city_name,id_state) VALUES ('nossa senhora do remedio','1');
INSERT INTO ciudad (city_name,id_state) VALUES ('tambau','1');
INSERT INTO ciudad (city_name,id_state) VALUES ('orlandia','1');
INSERT INTO ciudad (city_name,id_state) VALUES ('bananeiras','22');
INSERT INTO ciudad (city_name,id_state) VALUES ('sao joao do manhuacu','3');
INSERT INTO ciudad (city_name,id_state) VALUES ('sarandi','6');
INSERT INTO ciudad (city_name,id_state) VALUES ('congonhas','3');
INSERT INTO ciudad (city_name,id_state) VALUES ('boa esperanca','3');
INSERT INTO ciudad (city_name,id_state) VALUES ('sandolandia','23');
INSERT INTO ciudad (city_name,id_state) VALUES ('garca','1');
INSERT INTO ciudad (city_name,id_state) VALUES ('descalvado','1');
INSERT INTO ciudad (city_name,id_state) VALUES ('guaracai','1');
INSERT INTO ciudad (city_name,id_state) VALUES ('aruana','8');
INSERT INTO ciudad (city_name,id_state) VALUES ('inga','22');
INSERT INTO ciudad (city_name,id_state) VALUES ('taio','2');
INSERT INTO ciudad (city_name,id_state) VALUES ('gaurama','6');
INSERT INTO ciudad (city_name,id_state) VALUES ('praia grande','1');
INSERT INTO ciudad (city_name,id_state) VALUES ('janauba','3');
INSERT INTO ciudad (city_name,id_state) VALUES ('nova monte verde','17');
INSERT INTO ciudad (city_name,id_state) VALUES ('mongagua','1');
INSERT INTO ciudad (city_name,id_state) VALUES ('monte alto','1');
INSERT INTO ciudad (city_name,id_state) VALUES ('sao joao do piaui','24');
INSERT INTO ciudad (city_name,id_state) VALUES ('primavera do leste','17');
INSERT INTO ciudad (city_name,id_state) VALUES ('seropedica','5');
INSERT INTO ciudad (city_name,id_state) VALUES ('indaial','2');
INSERT INTO ciudad (city_name,id_state) VALUES ('teofilo otoni','3');
INSERT INTO ciudad (city_name,id_state) VALUES ('santa terezinha','2');
INSERT INTO ciudad (city_name,id_state) VALUES ('planaltina','8');
INSERT INTO ciudad (city_name,id_state) VALUES ('caravelas','10');
INSERT INTO ciudad (city_name,id_state) VALUES ('muritiba','10');
INSERT INTO ciudad (city_name,id_state) VALUES ('itatiba','1');
INSERT INTO ciudad (city_name,id_state) VALUES ('piumhii','3');
INSERT INTO ciudad (city_name,id_state) VALUES ('pitanga','4');
INSERT INTO ciudad (city_name,id_state) VALUES ('capelinha','3');
INSERT INTO ciudad (city_name,id_state) VALUES ('ipero','1');
INSERT INTO ciudad (city_name,id_state) VALUES ('tarabai','1');
INSERT INTO ciudad (city_name,id_state) VALUES ('aparecida do taboado','12');
INSERT INTO ciudad (city_name,id_state) VALUES ('maioba','11');
INSERT INTO ciudad (city_name,id_state) VALUES ('monnerat','5');
INSERT INTO ciudad (city_name,id_state) VALUES ('sao lourenco do sul','6');
INSERT INTO ciudad (city_name,id_state) VALUES ('biguacu','2');
INSERT INTO ciudad (city_name,id_state) VALUES ('venda nova do imigrante','9');
INSERT INTO ciudad (city_name,id_state) VALUES ('arapoti','4');
INSERT INTO ciudad (city_name,id_state) VALUES ('fazenda rio grande','4');
INSERT INTO ciudad (city_name,id_state) VALUES ('senges','4');
INSERT INTO ciudad (city_name,id_state) VALUES ('aracruz','9');
INSERT INTO ciudad (city_name,id_state) VALUES ('canela','6');
INSERT INTO ciudad (city_name,id_state) VALUES ('porto franco','11');
INSERT INTO ciudad (city_name,id_state) VALUES ('veranopolis','6');
INSERT INTO ciudad (city_name,id_state) VALUES ('candiota','6');
INSERT INTO ciudad (city_name,id_state) VALUES ('carmo do paranaiba','3');
INSERT INTO ciudad (city_name,id_state) VALUES ('itacare','10');
INSERT INTO ciudad (city_name,id_state) VALUES ('desembargador otoni','3');
INSERT INTO ciudad (city_name,id_state) VALUES ('joanopolis','1');
INSERT INTO ciudad (city_name,id_state) VALUES ('registro','1');
INSERT INTO ciudad (city_name,id_state) VALUES ('ipiranga do norte','17');
INSERT INTO ciudad (city_name,id_state) VALUES ('felipe guerra','15');
INSERT INTO ciudad (city_name,id_state) VALUES ('dumont','1');
INSERT INTO ciudad (city_name,id_state) VALUES ('itapetininga','1');
INSERT INTO ciudad (city_name,id_state) VALUES ('bom despacho','3');
INSERT INTO ciudad (city_name,id_state) VALUES ('lagoa santa','3');
INSERT INTO ciudad (city_name,id_state) VALUES ('estacao','6');
INSERT INTO ciudad (city_name,id_state) VALUES ('panorama','1');
INSERT INTO ciudad (city_name,id_state) VALUES ('palmares','16');
INSERT INTO ciudad (city_name,id_state) VALUES ('prata','3');
INSERT INTO ciudad (city_name,id_state) VALUES ('santa adelia','1');
INSERT INTO ciudad (city_name,id_state) VALUES ('iguaba grande','5');
INSERT INTO ciudad (city_name,id_state) VALUES ('sarzedo','3');
INSERT INTO ciudad (city_name,id_state) VALUES ('dourado','1');
INSERT INTO ciudad (city_name,id_state) VALUES ('alcinopolis','12');
INSERT INTO ciudad (city_name,id_state) VALUES ('limoeiro do norte','13');
INSERT INTO ciudad (city_name,id_state) VALUES ('ibiraci','3');
INSERT INTO ciudad (city_name,id_state) VALUES ('ilhabela','1');
INSERT INTO ciudad (city_name,id_state) VALUES ('icara','2');
INSERT INTO ciudad (city_name,id_state) VALUES ('paiva','3');
INSERT INTO ciudad (city_name,id_state) VALUES ('batatais','1');
INSERT INTO ciudad (city_name,id_state) VALUES ('formoso do araguaia','23');
INSERT INTO ciudad (city_name,id_state) VALUES ('itapaci','8');
INSERT INTO ciudad (city_name,id_state) VALUES ('fernandopolis','1');
INSERT INTO ciudad (city_name,id_state) VALUES ('miguel pereira','5');
INSERT INTO ciudad (city_name,id_state) VALUES ('tocos','5');
INSERT INTO ciudad (city_name,id_state) VALUES ('campos do jordao','1');
INSERT INTO ciudad (city_name,id_state) VALUES ('catalao','8');
INSERT INTO ciudad (city_name,id_state) VALUES ('sao jose da lapa','3');
INSERT INTO ciudad (city_name,id_state) VALUES ('marituba','7');
INSERT INTO ciudad (city_name,id_state) VALUES ('arapora','3');
INSERT INTO ciudad (city_name,id_state) VALUES ('turvo','4');
INSERT INTO ciudad (city_name,id_state) VALUES ('rubiataba','8');
INSERT INTO ciudad (city_name,id_state) VALUES ('guaruja do sul','2');
INSERT INTO ciudad (city_name,id_state) VALUES ('pedra bela','1');
INSERT INTO ciudad (city_name,id_state) VALUES ('perdizes','3');
INSERT INTO ciudad (city_name,id_state) VALUES ('jesuania','3');
INSERT INTO ciudad (city_name,id_state) VALUES ('antonio carlos','3');
INSERT INTO ciudad (city_name,id_state) VALUES ('itapecerica','3');
INSERT INTO ciudad (city_name,id_state) VALUES ('monte belo','3');
INSERT INTO ciudad (city_name,id_state) VALUES ('mossoro','15');
INSERT INTO ciudad (city_name,id_state) VALUES ('piraju','1');
INSERT INTO ciudad (city_name,id_state) VALUES ('encruzilhada do sul','6');
INSERT INTO ciudad (city_name,id_state) VALUES ('igaratinga','3');
INSERT INTO ciudad (city_name,id_state) VALUES ('sao luis de montes belos','8');
INSERT INTO ciudad (city_name,id_state) VALUES ('santa rosa','6');
INSERT INTO ciudad (city_name,id_state) VALUES ('lagoinha','1');
INSERT INTO ciudad (city_name,id_state) VALUES ('trindade','16');
INSERT INTO ciudad (city_name,id_state) VALUES ('redentora','6');
INSERT INTO ciudad (city_name,id_state) VALUES ('cuite','22');
INSERT INTO ciudad (city_name,id_state) VALUES ('coxim','12');
INSERT INTO ciudad (city_name,id_state) VALUES ('lucas do rio verde','17');
INSERT INTO ciudad (city_name,id_state) VALUES ('ibirataia','10');
INSERT INTO ciudad (city_name,id_state) VALUES ('olimpia','1');
INSERT INTO ciudad (city_name,id_state) VALUES ('cedro','13');
INSERT INTO ciudad (city_name,id_state) VALUES ('mario campos','3');
INSERT INTO ciudad (city_name,id_state) VALUES ('umuarama','4');
INSERT INTO ciudad (city_name,id_state) VALUES ('nova xavantina','17');
INSERT INTO ciudad (city_name,id_state) VALUES ('sao borja','6');
INSERT INTO ciudad (city_name,id_state) VALUES ('aguai','1');
INSERT INTO ciudad (city_name,id_state) VALUES ('itapira','1');
INSERT INTO ciudad (city_name,id_state) VALUES ('uniao da vitoria','4');
INSERT INTO ciudad (city_name,id_state) VALUES ('nova odessa','1');
INSERT INTO ciudad (city_name,id_state) VALUES ('itapuranga','8');
INSERT INTO ciudad (city_name,id_state) VALUES ('nova cruz','15');
INSERT INTO ciudad (city_name,id_state) VALUES ('apuiares','13');
INSERT INTO ciudad (city_name,id_state) VALUES ('almirante tamandare','4');
INSERT INTO ciudad (city_name,id_state) VALUES ('correia pinto','2');
INSERT INTO ciudad (city_name,id_state) VALUES ('itamarandiba','3');
INSERT INTO ciudad (city_name,id_state) VALUES ('juscimeira','17');
INSERT INTO ciudad (city_name,id_state) VALUES ('ipora','8');
INSERT INTO ciudad (city_name,id_state) VALUES ('cedro de sao joao','26');
INSERT INTO ciudad (city_name,id_state) VALUES ('santa barbara doeste','1');
INSERT INTO ciudad (city_name,id_state) VALUES ('sao joao da urtiga','6');
INSERT INTO ciudad (city_name,id_state) VALUES ('valparaiso de goias','8');
INSERT INTO ciudad (city_name,id_state) VALUES ('jussara','8');
INSERT INTO ciudad (city_name,id_state) VALUES ('capao da canoa','6');
INSERT INTO ciudad (city_name,id_state) VALUES ('araxa','3');
INSERT INTO ciudad (city_name,id_state) VALUES ('campo belo','3');
INSERT INTO ciudad (city_name,id_state) VALUES ('monte aprazivel','1');
INSERT INTO ciudad (city_name,id_state) VALUES ('bom jesus do querendo','5');
INSERT INTO ciudad (city_name,id_state) VALUES ('socorro','1');
INSERT INTO ciudad (city_name,id_state) VALUES ('catanduva','1');
INSERT INTO ciudad (city_name,id_state) VALUES ('monte castelo','2');
INSERT INTO ciudad (city_name,id_state) VALUES ('tabatinga','1');
INSERT INTO ciudad (city_name,id_state) VALUES ('bayeux','22');
INSERT INTO ciudad (city_name,id_state) VALUES ('ijui','6');
INSERT INTO ciudad (city_name,id_state) VALUES ('tangara da serra','17');
INSERT INTO ciudad (city_name,id_state) VALUES ('campos borges','6');
INSERT INTO ciudad (city_name,id_state) VALUES ('palma','3');
INSERT INTO ciudad (city_name,id_state) VALUES ('minacu','8');
INSERT INTO ciudad (city_name,id_state) VALUES ('miracema','5');
INSERT INTO ciudad (city_name,id_state) VALUES ('taruma','1');
INSERT INTO ciudad (city_name,id_state) VALUES ('sao francisco do sul','2');
INSERT INTO ciudad (city_name,id_state) VALUES ('cedral','1');
INSERT INTO ciudad (city_name,id_state) VALUES ('camaragibe','16');
INSERT INTO ciudad (city_name,id_state) VALUES ('lajeado','6');
INSERT INTO ciudad (city_name,id_state) VALUES ('cerqueira cesar','1');
INSERT INTO ciudad (city_name,id_state) VALUES ('frutal','3');
INSERT INTO ciudad (city_name,id_state) VALUES ('igarata','1');
INSERT INTO ciudad (city_name,id_state) VALUES ('novo gama','8');
INSERT INTO ciudad (city_name,id_state) VALUES ('sapucaia do sul','6');
INSERT INTO ciudad (city_name,id_state) VALUES ('juquitiba','1');
INSERT INTO ciudad (city_name,id_state) VALUES ('terra boa','4');
INSERT INTO ciudad (city_name,id_state) VALUES ('joao monlevade','3');
INSERT INTO ciudad (city_name,id_state) VALUES ('porangatu','8');
INSERT INTO ciudad (city_name,id_state) VALUES ('formosa da serra negra','11');
INSERT INTO ciudad (city_name,id_state) VALUES ('rafard','1');
INSERT INTO ciudad (city_name,id_state) VALUES ('rainha do mar','6');
INSERT INTO ciudad (city_name,id_state) VALUES ('pontal','1');
INSERT INTO ciudad (city_name,id_state) VALUES ('rio do sul','2');
INSERT INTO ciudad (city_name,id_state) VALUES ('nilopolis','5');
INSERT INTO ciudad (city_name,id_state) VALUES ('maracaju','12');
INSERT INTO ciudad (city_name,id_state) VALUES ('santo augusto','6');
INSERT INTO ciudad (city_name,id_state) VALUES ('banabuiu','13');
INSERT INTO ciudad (city_name,id_state) VALUES ('buenopolis','3');
INSERT INTO ciudad (city_name,id_state) VALUES ('barbalha','13');
INSERT INTO ciudad (city_name,id_state) VALUES ('quintana','1');
INSERT INTO ciudad (city_name,id_state) VALUES ('chorrocho','10');
INSERT INTO ciudad (city_name,id_state) VALUES ('votuporanga','1');
INSERT INTO ciudad (city_name,id_state) VALUES ('poco verde','26');
INSERT INTO ciudad (city_name,id_state) VALUES ('cipo-guacu','1');
INSERT INTO ciudad (city_name,id_state) VALUES ('santarem','7');
INSERT INTO ciudad (city_name,id_state) VALUES ('santa clara do sul','6');
INSERT INTO ciudad (city_name,id_state) VALUES ('ibiuna','1');
INSERT INTO ciudad (city_name,id_state) VALUES ('capivari','1');
INSERT INTO ciudad (city_name,id_state) VALUES ('arraias','23');
INSERT INTO ciudad (city_name,id_state) VALUES ('patos','22');
INSERT INTO ciudad (city_name,id_state) VALUES ('sao francisco do guapore','21');
INSERT INTO ciudad (city_name,id_state) VALUES ('vitoria da conquista','10');
INSERT INTO ciudad (city_name,id_state) VALUES ('urucuca','10');
INSERT INTO ciudad (city_name,id_state) VALUES ('vacaria','6');
INSERT INTO ciudad (city_name,id_state) VALUES ('campos altos','3');
INSERT INTO ciudad (city_name,id_state) VALUES ('nossa senhora do socorro','26');
INSERT INTO ciudad (city_name,id_state) VALUES ('cruzeiro do sul','6');
INSERT INTO ciudad (city_name,id_state) VALUES ('cataguases','3');
INSERT INTO ciudad (city_name,id_state) VALUES ('varzea grande','17');
INSERT INTO ciudad (city_name,id_state) VALUES ('santa rita do sapucai','3');
INSERT INTO ciudad (city_name,id_state) VALUES ('jaboticabal','1');
INSERT INTO ciudad (city_name,id_state) VALUES ('ilha comprida','1');
INSERT INTO ciudad (city_name,id_state) VALUES ('brasilia de minas','3');
INSERT INTO ciudad (city_name,id_state) VALUES ('moreno','16');
INSERT INTO ciudad (city_name,id_state) VALUES ('capanema','4');
INSERT INTO ciudad (city_name,id_state) VALUES ('tombos','3');
INSERT INTO ciudad (city_name,id_state) VALUES ('espumoso','6');
INSERT INTO ciudad (city_name,id_state) VALUES ('ouro branco','3');
INSERT INTO ciudad (city_name,id_state) VALUES ('valenca do piaui','24');
INSERT INTO ciudad (city_name,id_state) VALUES ('igrejinha','6');
INSERT INTO ciudad (city_name,id_state) VALUES ('engenheiro coelho','1');
INSERT INTO ciudad (city_name,id_state) VALUES ('parauapebas','7');
INSERT INTO ciudad (city_name,id_state) VALUES ('afonso claudio','9');
INSERT INTO ciudad (city_name,id_state) VALUES ('sao bernardo','11');
INSERT INTO ciudad (city_name,id_state) VALUES ('salto do jacui','6');
INSERT INTO ciudad (city_name,id_state) VALUES ('pires do rio','8');
INSERT INTO ciudad (city_name,id_state) VALUES ('taguatinga','14');
INSERT INTO ciudad (city_name,id_state) VALUES ('astorga','4');
INSERT INTO ciudad (city_name,id_state) VALUES ('medina','3');
INSERT INTO ciudad (city_name,id_state) VALUES ('porto ferreira','1');
INSERT INTO ciudad (city_name,id_state) VALUES ('aracariguama','1');
INSERT INTO ciudad (city_name,id_state) VALUES ('hidrolandia','13');
INSERT INTO ciudad (city_name,id_state) VALUES ('virginopolis','3');
INSERT INTO ciudad (city_name,id_state) VALUES ('soledade de minas','3');
INSERT INTO ciudad (city_name,id_state) VALUES ('casca','6');
INSERT INTO ciudad (city_name,id_state) VALUES ('sapiranga','6');
INSERT INTO ciudad (city_name,id_state) VALUES ('angatuba','1');
INSERT INTO ciudad (city_name,id_state) VALUES ('ibirapua','10');
INSERT INTO ciudad (city_name,id_state) VALUES ('itupeva','1');
INSERT INTO ciudad (city_name,id_state) VALUES ('espera feliz','3');
INSERT INTO ciudad (city_name,id_state) VALUES ('penedo','20');
INSERT INTO ciudad (city_name,id_state) VALUES ('ibirite','3');
INSERT INTO ciudad (city_name,id_state) VALUES ('miracatu','1');
INSERT INTO ciudad (city_name,id_state) VALUES ('francisco santos','24');
INSERT INTO ciudad (city_name,id_state) VALUES ('paracambi','5');
INSERT INTO ciudad (city_name,id_state) VALUES ('cardoso','1');
INSERT INTO ciudad (city_name,id_state) VALUES ('floriano','24');
INSERT INTO ciudad (city_name,id_state) VALUES ('rondonopolis','17');
INSERT INTO ciudad (city_name,id_state) VALUES ('barra de sao francisco','9');
INSERT INTO ciudad (city_name,id_state) VALUES ('lavinia','1');
INSERT INTO ciudad (city_name,id_state) VALUES ('guajara-mirim','21');
INSERT INTO ciudad (city_name,id_state) VALUES ('guimaraes','11');
INSERT INTO ciudad (city_name,id_state) VALUES ('sao tome','15');
INSERT INTO ciudad (city_name,id_state) VALUES ('medianeira','4');
INSERT INTO ciudad (city_name,id_state) VALUES ('conceicao das pedras','3');
INSERT INTO ciudad (city_name,id_state) VALUES ('rinopolis','1');
INSERT INTO ciudad (city_name,id_state) VALUES ('capim grosso','10');
INSERT INTO ciudad (city_name,id_state) VALUES ('guaira','1');
INSERT INTO ciudad (city_name,id_state) VALUES ('euclides da cunha paulista','1');
INSERT INTO ciudad (city_name,id_state) VALUES ('lagoa da prata','3');
INSERT INTO ciudad (city_name,id_state) VALUES ('nanuque','3');
INSERT INTO ciudad (city_name,id_state) VALUES ('luis antonio','1');
INSERT INTO ciudad (city_name,id_state) VALUES ('senador firmino','3');
INSERT INTO ciudad (city_name,id_state) VALUES ('viradouro','1');
INSERT INTO ciudad (city_name,id_state) VALUES ('itabera','1');
INSERT INTO ciudad (city_name,id_state) VALUES ('cambara','4');
INSERT INTO ciudad (city_name,id_state) VALUES ('sananduva','6');
INSERT INTO ciudad (city_name,id_state) VALUES ('tapera','6');
INSERT INTO ciudad (city_name,id_state) VALUES ('tupaciguara','3');
INSERT INTO ciudad (city_name,id_state) VALUES ('colombo','4');
INSERT INTO ciudad (city_name,id_state) VALUES ('ananindeua','7');
INSERT INTO ciudad (city_name,id_state) VALUES ('coribe','10');
INSERT INTO ciudad (city_name,id_state) VALUES ('rio doce','3');
INSERT INTO ciudad (city_name,id_state) VALUES ('mogi mirim','1');
INSERT INTO ciudad (city_name,id_state) VALUES ('tocos do moji','3');
INSERT INTO ciudad (city_name,id_state) VALUES ('beberibe','13');
INSERT INTO ciudad (city_name,id_state) VALUES ('formosa do rio preto','10');
INSERT INTO ciudad (city_name,id_state) VALUES ('claudio','3');
INSERT INTO ciudad (city_name,id_state) VALUES ('rio paranaiba','3');
INSERT INTO ciudad (city_name,id_state) VALUES ('humberto de campos','11');
INSERT INTO ciudad (city_name,id_state) VALUES ('camocim de sao felix','16');
INSERT INTO ciudad (city_name,id_state) VALUES ('santo antonio de posse','1');
INSERT INTO ciudad (city_name,id_state) VALUES ('mesquita','5');
INSERT INTO ciudad (city_name,id_state) VALUES ('passa quatro','3');
INSERT INTO ciudad (city_name,id_state) VALUES ('belo oriente','3');
INSERT INTO ciudad (city_name,id_state) VALUES ('alto araguaia','17');
INSERT INTO ciudad (city_name,id_state) VALUES ('igarassu','16');
INSERT INTO ciudad (city_name,id_state) VALUES ('porto velho','21');
INSERT INTO ciudad (city_name,id_state) VALUES ('cajazeiras','22');
INSERT INTO ciudad (city_name,id_state) VALUES ('garopaba','2');
INSERT INTO ciudad (city_name,id_state) VALUES ('rio azul','4');
INSERT INTO ciudad (city_name,id_state) VALUES ('dois corregos','1');
INSERT INTO ciudad (city_name,id_state) VALUES ('sooretama','9');
INSERT INTO ciudad (city_name,id_state) VALUES ('cruzeiro do oeste','4');
INSERT INTO ciudad (city_name,id_state) VALUES ('nazare paulista','1');
INSERT INTO ciudad (city_name,id_state) VALUES ('riversul','1');
INSERT INTO ciudad (city_name,id_state) VALUES ('iguaracu','4');
INSERT INTO ciudad (city_name,id_state) VALUES ('maracas','10');
INSERT INTO ciudad (city_name,id_state) VALUES ('parana','23');
INSERT INTO ciudad (city_name,id_state) VALUES ('reboucas','4');
INSERT INTO ciudad (city_name,id_state) VALUES ('ametista do sul','6');
INSERT INTO ciudad (city_name,id_state) VALUES ('itu','1');
INSERT INTO ciudad (city_name,id_state) VALUES ('cacu','8');
INSERT INTO ciudad (city_name,id_state) VALUES ('vespasiano','3');
INSERT INTO ciudad (city_name,id_state) VALUES ('lindolfo collor','6');
INSERT INTO ciudad (city_name,id_state) VALUES ('sao lourenco','3');
INSERT INTO ciudad (city_name,id_state) VALUES ('santana do sobrado','10');
INSERT INTO ciudad (city_name,id_state) VALUES ('cafelandia','4');
INSERT INTO ciudad (city_name,id_state) VALUES ('ibiapina','13');
INSERT INTO ciudad (city_name,id_state) VALUES ('schroeder','2');
INSERT INTO ciudad (city_name,id_state) VALUES ('sao joao do oriente','3');
INSERT INTO ciudad (city_name,id_state) VALUES ('matao','1');
INSERT INTO ciudad (city_name,id_state) VALUES ('itanhandu','3');
INSERT INTO ciudad (city_name,id_state) VALUES ('santo angelo','6');
INSERT INTO ciudad (city_name,id_state) VALUES ('capinopolis','3');
INSERT INTO ciudad (city_name,id_state) VALUES ('colatina','9');
INSERT INTO ciudad (city_name,id_state) VALUES ('nova mutum','17');
INSERT INTO ciudad (city_name,id_state) VALUES ('munhoz de melo','4');
INSERT INTO ciudad (city_name,id_state) VALUES ('ibate','1');
INSERT INTO ciudad (city_name,id_state) VALUES ('unai','3');
INSERT INTO ciudad (city_name,id_state) VALUES ('medeiros neto','10');
INSERT INTO ciudad (city_name,id_state) VALUES ('anta','5');
INSERT INTO ciudad (city_name,id_state) VALUES ('ouroeste','1');
INSERT INTO ciudad (city_name,id_state) VALUES ('central','10');
INSERT INTO ciudad (city_name,id_state) VALUES ('nova independencia','1');
INSERT INTO ciudad (city_name,id_state) VALUES ('itapema','2');
INSERT INTO ciudad (city_name,id_state) VALUES ('sao jose do cedro','2');
INSERT INTO ciudad (city_name,id_state) VALUES ('camutanga','16');
INSERT INTO ciudad (city_name,id_state) VALUES ('ipumirim','2');
INSERT INTO ciudad (city_name,id_state) VALUES ('cristalia','3');
INSERT INTO ciudad (city_name,id_state) VALUES ('andira','4');
INSERT INTO ciudad (city_name,id_state) VALUES ('panelas','16');
INSERT INTO ciudad (city_name,id_state) VALUES ('comodoro','17');
INSERT INTO ciudad (city_name,id_state) VALUES ('domingos martins','9');
INSERT INTO ciudad (city_name,id_state) VALUES ('tangua','5');
INSERT INTO ciudad (city_name,id_state) VALUES ('sao gotardo','3');
INSERT INTO ciudad (city_name,id_state) VALUES ('araguaina','23');
INSERT INTO ciudad (city_name,id_state) VALUES ('ilheus','10');
INSERT INTO ciudad (city_name,id_state) VALUES ('louveira','1');
INSERT INTO ciudad (city_name,id_state) VALUES ('imbituba','2');
INSERT INTO ciudad (city_name,id_state) VALUES ('ouricuri','16');
INSERT INTO ciudad (city_name,id_state) VALUES ('itatinga','1');
INSERT INTO ciudad (city_name,id_state) VALUES ('santo cristo','6');
INSERT INTO ciudad (city_name,id_state) VALUES ('arraial dajuda','10');
INSERT INTO ciudad (city_name,id_state) VALUES ('piracanjuba','8');
INSERT INTO ciudad (city_name,id_state) VALUES ('russas','13');
INSERT INTO ciudad (city_name,id_state) VALUES ('lambari','3');
INSERT INTO ciudad (city_name,id_state) VALUES ('vargem alta','9');
INSERT INTO ciudad (city_name,id_state) VALUES ('sacra familia do tingua','5');
INSERT INTO ciudad (city_name,id_state) VALUES ('assis chateaubriand','4');
INSERT INTO ciudad (city_name,id_state) VALUES ('lago da pedra','11');
INSERT INTO ciudad (city_name,id_state) VALUES ('unistalda','6');
INSERT INTO ciudad (city_name,id_state) VALUES ('sao joao evangelista','3');
INSERT INTO ciudad (city_name,id_state) VALUES ('paramirim','10');
INSERT INTO ciudad (city_name,id_state) VALUES ('goias','8');
INSERT INTO ciudad (city_name,id_state) VALUES ('paracuru','13');
INSERT INTO ciudad (city_name,id_state) VALUES ('cruz alta','6');
INSERT INTO ciudad (city_name,id_state) VALUES ('presidente bernardes','1');
INSERT INTO ciudad (city_name,id_state) VALUES ('pains','3');
INSERT INTO ciudad (city_name,id_state) VALUES ('sao goncalo do rio preto','3');
INSERT INTO ciudad (city_name,id_state) VALUES ('jacinto machado','2');
INSERT INTO ciudad (city_name,id_state) VALUES ('sobralia','3');
INSERT INTO ciudad (city_name,id_state) VALUES ('maraba','7');
INSERT INTO ciudad (city_name,id_state) VALUES ('paraibuna','1');
INSERT INTO ciudad (city_name,id_state) VALUES ('toropi','6');
INSERT INTO ciudad (city_name,id_state) VALUES ('jauru','17');
INSERT INTO ciudad (city_name,id_state) VALUES ('cristalandia','23');
INSERT INTO ciudad (city_name,id_state) VALUES ('castelo do piaui','24');
INSERT INTO ciudad (city_name,id_state) VALUES ('ibipora','4');
INSERT INTO ciudad (city_name,id_state) VALUES ('presidente dutra','11');
INSERT INTO ciudad (city_name,id_state) VALUES ('vera cruz','10');
INSERT INTO ciudad (city_name,id_state) VALUES ('paulo frontin','4');
INSERT INTO ciudad (city_name,id_state) VALUES ('rio grande da serra','1');
INSERT INTO ciudad (city_name,id_state) VALUES ('ocaucu','1');
INSERT INTO ciudad (city_name,id_state) VALUES ('xinguara','7');
INSERT INTO ciudad (city_name,id_state) VALUES ('guaranesia','3');
INSERT INTO ciudad (city_name,id_state) VALUES ('extrema','3');
INSERT INTO ciudad (city_name,id_state) VALUES ('braco do rio','9');
INSERT INTO ciudad (city_name,id_state) VALUES ('timon','11');
INSERT INTO ciudad (city_name,id_state) VALUES ('ipora do oeste','2');
INSERT INTO ciudad (city_name,id_state) VALUES ('santa cruz da conceicao','1');
INSERT INTO ciudad (city_name,id_state) VALUES ('ivate','4');
INSERT INTO ciudad (city_name,id_state) VALUES ('erechim','6');
INSERT INTO ciudad (city_name,id_state) VALUES ('palmeiras','10');
INSERT INTO ciudad (city_name,id_state) VALUES ('guarani','3');
INSERT INTO ciudad (city_name,id_state) VALUES ('tremembe','1');
INSERT INTO ciudad (city_name,id_state) VALUES ('rio preto','3');
INSERT INTO ciudad (city_name,id_state) VALUES ('tucunduva','6');
INSERT INTO ciudad (city_name,id_state) VALUES ('sao tiago','3');
INSERT INTO ciudad (city_name,id_state) VALUES ('prados','3');
INSERT INTO ciudad (city_name,id_state) VALUES ('aguas belas','16');
INSERT INTO ciudad (city_name,id_state) VALUES ('xambre','4');
INSERT INTO ciudad (city_name,id_state) VALUES ('arvorezinha','6');
INSERT INTO ciudad (city_name,id_state) VALUES ('sao martinho','6');
INSERT INTO ciudad (city_name,id_state) VALUES ('antonio prado','6');
INSERT INTO ciudad (city_name,id_state) VALUES ('paulo lopes','2');
INSERT INTO ciudad (city_name,id_state) VALUES ('maravilha','2');
INSERT INTO ciudad (city_name,id_state) VALUES ('jeremoabo','10');
INSERT INTO ciudad (city_name,id_state) VALUES ('navirai','12');
INSERT INTO ciudad (city_name,id_state) VALUES ('itubera','10');
INSERT INTO ciudad (city_name,id_state) VALUES ('uruguaiana','6');
INSERT INTO ciudad (city_name,id_state) VALUES ('ji-parana','21');
INSERT INTO ciudad (city_name,id_state) VALUES ('tabuleiro','3');
INSERT INTO ciudad (city_name,id_state) VALUES ('campo ere','2');
INSERT INTO ciudad (city_name,id_state) VALUES ('california da barra','5');
INSERT INTO ciudad (city_name,id_state) VALUES ('rio claro','5');
INSERT INTO ciudad (city_name,id_state) VALUES ('nova londrina','4');
INSERT INTO ciudad (city_name,id_state) VALUES ('divinopolis de goias','8');
INSERT INTO ciudad (city_name,id_state) VALUES ('uruana','8');
INSERT INTO ciudad (city_name,id_state) VALUES ('presidente prudente','1');
INSERT INTO ciudad (city_name,id_state) VALUES ('sao joao de petropolis','9');
INSERT INTO ciudad (city_name,id_state) VALUES ('luis eduardo magalhaes','10');
INSERT INTO ciudad (city_name,id_state) VALUES ('matupa','17');
INSERT INTO ciudad (city_name,id_state) VALUES ('quatro barras','4');
INSERT INTO ciudad (city_name,id_state) VALUES ('costa rica','12');
INSERT INTO ciudad (city_name,id_state) VALUES ('novo oriente','13');
INSERT INTO ciudad (city_name,id_state) VALUES ('capao bonito','1');
INSERT INTO ciudad (city_name,id_state) VALUES ('taua','13');
INSERT INTO ciudad (city_name,id_state) VALUES ('igarapava','1');
INSERT INTO ciudad (city_name,id_state) VALUES ('jacui','3');
INSERT INTO ciudad (city_name,id_state) VALUES ('aragarcas','8');
INSERT INTO ciudad (city_name,id_state) VALUES ('independencia','13');
INSERT INTO ciudad (city_name,id_state) VALUES ('lagoa de velhos','15');
INSERT INTO ciudad (city_name,id_state) VALUES ('cantagalo','5');
INSERT INTO ciudad (city_name,id_state) VALUES ('paulo afonso','10');
INSERT INTO ciudad (city_name,id_state) VALUES ('caldas novas','8');
INSERT INTO ciudad (city_name,id_state) VALUES ('dores de guanhaes','3');
INSERT INTO ciudad (city_name,id_state) VALUES ('aguas de lindoia','1');
INSERT INTO ciudad (city_name,id_state) VALUES ('sao jose da bela vista','1');
INSERT INTO ciudad (city_name,id_state) VALUES ('montanha','9');
INSERT INTO ciudad (city_name,id_state) VALUES ('santana','19');
INSERT INTO ciudad (city_name,id_state) VALUES ('jaci','1');
INSERT INTO ciudad (city_name,id_state) VALUES ('feira nova','16');
INSERT INTO ciudad (city_name,id_state) VALUES ('cachoeira da prata','3');
INSERT INTO ciudad (city_name,id_state) VALUES ('carazinho','6');
INSERT INTO ciudad (city_name,id_state) VALUES ('cunha','1');
INSERT INTO ciudad (city_name,id_state) VALUES ('bom jesus da penha','3');
INSERT INTO ciudad (city_name,id_state) VALUES ('santa isabel do para','7');
INSERT INTO ciudad (city_name,id_state) VALUES ('caxias','11');
INSERT INTO ciudad (city_name,id_state) VALUES ('pacaembu','1');
INSERT INTO ciudad (city_name,id_state) VALUES ('mucuri','10');
INSERT INTO ciudad (city_name,id_state) VALUES ('santaluz','10');
INSERT INTO ciudad (city_name,id_state) VALUES ('tocantinopolis','23');
INSERT INTO ciudad (city_name,id_state) VALUES ('aruja','1');
INSERT INTO ciudad (city_name,id_state) VALUES ('palmeira','4');
INSERT INTO ciudad (city_name,id_state) VALUES ('araripina','16');
INSERT INTO ciudad (city_name,id_state) VALUES ('bom conselho','16');
INSERT INTO ciudad (city_name,id_state) VALUES ('piripa','10');
INSERT INTO ciudad (city_name,id_state) VALUES ('ponto belo','9');
INSERT INTO ciudad (city_name,id_state) VALUES ('mangueirinha','4');
INSERT INTO ciudad (city_name,id_state) VALUES ('monte siao','3');
INSERT INTO ciudad (city_name,id_state) VALUES ('cianorte','4');
INSERT INTO ciudad (city_name,id_state) VALUES ('aguas da prata','1');
INSERT INTO ciudad (city_name,id_state) VALUES ('catende','16');
INSERT INTO ciudad (city_name,id_state) VALUES ('urupes','1');
INSERT INTO ciudad (city_name,id_state) VALUES ('vila rica','17');
INSERT INTO ciudad (city_name,id_state) VALUES ('macedonia','1');
INSERT INTO ciudad (city_name,id_state) VALUES ('sao joao','16');
INSERT INTO ciudad (city_name,id_state) VALUES ('vila nova','4');
INSERT INTO ciudad (city_name,id_state) VALUES ('sao francisco de itabapoana','5');
INSERT INTO ciudad (city_name,id_state) VALUES ('esmeraldas','3');
INSERT INTO ciudad (city_name,id_state) VALUES ('portela','5');
INSERT INTO ciudad (city_name,id_state) VALUES ('borborema','1');
INSERT INTO ciudad (city_name,id_state) VALUES ('santa cruz cabralia','10');
INSERT INTO ciudad (city_name,id_state) VALUES ('palmital','1');
INSERT INTO ciudad (city_name,id_state) VALUES ('cicero dantas','10');
INSERT INTO ciudad (city_name,id_state) VALUES ('cachoeira alta','8');
INSERT INTO ciudad (city_name,id_state) VALUES ('niquelandia','8');
INSERT INTO ciudad (city_name,id_state) VALUES ('paraguacu paulista','1');
INSERT INTO ciudad (city_name,id_state) VALUES ('ilha solteira','1');
INSERT INTO ciudad (city_name,id_state) VALUES ('santo antonio do leverger','17');
INSERT INTO ciudad (city_name,id_state) VALUES ('girua','6');
INSERT INTO ciudad (city_name,id_state) VALUES ('serranopolis de minas','3');
INSERT INTO ciudad (city_name,id_state) VALUES ('morada nova','13');
INSERT INTO ciudad (city_name,id_state) VALUES ('sarandi','4');
INSERT INTO ciudad (city_name,id_state) VALUES ('sao pedro da agua branca','11');
INSERT INTO ciudad (city_name,id_state) VALUES ('antonio carlos','2');
INSERT INTO ciudad (city_name,id_state) VALUES ('jacarezinho','4');
INSERT INTO ciudad (city_name,id_state) VALUES ('ibirarema','1');
INSERT INTO ciudad (city_name,id_state) VALUES ('caraiba','16');
INSERT INTO ciudad (city_name,id_state) VALUES ('gaucha do norte','17');
INSERT INTO ciudad (city_name,id_state) VALUES ('matias barbosa','3');
INSERT INTO ciudad (city_name,id_state) VALUES ('santa tereza do oeste','4');
INSERT INTO ciudad (city_name,id_state) VALUES ('aguas de sao pedro','1');
INSERT INTO ciudad (city_name,id_state) VALUES ('candeias','3');
INSERT INTO ciudad (city_name,id_state) VALUES ('varzea paulista','1');
INSERT INTO ciudad (city_name,id_state) VALUES ('pilar do sul','1');
INSERT INTO ciudad (city_name,id_state) VALUES ('macau','15');
INSERT INTO ciudad (city_name,id_state) VALUES ('jandaia do sul','4');
INSERT INTO ciudad (city_name,id_state) VALUES ('jeceaba','3');
INSERT INTO ciudad (city_name,id_state) VALUES ('vila dos cabanos','7');
INSERT INTO ciudad (city_name,id_state) VALUES ('carinhanha','10');
INSERT INTO ciudad (city_name,id_state) VALUES ('arace','9');
INSERT INTO ciudad (city_name,id_state) VALUES ('abreu e lima','16');
INSERT INTO ciudad (city_name,id_state) VALUES ('salto do lontra','4');
INSERT INTO ciudad (city_name,id_state) VALUES ('santo expedito do sul','6');
INSERT INTO ciudad (city_name,id_state) VALUES ('tiete','1');
INSERT INTO ciudad (city_name,id_state) VALUES ('juatuba','3');
INSERT INTO ciudad (city_name,id_state) VALUES ('bom jesus da lapa','10');
INSERT INTO ciudad (city_name,id_state) VALUES ('nova santa rosa','4');
INSERT INTO ciudad (city_name,id_state) VALUES ('garanhuns','16');
INSERT INTO ciudad (city_name,id_state) VALUES ('abaete','3');
INSERT INTO ciudad (city_name,id_state) VALUES ('lajedo','16');
INSERT INTO ciudad (city_name,id_state) VALUES ('barra do tarrachil','10');
INSERT INTO ciudad (city_name,id_state) VALUES ('carandai','3');
INSERT INTO ciudad (city_name,id_state) VALUES ('tupassi','4');
INSERT INTO ciudad (city_name,id_state) VALUES ('saubara','10');
INSERT INTO ciudad (city_name,id_state) VALUES ('sao simao','8');
INSERT INTO ciudad (city_name,id_state) VALUES ('barra velha','2');
INSERT INTO ciudad (city_name,id_state) VALUES ('itaja','8');
INSERT INTO ciudad (city_name,id_state) VALUES ('coroata','11');
INSERT INTO ciudad (city_name,id_state) VALUES ('braganca','7');
INSERT INTO ciudad (city_name,id_state) VALUES ('rio pardo de minas','3');
INSERT INTO ciudad (city_name,id_state) VALUES ('mamanguape','22');
INSERT INTO ciudad (city_name,id_state) VALUES ('duere','23');
INSERT INTO ciudad (city_name,id_state) VALUES ('anage','10');
INSERT INTO ciudad (city_name,id_state) VALUES ('santo antonio do jacinto','3');
INSERT INTO ciudad (city_name,id_state) VALUES ('cesario lange','1');
INSERT INTO ciudad (city_name,id_state) VALUES ('sao raimundo nonato','24');
INSERT INTO ciudad (city_name,id_state) VALUES ('escada','16');
INSERT INTO ciudad (city_name,id_state) VALUES ('cangucu','6');
INSERT INTO ciudad (city_name,id_state) VALUES ('cantagalo','3');
INSERT INTO ciudad (city_name,id_state) VALUES ('apore','8');
INSERT INTO ciudad (city_name,id_state) VALUES ('cajapio','11');
INSERT INTO ciudad (city_name,id_state) VALUES ('sao gabriel','6');
INSERT INTO ciudad (city_name,id_state) VALUES ('santa albertina','1');
INSERT INTO ciudad (city_name,id_state) VALUES ('capao da porteira','6');
INSERT INTO ciudad (city_name,id_state) VALUES ('nova brasilandia doeste','21');
INSERT INTO ciudad (city_name,id_state) VALUES ('cordeiropolis','1');
INSERT INTO ciudad (city_name,id_state) VALUES ('dois irmaos','6');
INSERT INTO ciudad (city_name,id_state) VALUES ('canhotinho','16');
INSERT INTO ciudad (city_name,id_state) VALUES ('barra do corda','11');
INSERT INTO ciudad (city_name,id_state) VALUES ('espirito santo do pinhal','1');
INSERT INTO ciudad (city_name,id_state) VALUES ('xanxere','2');
INSERT INTO ciudad (city_name,id_state) VALUES ('mansidao','10');
INSERT INTO ciudad (city_name,id_state) VALUES ('guararema','1');
INSERT INTO ciudad (city_name,id_state) VALUES ('mostardas','6');
INSERT INTO ciudad (city_name,id_state) VALUES ('rio do campo','2');
INSERT INTO ciudad (city_name,id_state) VALUES ('currais novos','15');
INSERT INTO ciudad (city_name,id_state) VALUES ('agua branca','20');
INSERT INTO ciudad (city_name,id_state) VALUES ('crateus','13');
INSERT INTO ciudad (city_name,id_state) VALUES ('garibaldi','6');
INSERT INTO ciudad (city_name,id_state) VALUES ('estancia velha','6');
INSERT INTO ciudad (city_name,id_state) VALUES ('papanduva','2');
INSERT INTO ciudad (city_name,id_state) VALUES ('miranda do norte','11');
INSERT INTO ciudad (city_name,id_state) VALUES ('itambe','10');
INSERT INTO ciudad (city_name,id_state) VALUES ('senador canedo','8');
INSERT INTO ciudad (city_name,id_state) VALUES ('guaraniacu','4');
INSERT INTO ciudad (city_name,id_state) VALUES ('paraisopolis','3');
INSERT INTO ciudad (city_name,id_state) VALUES ('antonina','4');
INSERT INTO ciudad (city_name,id_state) VALUES ('tapejara','6');
INSERT INTO ciudad (city_name,id_state) VALUES ('cabreuva','1');
INSERT INTO ciudad (city_name,id_state) VALUES ('cassia','3');
INSERT INTO ciudad (city_name,id_state) VALUES ('mata roma','11');
INSERT INTO ciudad (city_name,id_state) VALUES ('balneario pinhal','6');
INSERT INTO ciudad (city_name,id_state) VALUES ('cajati','1');
INSERT INTO ciudad (city_name,id_state) VALUES ('aracoiaba','13');
INSERT INTO ciudad (city_name,id_state) VALUES ('monte alegre de minas','3');
INSERT INTO ciudad (city_name,id_state) VALUES ('nova araca','6');
INSERT INTO ciudad (city_name,id_state) VALUES ('teotonio vilela','20');
INSERT INTO ciudad (city_name,id_state) VALUES ('jaguariuna','1');
INSERT INTO ciudad (city_name,id_state) VALUES ('aguas formosas','3');
INSERT INTO ciudad (city_name,id_state) VALUES ('pojuca','10');
INSERT INTO ciudad (city_name,id_state) VALUES ('guapo','8');
INSERT INTO ciudad (city_name,id_state) VALUES ('anastacio','12');
INSERT INTO ciudad (city_name,id_state) VALUES ('aguas lindas de goias','8');
INSERT INTO ciudad (city_name,id_state) VALUES ('agua boa','17');
INSERT INTO ciudad (city_name,id_state) VALUES ('jaguaribe','13');
INSERT INTO ciudad (city_name,id_state) VALUES ('senador jose porfirio','7');
INSERT INTO ciudad (city_name,id_state) VALUES ('itapirapua','8');
INSERT INTO ciudad (city_name,id_state) VALUES ('hidrolina','8');
INSERT INTO ciudad (city_name,id_state) VALUES ('vista alegre','6');
INSERT INTO ciudad (city_name,id_state) VALUES ('iacu','10');
INSERT INTO ciudad (city_name,id_state) VALUES ('palmeira das missoes','6');
INSERT INTO ciudad (city_name,id_state) VALUES ('toritama','16');
INSERT INTO ciudad (city_name,id_state) VALUES ('prudente de morais','3');
INSERT INTO ciudad (city_name,id_state) VALUES ('itapejara doeste','4');
INSERT INTO ciudad (city_name,id_state) VALUES ('humaita','18');
INSERT INTO ciudad (city_name,id_state) VALUES ('sao thome das letras','3');
INSERT INTO ciudad (city_name,id_state) VALUES ('passos','3');
INSERT INTO ciudad (city_name,id_state) VALUES ('cristalina','8');
INSERT INTO ciudad (city_name,id_state) VALUES ('benedito novo','2');
INSERT INTO ciudad (city_name,id_state) VALUES ('santo amaro','10');
INSERT INTO ciudad (city_name,id_state) VALUES ('marinopolis','1');
INSERT INTO ciudad (city_name,id_state) VALUES ('divinolandia de minas','3');
INSERT INTO ciudad (city_name,id_state) VALUES ('itutinga','3');
INSERT INTO ciudad (city_name,id_state) VALUES ('santana do paraiso','3');
INSERT INTO ciudad (city_name,id_state) VALUES ('itaperuna','5');
INSERT INTO ciudad (city_name,id_state) VALUES ('lupionopolis','4');
INSERT INTO ciudad (city_name,id_state) VALUES ('itirapina','1');
INSERT INTO ciudad (city_name,id_state) VALUES ('alto paraiso','21');
INSERT INTO ciudad (city_name,id_state) VALUES ('visconde do rio branco','3');
INSERT INTO ciudad (city_name,id_state) VALUES ('taiobeiras','3');
INSERT INTO ciudad (city_name,id_state) VALUES ('eloi mendes','3');
INSERT INTO ciudad (city_name,id_state) VALUES ('campina verde','3');
INSERT INTO ciudad (city_name,id_state) VALUES ('mae do rio','7');
INSERT INTO ciudad (city_name,id_state) VALUES ('orizona','8');
INSERT INTO ciudad (city_name,id_state) VALUES ('sapopema','4');
INSERT INTO ciudad (city_name,id_state) VALUES ('boa vista do sul','6');
INSERT INTO ciudad (city_name,id_state) VALUES ('teutonia','6');
INSERT INTO ciudad (city_name,id_state) VALUES ('nepomuceno','3');
INSERT INTO ciudad (city_name,id_state) VALUES ('paula candido','3');
INSERT INTO ciudad (city_name,id_state) VALUES ('itapeva','1');
INSERT INTO ciudad (city_name,id_state) VALUES ('aurora','13');
INSERT INTO ciudad (city_name,id_state) VALUES ('igapora','10');
INSERT INTO ciudad (city_name,id_state) VALUES ('bom jesus do galho','3');
INSERT INTO ciudad (city_name,id_state) VALUES ('bezerros','16');
INSERT INTO ciudad (city_name,id_state) VALUES ('piranga','3');
INSERT INTO ciudad (city_name,id_state) VALUES ('pereira barreto','1');
INSERT INTO ciudad (city_name,id_state) VALUES ('itamari','10');
INSERT INTO ciudad (city_name,id_state) VALUES ('itaguacu da bahia','10');
INSERT INTO ciudad (city_name,id_state) VALUES ('lindoia do sul','2');
INSERT INTO ciudad (city_name,id_state) VALUES ('mirassol doeste','17');
INSERT INTO ciudad (city_name,id_state) VALUES ('capitolio','3');
INSERT INTO ciudad (city_name,id_state) VALUES ('mariana','3');
INSERT INTO ciudad (city_name,id_state) VALUES ('eldorado do sul','6');
INSERT INTO ciudad (city_name,id_state) VALUES ('sao miguel arcanjo','1');
INSERT INTO ciudad (city_name,id_state) VALUES ('aparecida','1');
INSERT INTO ciudad (city_name,id_state) VALUES ('encantado','6');
INSERT INTO ciudad (city_name,id_state) VALUES ('bastos','1');
INSERT INTO ciudad (city_name,id_state) VALUES ('santo antonio do sudoeste','4');
INSERT INTO ciudad (city_name,id_state) VALUES ('jesuitas','4');
INSERT INTO ciudad (city_name,id_state) VALUES ('ibirama','2');
INSERT INTO ciudad (city_name,id_state) VALUES ('chapada dos guimaraes','17');
INSERT INTO ciudad (city_name,id_state) VALUES ('piritiba','10');
INSERT INTO ciudad (city_name,id_state) VALUES ('aimores','3');
INSERT INTO ciudad (city_name,id_state) VALUES ('madre de deus','10');
INSERT INTO ciudad (city_name,id_state) VALUES ('uruana de minas','3');
INSERT INTO ciudad (city_name,id_state) VALUES ('gramado xavier','6');
INSERT INTO ciudad (city_name,id_state) VALUES ('planalto','6');
INSERT INTO ciudad (city_name,id_state) VALUES ('goitacazes','5');
INSERT INTO ciudad (city_name,id_state) VALUES ('presidente venceslau','1');
INSERT INTO ciudad (city_name,id_state) VALUES ('buri','1');
INSERT INTO ciudad (city_name,id_state) VALUES ('medeiros','3');
INSERT INTO ciudad (city_name,id_state) VALUES ('balneario picarras','2');
INSERT INTO ciudad (city_name,id_state) VALUES ('cacoal','21');
INSERT INTO ciudad (city_name,id_state) VALUES ('bandeirantes','12');
INSERT INTO ciudad (city_name,id_state) VALUES ('santa cecilia','2');
INSERT INTO ciudad (city_name,id_state) VALUES ('alegrete','6');
INSERT INTO ciudad (city_name,id_state) VALUES ('sao joaquim','2');
INSERT INTO ciudad (city_name,id_state) VALUES ('maria da fe','3');
INSERT INTO ciudad (city_name,id_state) VALUES ('guarai','23');
INSERT INTO ciudad (city_name,id_state) VALUES ('colinas','6');
INSERT INTO ciudad (city_name,id_state) VALUES ('raposos','3');
INSERT INTO ciudad (city_name,id_state) VALUES ('palestina','1');
INSERT INTO ciudad (city_name,id_state) VALUES ('sao bento do una','16');
INSERT INTO ciudad (city_name,id_state) VALUES ('quitandinha','4');
INSERT INTO ciudad (city_name,id_state) VALUES ('pompeia','1');
INSERT INTO ciudad (city_name,id_state) VALUES ('colonia leopoldina','20');
INSERT INTO ciudad (city_name,id_state) VALUES ('rio branco do sul','4');
INSERT INTO ciudad (city_name,id_state) VALUES ('ituporanga','2');
INSERT INTO ciudad (city_name,id_state) VALUES ('quilometro 14 do mutum','9');
INSERT INTO ciudad (city_name,id_state) VALUES ('sao jose do egito','16');
INSERT INTO ciudad (city_name,id_state) VALUES ('sao francisco do humaita','3');
INSERT INTO ciudad (city_name,id_state) VALUES ('simonesia','3');
INSERT INTO ciudad (city_name,id_state) VALUES ('lagoa grande','16');
INSERT INTO ciudad (city_name,id_state) VALUES ('guara','1');
INSERT INTO ciudad (city_name,id_state) VALUES ('penha','2');
INSERT INTO ciudad (city_name,id_state) VALUES ('iguai','10');
INSERT INTO ciudad (city_name,id_state) VALUES ('remanso','10');
INSERT INTO ciudad (city_name,id_state) VALUES ('sao miguel do gostoso','15');
INSERT INTO ciudad (city_name,id_state) VALUES ('pongai','1');
INSERT INTO ciudad (city_name,id_state) VALUES ('gandu','10');
INSERT INTO ciudad (city_name,id_state) VALUES ('alto alegre do maranhao','11');
INSERT INTO ciudad (city_name,id_state) VALUES ('otacilio costa','2');
INSERT INTO ciudad (city_name,id_state) VALUES ('lajinha','3');
INSERT INTO ciudad (city_name,id_state) VALUES ('ruy barbosa','10');
INSERT INTO ciudad (city_name,id_state) VALUES ('santana do araguaia','7');
INSERT INTO ciudad (city_name,id_state) VALUES ('triunfo','6');
INSERT INTO ciudad (city_name,id_state) VALUES ('viana','9');
INSERT INTO ciudad (city_name,id_state) VALUES ('sao jose de ribamar','11');
INSERT INTO ciudad (city_name,id_state) VALUES ('murici','20');
INSERT INTO ciudad (city_name,id_state) VALUES ('arapoema','23');
INSERT INTO ciudad (city_name,id_state) VALUES ('cuite velho','3');
INSERT INTO ciudad (city_name,id_state) VALUES ('santana do manhuacu','3');
INSERT INTO ciudad (city_name,id_state) VALUES ('nazareno','3');
INSERT INTO ciudad (city_name,id_state) VALUES ('campo alegre','20');
INSERT INTO ciudad (city_name,id_state) VALUES ('candelaria','6');
INSERT INTO ciudad (city_name,id_state) VALUES ('pranchita','4');
INSERT INTO ciudad (city_name,id_state) VALUES ('augusto pestana','6');
INSERT INTO ciudad (city_name,id_state) VALUES ('barcarena','7');
INSERT INTO ciudad (city_name,id_state) VALUES ('laguna','2');
INSERT INTO ciudad (city_name,id_state) VALUES ('parnaiba','24');
INSERT INTO ciudad (city_name,id_state) VALUES ('tanabi','1');
INSERT INTO ciudad (city_name,id_state) VALUES ('paty do alferes','5');
INSERT INTO ciudad (city_name,id_state) VALUES ('seara','2');
INSERT INTO ciudad (city_name,id_state) VALUES ('itinga','3');
INSERT INTO ciudad (city_name,id_state) VALUES ('mossamedes','8');
INSERT INTO ciudad (city_name,id_state) VALUES ('andradas','3');
INSERT INTO ciudad (city_name,id_state) VALUES ('santana do mundau','20');
INSERT INTO ciudad (city_name,id_state) VALUES ('papucaia','5');
INSERT INTO ciudad (city_name,id_state) VALUES ('nova prata','6');
INSERT INTO ciudad (city_name,id_state) VALUES ('angelo frechiani','9');
INSERT INTO ciudad (city_name,id_state) VALUES ('nova serrana','3');
INSERT INTO ciudad (city_name,id_state) VALUES ('cristina','3');
INSERT INTO ciudad (city_name,id_state) VALUES ('itaporanga','22');
INSERT INTO ciudad (city_name,id_state) VALUES ('areal','5');
INSERT INTO ciudad (city_name,id_state) VALUES ('sao joao del rei','3');
INSERT INTO ciudad (city_name,id_state) VALUES ('salesopolis','1');
INSERT INTO ciudad (city_name,id_state) VALUES ('marmeleiro','4');
INSERT INTO ciudad (city_name,id_state) VALUES ('conceicao do para','3');
INSERT INTO ciudad (city_name,id_state) VALUES ('juti','12');
INSERT INTO ciudad (city_name,id_state) VALUES ('nova alvorada do sul','12');
INSERT INTO ciudad (city_name,id_state) VALUES ('campinorte','8');
INSERT INTO ciudad (city_name,id_state) VALUES ('martinopolis','1');
INSERT INTO ciudad (city_name,id_state) VALUES ('pirapora','3');
INSERT INTO ciudad (city_name,id_state) VALUES ('paraguacu','3');
INSERT INTO ciudad (city_name,id_state) VALUES ('barra dos coqueiros','26');
INSERT INTO ciudad (city_name,id_state) VALUES ('anta gorda','6');
INSERT INTO ciudad (city_name,id_state) VALUES ('miguel calmon','10');
INSERT INTO ciudad (city_name,id_state) VALUES ('cabeceira grande','3');
INSERT INTO ciudad (city_name,id_state) VALUES ('sao cristovao do sul','2');
INSERT INTO ciudad (city_name,id_state) VALUES ('ilopolis','6');
INSERT INTO ciudad (city_name,id_state) VALUES ('curiuva','4');
INSERT INTO ciudad (city_name,id_state) VALUES ('resplendor','3');
INSERT INTO ciudad (city_name,id_state) VALUES ('itai','1');
INSERT INTO ciudad (city_name,id_state) VALUES ('monte alegre do sul','1');
INSERT INTO ciudad (city_name,id_state) VALUES ('sao sebastiao da grama','1');
INSERT INTO ciudad (city_name,id_state) VALUES ('mafra','2');
INSERT INTO ciudad (city_name,id_state) VALUES ('araci','10');
INSERT INTO ciudad (city_name,id_state) VALUES ('buritama','1');
INSERT INTO ciudad (city_name,id_state) VALUES ('luiziania','1');
INSERT INTO ciudad (city_name,id_state) VALUES ('buritis','3');
INSERT INTO ciudad (city_name,id_state) VALUES ('morrinhos','8');
INSERT INTO ciudad (city_name,id_state) VALUES ('sao lourenco da mata','16');
INSERT INTO ciudad (city_name,id_state) VALUES ('praia grande','9');
INSERT INTO ciudad (city_name,id_state) VALUES ('santa cruz','15');
INSERT INTO ciudad (city_name,id_state) VALUES ('tuiuti','1');
INSERT INTO ciudad (city_name,id_state) VALUES ('nova cantu','4');
INSERT INTO ciudad (city_name,id_state) VALUES ('pinheiral','5');
INSERT INTO ciudad (city_name,id_state) VALUES ('trombudo central','2');
INSERT INTO ciudad (city_name,id_state) VALUES ('acu','15');
INSERT INTO ciudad (city_name,id_state) VALUES ('cristal','6');
INSERT INTO ciudad (city_name,id_state) VALUES ('santo andre','22');
INSERT INTO ciudad (city_name,id_state) VALUES ('parambu','13');
INSERT INTO ciudad (city_name,id_state) VALUES ('sumidouro','5');
INSERT INTO ciudad (city_name,id_state) VALUES ('lagarto','26');
INSERT INTO ciudad (city_name,id_state) VALUES ('putinga','6');
INSERT INTO ciudad (city_name,id_state) VALUES ('caxambu','3');
INSERT INTO ciudad (city_name,id_state) VALUES ('presidente castello branco','2');
INSERT INTO ciudad (city_name,id_state) VALUES ('capinzal','2');
INSERT INTO ciudad (city_name,id_state) VALUES ('nova veneza','2');
INSERT INTO ciudad (city_name,id_state) VALUES ('andorinha','10');
INSERT INTO ciudad (city_name,id_state) VALUES ('telemaco borba','4');
INSERT INTO ciudad (city_name,id_state) VALUES ('santa gertrudes','1');
INSERT INTO ciudad (city_name,id_state) VALUES ('nova era','3');
INSERT INTO ciudad (city_name,id_state) VALUES ('itapiranga','2');
INSERT INTO ciudad (city_name,id_state) VALUES ('camamu','10');
INSERT INTO ciudad (city_name,id_state) VALUES ('rosana','1');
INSERT INTO ciudad (city_name,id_state) VALUES ('cachoeirinha','6');
INSERT INTO ciudad (city_name,id_state) VALUES ('alem paraiba','3');
INSERT INTO ciudad (city_name,id_state) VALUES ('itamaraju','10');
INSERT INTO ciudad (city_name,id_state) VALUES ('acopiara','13');
INSERT INTO ciudad (city_name,id_state) VALUES ('barra de sao joao','5');
INSERT INTO ciudad (city_name,id_state) VALUES ('arrozal','5');
INSERT INTO ciudad (city_name,id_state) VALUES ('santana do livramento','6');
INSERT INTO ciudad (city_name,id_state) VALUES ('itabela','10');
INSERT INTO ciudad (city_name,id_state) VALUES ('nova andradina','12');
INSERT INTO ciudad (city_name,id_state) VALUES ('manhumirim','3');
INSERT INTO ciudad (city_name,id_state) VALUES ('olaria','3');
INSERT INTO ciudad (city_name,id_state) VALUES ('caninde','13');
INSERT INTO ciudad (city_name,id_state) VALUES ('itaqui','6');
INSERT INTO ciudad (city_name,id_state) VALUES ('tucuma','7');
INSERT INTO ciudad (city_name,id_state) VALUES ('santa isabel do ivai','4');
INSERT INTO ciudad (city_name,id_state) VALUES ('santa terezinha','16');
INSERT INTO ciudad (city_name,id_state) VALUES ('goianira','8');
INSERT INTO ciudad (city_name,id_state) VALUES ('jacutinga','3');
INSERT INTO ciudad (city_name,id_state) VALUES ('bonito de santa fe','22');
INSERT INTO ciudad (city_name,id_state) VALUES ('valao do barro','5');
INSERT INTO ciudad (city_name,id_state) VALUES ('milagres','10');
INSERT INTO ciudad (city_name,id_state) VALUES ('piedade','1');
INSERT INTO ciudad (city_name,id_state) VALUES ('conceicao da barra','9');
INSERT INTO ciudad (city_name,id_state) VALUES ('torrinha','1');
INSERT INTO ciudad (city_name,id_state) VALUES ('engenheiro passos','5');
INSERT INTO ciudad (city_name,id_state) VALUES ('cristais','3');
INSERT INTO ciudad (city_name,id_state) VALUES ('canaa dos carajas','7');
INSERT INTO ciudad (city_name,id_state) VALUES ('alto parana','4');
INSERT INTO ciudad (city_name,id_state) VALUES ('senador cortes','3');
INSERT INTO ciudad (city_name,id_state) VALUES ('bom jesus do itabapoana','5');
INSERT INTO ciudad (city_name,id_state) VALUES ('frei inocencio','3');
INSERT INTO ciudad (city_name,id_state) VALUES ('luziania','8');
INSERT INTO ciudad (city_name,id_state) VALUES ('taiuva','1');
INSERT INTO ciudad (city_name,id_state) VALUES ('conceicao do mato dentro','3');
INSERT INTO ciudad (city_name,id_state) VALUES ('orindiuva','1');
INSERT INTO ciudad (city_name,id_state) VALUES ('zortea','2');
INSERT INTO ciudad (city_name,id_state) VALUES ('brumadinho','3');
INSERT INTO ciudad (city_name,id_state) VALUES ('bandeirantes','4');
INSERT INTO ciudad (city_name,id_state) VALUES ('ceu azul','4');
INSERT INTO ciudad (city_name,id_state) VALUES ('boa esperanca','9');
INSERT INTO ciudad (city_name,id_state) VALUES ('campina da lagoa','4');
INSERT INTO ciudad (city_name,id_state) VALUES ('santo antonio do jardim','1');
INSERT INTO ciudad (city_name,id_state) VALUES ('primavera','1');
INSERT INTO ciudad (city_name,id_state) VALUES ('formoso','3');
INSERT INTO ciudad (city_name,id_state) VALUES ('portao','6');
INSERT INTO ciudad (city_name,id_state) VALUES ('porto amazonas','4');
INSERT INTO ciudad (city_name,id_state) VALUES ('sinimbu','6');
INSERT INTO ciudad (city_name,id_state) VALUES ('barra bonita','1');
INSERT INTO ciudad (city_name,id_state) VALUES ('apiai','1');
INSERT INTO ciudad (city_name,id_state) VALUES ('porto real','5');
INSERT INTO ciudad (city_name,id_state) VALUES ('umbauba','26');
INSERT INTO ciudad (city_name,id_state) VALUES ('boqueirao do leao','6');
INSERT INTO ciudad (city_name,id_state) VALUES ('sabara','3');
INSERT INTO ciudad (city_name,id_state) VALUES ('terra nova do norte','17');
INSERT INTO ciudad (city_name,id_state) VALUES ('conservatoria','5');
INSERT INTO ciudad (city_name,id_state) VALUES ('juquia','1');
INSERT INTO ciudad (city_name,id_state) VALUES ('joacaba','2');
INSERT INTO ciudad (city_name,id_state) VALUES ('sao luiz gonzaga','6');
INSERT INTO ciudad (city_name,id_state) VALUES ('camapua','12');
INSERT INTO ciudad (city_name,id_state) VALUES ('igarape','3');
INSERT INTO ciudad (city_name,id_state) VALUES ('santa ernestina','1');
INSERT INTO ciudad (city_name,id_state) VALUES ('colonia vitoria','4');
INSERT INTO ciudad (city_name,id_state) VALUES ('itamonte','3');
INSERT INTO ciudad (city_name,id_state) VALUES ('sao joao dalianca','8');
INSERT INTO ciudad (city_name,id_state) VALUES ('corumbaiba','8');
INSERT INTO ciudad (city_name,id_state) VALUES ('serra negra','1');
INSERT INTO ciudad (city_name,id_state) VALUES ('general carneiro','4');
INSERT INTO ciudad (city_name,id_state) VALUES ('porciuncula','5');
INSERT INTO ciudad (city_name,id_state) VALUES ('paranaita','17');
INSERT INTO ciudad (city_name,id_state) VALUES ('imperatriz','11');
INSERT INTO ciudad (city_name,id_state) VALUES ('posse','8');
INSERT INTO ciudad (city_name,id_state) VALUES ('fortuna','11');
INSERT INTO ciudad (city_name,id_state) VALUES ('vermelho','3');
INSERT INTO ciudad (city_name,id_state) VALUES ('trindade do sul','6');
INSERT INTO ciudad (city_name,id_state) VALUES ('munhoz','3');
INSERT INTO ciudad (city_name,id_state) VALUES ('joao pinheiro','3');
INSERT INTO ciudad (city_name,id_state) VALUES ('bocaiuva','3');
INSERT INTO ciudad (city_name,id_state) VALUES ('brejo dos santos','22');
INSERT INTO ciudad (city_name,id_state) VALUES ('itororo','10');
INSERT INTO ciudad (city_name,id_state) VALUES ('duartina','1');
INSERT INTO ciudad (city_name,id_state) VALUES ('campestre da serra','6');
INSERT INTO ciudad (city_name,id_state) VALUES ('cabedelo','22');
INSERT INTO ciudad (city_name,id_state) VALUES ('petrolandia','16');
INSERT INTO ciudad (city_name,id_state) VALUES ('dores do indaia','3');
INSERT INTO ciudad (city_name,id_state) VALUES ('caridade','13');
INSERT INTO ciudad (city_name,id_state) VALUES ('pato bragado','4');
INSERT INTO ciudad (city_name,id_state) VALUES ('jardinopolis','1');
INSERT INTO ciudad (city_name,id_state) VALUES ('ibema','4');
INSERT INTO ciudad (city_name,id_state) VALUES ('itapeva','3');
INSERT INTO ciudad (city_name,id_state) VALUES ('sobradinho','14');
INSERT INTO ciudad (city_name,id_state) VALUES ('pinhao','4');
INSERT INTO ciudad (city_name,id_state) VALUES ('carapebus','5');
INSERT INTO ciudad (city_name,id_state) VALUES ('inaciolandia','8');
INSERT INTO ciudad (city_name,id_state) VALUES ('novo repartimento','7');
INSERT INTO ciudad (city_name,id_state) VALUES ('paicandu','4');
INSERT INTO ciudad (city_name,id_state) VALUES ('guaranta do norte','17');
INSERT INTO ciudad (city_name,id_state) VALUES ('coxilha','6');
INSERT INTO ciudad (city_name,id_state) VALUES ('ipojuca','16');
INSERT INTO ciudad (city_name,id_state) VALUES ('brauna','1');
INSERT INTO ciudad (city_name,id_state) VALUES ('iguatu','13');
INSERT INTO ciudad (city_name,id_state) VALUES ('morro do chapeu','10');
INSERT INTO ciudad (city_name,id_state) VALUES ('cerejeiras','21');
INSERT INTO ciudad (city_name,id_state) VALUES ('jussara','4');
INSERT INTO ciudad (city_name,id_state) VALUES ('barras','24');
INSERT INTO ciudad (city_name,id_state) VALUES ('irapuru','1');
INSERT INTO ciudad (city_name,id_state) VALUES ('diamante doeste','4');
INSERT INTO ciudad (city_name,id_state) VALUES ('aparecida de sao manuel','1');
INSERT INTO ciudad (city_name,id_state) VALUES ('vilhena','21');
INSERT INTO ciudad (city_name,id_state) VALUES ('sao pedro do ivai','4');
INSERT INTO ciudad (city_name,id_state) VALUES ('sirinhaem','16');
INSERT INTO ciudad (city_name,id_state) VALUES ('mato verde','3');
INSERT INTO ciudad (city_name,id_state) VALUES ('paraiso das aguas','12');
INSERT INTO ciudad (city_name,id_state) VALUES ('mirante da serra','21');
INSERT INTO ciudad (city_name,id_state) VALUES ('rio novo','3');
INSERT INTO ciudad (city_name,id_state) VALUES ('pirapora do bom jesus','1');
INSERT INTO ciudad (city_name,id_state) VALUES ('vazante','3');
INSERT INTO ciudad (city_name,id_state) VALUES ('conceicao do castelo','9');
INSERT INTO ciudad (city_name,id_state) VALUES ('junqueiropolis','1');
INSERT INTO ciudad (city_name,id_state) VALUES ('simplicio mendes','24');
INSERT INTO ciudad (city_name,id_state) VALUES ('bom jardim de minas','3');
INSERT INTO ciudad (city_name,id_state) VALUES ('tupi paulista','1');
INSERT INTO ciudad (city_name,id_state) VALUES ('sao sebastiao','20');
INSERT INTO ciudad (city_name,id_state) VALUES ('campestre do maranhao','11');
INSERT INTO ciudad (city_name,id_state) VALUES ('santa vitoria do palmar','6');
INSERT INTO ciudad (city_name,id_state) VALUES ('dois vizinhos','4');
INSERT INTO ciudad (city_name,id_state) VALUES ('pirapetinga','3');
INSERT INTO ciudad (city_name,id_state) VALUES ('witmarsum','2');
INSERT INTO ciudad (city_name,id_state) VALUES ('itapage','13');
INSERT INTO ciudad (city_name,id_state) VALUES ('simoes filho','10');
INSERT INTO ciudad (city_name,id_state) VALUES ('surubim','16');
INSERT INTO ciudad (city_name,id_state) VALUES ('laranjal','3');
INSERT INTO ciudad (city_name,id_state) VALUES ('nova esperanca','4');
INSERT INTO ciudad (city_name,id_state) VALUES ('deputado irapuan pinheiro','13');
INSERT INTO ciudad (city_name,id_state) VALUES ('aquidaba','26');
INSERT INTO ciudad (city_name,id_state) VALUES ('arroio dos ratos','6');
INSERT INTO ciudad (city_name,id_state) VALUES ('reserva do cabacal','17');
INSERT INTO ciudad (city_name,id_state) VALUES ('cantanhede','11');
INSERT INTO ciudad (city_name,id_state) VALUES ('cachoeira de pajeu','3');
INSERT INTO ciudad (city_name,id_state) VALUES ('rio pardo','6');
INSERT INTO ciudad (city_name,id_state) VALUES ('esplanada','10');
INSERT INTO ciudad (city_name,id_state) VALUES ('engenheiro paulo de frontin','5');
INSERT INTO ciudad (city_name,id_state) VALUES ('bom jesus do araguaia','17');
INSERT INTO ciudad (city_name,id_state) VALUES ('sao geraldo','3');
INSERT INTO ciudad (city_name,id_state) VALUES ('catu de abrantes','10');
INSERT INTO ciudad (city_name,id_state) VALUES ('jacinto','3');
INSERT INTO ciudad (city_name,id_state) VALUES ('piranguinho','3');
INSERT INTO ciudad (city_name,id_state) VALUES ('piedade de caratinga','3');
INSERT INTO ciudad (city_name,id_state) VALUES ('capela de santana','6');
INSERT INTO ciudad (city_name,id_state) VALUES ('santa maria de jetiba','9');
INSERT INTO ciudad (city_name,id_state) VALUES ('carpina','16');
INSERT INTO ciudad (city_name,id_state) VALUES ('nova ponte','3');
INSERT INTO ciudad (city_name,id_state) VALUES ('sao jose de mipibu','15');
INSERT INTO ciudad (city_name,id_state) VALUES ('urania','1');
INSERT INTO ciudad (city_name,id_state) VALUES ('sao jose do ouro','6');
INSERT INTO ciudad (city_name,id_state) VALUES ('sao luis do quitunde','20');
INSERT INTO ciudad (city_name,id_state) VALUES ('pancas','9');
INSERT INTO ciudad (city_name,id_state) VALUES ('santos dumont','3');
INSERT INTO ciudad (city_name,id_state) VALUES ('delfinopolis','3');
INSERT INTO ciudad (city_name,id_state) VALUES ('missal','4');
INSERT INTO ciudad (city_name,id_state) VALUES ('auriflama','1');
INSERT INTO ciudad (city_name,id_state) VALUES ('quadra','1');
INSERT INTO ciudad (city_name,id_state) VALUES ('quedas do iguacu','4');
INSERT INTO ciudad (city_name,id_state) VALUES ('guaira','4');
INSERT INTO ciudad (city_name,id_state) VALUES ('campinacu','8');
INSERT INTO ciudad (city_name,id_state) VALUES ('caririacu','13');
INSERT INTO ciudad (city_name,id_state) VALUES ('dom silverio','3');
INSERT INTO ciudad (city_name,id_state) VALUES ('sao jose do calcado','9');
INSERT INTO ciudad (city_name,id_state) VALUES ('ibipeba','10');
INSERT INTO ciudad (city_name,id_state) VALUES ('araguatins','23');
INSERT INTO ciudad (city_name,id_state) VALUES ('araujos','3');
INSERT INTO ciudad (city_name,id_state) VALUES ('bonfinopolis de minas','3');
INSERT INTO ciudad (city_name,id_state) VALUES ('angicos','15');
INSERT INTO ciudad (city_name,id_state) VALUES ('santo antonio das missoes','6');
INSERT INTO ciudad (city_name,id_state) VALUES ('quixada','13');
INSERT INTO ciudad (city_name,id_state) VALUES ('palmitinho','6');
INSERT INTO ciudad (city_name,id_state) VALUES ('presidente kennedy','9');
INSERT INTO ciudad (city_name,id_state) VALUES ('analandia','1');
INSERT INTO ciudad (city_name,id_state) VALUES ('nova granada','1');
INSERT INTO ciudad (city_name,id_state) VALUES ('mercedes','4');
INSERT INTO ciudad (city_name,id_state) VALUES ('canapolis','3');
INSERT INTO ciudad (city_name,id_state) VALUES ('tapes','6');
INSERT INTO ciudad (city_name,id_state) VALUES ('vere','4');
INSERT INTO ciudad (city_name,id_state) VALUES ('sao felix do xingu','7');
INSERT INTO ciudad (city_name,id_state) VALUES ('cariri do tocantins','23');
INSERT INTO ciudad (city_name,id_state) VALUES ('dormentes','16');
INSERT INTO ciudad (city_name,id_state) VALUES ('mutum','3');
INSERT INTO ciudad (city_name,id_state) VALUES ('sao jose do xingu','17');
INSERT INTO ciudad (city_name,id_state) VALUES ('quatis','5');
INSERT INTO ciudad (city_name,id_state) VALUES ('caratinga','3');
INSERT INTO ciudad (city_name,id_state) VALUES ('paranapanema','1');
INSERT INTO ciudad (city_name,id_state) VALUES ('tramandai','6');
INSERT INTO ciudad (city_name,id_state) VALUES ('sao jose da barra','3');
INSERT INTO ciudad (city_name,id_state) VALUES ('cambui','3');
INSERT INTO ciudad (city_name,id_state) VALUES ('itaju','1');
INSERT INTO ciudad (city_name,id_state) VALUES ('pilao arcado','10');
INSERT INTO ciudad (city_name,id_state) VALUES ('jaguaracu','3');
INSERT INTO ciudad (city_name,id_state) VALUES ('mimoso de goias','8');
INSERT INTO ciudad (city_name,id_state) VALUES ('sao gabriel do oeste','12');
INSERT INTO ciudad (city_name,id_state) VALUES ('oros','13');
INSERT INTO ciudad (city_name,id_state) VALUES ('araputanga','17');
INSERT INTO ciudad (city_name,id_state) VALUES ('ceara-mirim','15');
INSERT INTO ciudad (city_name,id_state) VALUES ('indianopolis','4');
INSERT INTO ciudad (city_name,id_state) VALUES ('candeias','10');
INSERT INTO ciudad (city_name,id_state) VALUES ('caucaia','13');
INSERT INTO ciudad (city_name,id_state) VALUES ('crisopolis','10');
INSERT INTO ciudad (city_name,id_state) VALUES ('quevedos','6');
INSERT INTO ciudad (city_name,id_state) VALUES ('araguapaz','8');
INSERT INTO ciudad (city_name,id_state) VALUES ('estiva gerbi','1');
INSERT INTO ciudad (city_name,id_state) VALUES ('nuporanga','1');
INSERT INTO ciudad (city_name,id_state) VALUES ('sardoa','3');
INSERT INTO ciudad (city_name,id_state) VALUES ('chapadao do ceu','8');
INSERT INTO ciudad (city_name,id_state) VALUES ('santa terezinha de itaipu','4');
INSERT INTO ciudad (city_name,id_state) VALUES ('cacule','10');
INSERT INTO ciudad (city_name,id_state) VALUES ('floresta','4');
INSERT INTO ciudad (city_name,id_state) VALUES ('machacalis','3');
INSERT INTO ciudad (city_name,id_state) VALUES ('camacan','10');
INSERT INTO ciudad (city_name,id_state) VALUES ('roseira','1');
INSERT INTO ciudad (city_name,id_state) VALUES ('itaiopolis','2');
INSERT INTO ciudad (city_name,id_state) VALUES ('barra do bugres','17');
INSERT INTO ciudad (city_name,id_state) VALUES ('sousa','22');
INSERT INTO ciudad (city_name,id_state) VALUES ('castilho','1');
INSERT INTO ciudad (city_name,id_state) VALUES ('potirendaba','1');
INSERT INTO ciudad (city_name,id_state) VALUES ('tarumirim','3');
INSERT INTO ciudad (city_name,id_state) VALUES ('mendes','5');
INSERT INTO ciudad (city_name,id_state) VALUES ('campo verde','17');
INSERT INTO ciudad (city_name,id_state) VALUES ('bom jardim','5');
INSERT INTO ciudad (city_name,id_state) VALUES ('ivaipora','4');
INSERT INTO ciudad (city_name,id_state) VALUES ('santana do serido','15');
INSERT INTO ciudad (city_name,id_state) VALUES ('iconha','9');
INSERT INTO ciudad (city_name,id_state) VALUES ('conceicao do araguaia','7');
INSERT INTO ciudad (city_name,id_state) VALUES ('abatia','4');
INSERT INTO ciudad (city_name,id_state) VALUES ('amelia rodrigues','10');
INSERT INTO ciudad (city_name,id_state) VALUES ('candido rodrigues','1');
INSERT INTO ciudad (city_name,id_state) VALUES ('coronel vivida','4');
INSERT INTO ciudad (city_name,id_state) VALUES ('vitoria de santo antao','16');
INSERT INTO ciudad (city_name,id_state) VALUES ('ielmo marinho','15');
INSERT INTO ciudad (city_name,id_state) VALUES ('cosmorama','1');
INSERT INTO ciudad (city_name,id_state) VALUES ('arroio do meio','6');
INSERT INTO ciudad (city_name,id_state) VALUES ('santa luzia','11');
INSERT INTO ciudad (city_name,id_state) VALUES ('urupa','21');
INSERT INTO ciudad (city_name,id_state) VALUES ('sao sebastiao da boa vista','7');
INSERT INTO ciudad (city_name,id_state) VALUES ('varzedo','10');
INSERT INTO ciudad (city_name,id_state) VALUES ('piranhas','8');
INSERT INTO ciudad (city_name,id_state) VALUES ('corumba de goias','8');
INSERT INTO ciudad (city_name,id_state) VALUES ('saltinho','1');
INSERT INTO ciudad (city_name,id_state) VALUES ('dianopolis','23');
INSERT INTO ciudad (city_name,id_state) VALUES ('espigao','1');
INSERT INTO ciudad (city_name,id_state) VALUES ('salmourao','1');
INSERT INTO ciudad (city_name,id_state) VALUES ('quixere','13');
INSERT INTO ciudad (city_name,id_state) VALUES ('esperanca','22');
INSERT INTO ciudad (city_name,id_state) VALUES ('bariri','1');
INSERT INTO ciudad (city_name,id_state) VALUES ('girau do ponciano','20');
INSERT INTO ciudad (city_name,id_state) VALUES ('joao lisboa','11');
INSERT INTO ciudad (city_name,id_state) VALUES ('porecatu','4');
INSERT INTO ciudad (city_name,id_state) VALUES ('lima duarte','3');
INSERT INTO ciudad (city_name,id_state) VALUES ('malacacheta','3');
INSERT INTO ciudad (city_name,id_state) VALUES ('umburatiba','3');
INSERT INTO ciudad (city_name,id_state) VALUES ('santa margarida','3');
INSERT INTO ciudad (city_name,id_state) VALUES ('sao mateus do sul','4');
INSERT INTO ciudad (city_name,id_state) VALUES ('arapei','1');
INSERT INTO ciudad (city_name,id_state) VALUES ('avanhandava','1');
INSERT INTO ciudad (city_name,id_state) VALUES ('novo horizonte','2');
INSERT INTO ciudad (city_name,id_state) VALUES ('camanducaia','3');
INSERT INTO ciudad (city_name,id_state) VALUES ('paraiso','1');
INSERT INTO ciudad (city_name,id_state) VALUES ('mirai','3');
INSERT INTO ciudad (city_name,id_state) VALUES ('ribeirao do pinhal','4');
INSERT INTO ciudad (city_name,id_state) VALUES ('upanema','15');
INSERT INTO ciudad (city_name,id_state) VALUES ('domiciano ribeiro','8');
INSERT INTO ciudad (city_name,id_state) VALUES ('promissao','1');
INSERT INTO ciudad (city_name,id_state) VALUES ('conselheiro pena','3');
INSERT INTO ciudad (city_name,id_state) VALUES ('uruoca','13');
INSERT INTO ciudad (city_name,id_state) VALUES ('vargem grande do sul','1');
INSERT INTO ciudad (city_name,id_state) VALUES ('brotas','1');
INSERT INTO ciudad (city_name,id_state) VALUES ('sao joao batista do gloria','3');
INSERT INTO ciudad (city_name,id_state) VALUES ('alexania','8');
INSERT INTO ciudad (city_name,id_state) VALUES ('juranda','4');
INSERT INTO ciudad (city_name,id_state) VALUES ('fartura','1');
INSERT INTO ciudad (city_name,id_state) VALUES ('mateus leme','3');
INSERT INTO ciudad (city_name,id_state) VALUES ('monte azul','3');
INSERT INTO ciudad (city_name,id_state) VALUES ('santa cruz do capibaribe','16');
INSERT INTO ciudad (city_name,id_state) VALUES ('macaiba','15');
INSERT INTO ciudad (city_name,id_state) VALUES ('quata','1');
INSERT INTO ciudad (city_name,id_state) VALUES ('teodoro sampaio','1');
INSERT INTO ciudad (city_name,id_state) VALUES ('almino afonso','15');
INSERT INTO ciudad (city_name,id_state) VALUES ('vargem alegre','3');
INSERT INTO ciudad (city_name,id_state) VALUES ('arroio grande','6');
INSERT INTO ciudad (city_name,id_state) VALUES ('jaboticatubas','3');
INSERT INTO ciudad (city_name,id_state) VALUES ('parelhas','15');
INSERT INTO ciudad (city_name,id_state) VALUES ('alto alegre do iguacu','4');
INSERT INTO ciudad (city_name,id_state) VALUES ('joaquim tavora','4');
INSERT INTO ciudad (city_name,id_state) VALUES ('bataypora','12');
INSERT INTO ciudad (city_name,id_state) VALUES ('bombinhas','2');
INSERT INTO ciudad (city_name,id_state) VALUES ('fernando prestes','1');
INSERT INTO ciudad (city_name,id_state) VALUES ('rio largo','20');
INSERT INTO ciudad (city_name,id_state) VALUES ('itabaiana','26');
INSERT INTO ciudad (city_name,id_state) VALUES ('sideropolis','2');
INSERT INTO ciudad (city_name,id_state) VALUES ('utinga','10');
INSERT INTO ciudad (city_name,id_state) VALUES ('rondon do para','7');
INSERT INTO ciudad (city_name,id_state) VALUES ('mirante do paranapanema','1');
INSERT INTO ciudad (city_name,id_state) VALUES ('oriente','1');
INSERT INTO ciudad (city_name,id_state) VALUES ('sapucai-mirim','3');
INSERT INTO ciudad (city_name,id_state) VALUES ('tres passos','6');
INSERT INTO ciudad (city_name,id_state) VALUES ('horizonte','13');
INSERT INTO ciudad (city_name,id_state) VALUES ('silva jardim','5');
INSERT INTO ciudad (city_name,id_state) VALUES ('sanharo','16');
INSERT INTO ciudad (city_name,id_state) VALUES ('eldorado','1');
INSERT INTO ciudad (city_name,id_state) VALUES ('itacoatiara','18');
INSERT INTO ciudad (city_name,id_state) VALUES ('acreuna','8');
INSERT INTO ciudad (city_name,id_state) VALUES ('crato','13');
INSERT INTO ciudad (city_name,id_state) VALUES ('pimenta bueno','21');
INSERT INTO ciudad (city_name,id_state) VALUES ('sitio novo do tocantins','23');
INSERT INTO ciudad (city_name,id_state) VALUES ('ipira','2');
INSERT INTO ciudad (city_name,id_state) VALUES ('sao jose do vale do rio preto','5');
INSERT INTO ciudad (city_name,id_state) VALUES ('varzea da palma','3');
INSERT INTO ciudad (city_name,id_state) VALUES ('sao gabriel da palha','9');
INSERT INTO ciudad (city_name,id_state) VALUES ('holambra','1');
INSERT INTO ciudad (city_name,id_state) VALUES ('ubata','10');
INSERT INTO ciudad (city_name,id_state) VALUES ('mar vermelho','20');
INSERT INTO ciudad (city_name,id_state) VALUES ('governador celso ramos','2');
INSERT INTO ciudad (city_name,id_state) VALUES ('bandeira','3');
INSERT INTO ciudad (city_name,id_state) VALUES ('turmalina','3');
INSERT INTO ciudad (city_name,id_state) VALUES ('tabapora','17');
INSERT INTO ciudad (city_name,id_state) VALUES ('novo cabrais','6');
INSERT INTO ciudad (city_name,id_state) VALUES ('taquaritinga do norte','16');
INSERT INTO ciudad (city_name,id_state) VALUES ('castelo','9');
INSERT INTO ciudad (city_name,id_state) VALUES ('pirajui','1');
INSERT INTO ciudad (city_name,id_state) VALUES ('abdon batista','2');
INSERT INTO ciudad (city_name,id_state) VALUES ('chui','6');
INSERT INTO ciudad (city_name,id_state) VALUES ('teolandia','10');
INSERT INTO ciudad (city_name,id_state) VALUES ('sao joao da ponte','3');
INSERT INTO ciudad (city_name,id_state) VALUES ('santo antonio do monte','3');
INSERT INTO ciudad (city_name,id_state) VALUES ('lavras do sul','6');
INSERT INTO ciudad (city_name,id_state) VALUES ('jaguare','9');
INSERT INTO ciudad (city_name,id_state) VALUES ('caibi','2');
INSERT INTO ciudad (city_name,id_state) VALUES ('laranjal paulista','1');
INSERT INTO ciudad (city_name,id_state) VALUES ('arraial do cabo','5');
INSERT INTO ciudad (city_name,id_state) VALUES ('desterro','22');
INSERT INTO ciudad (city_name,id_state) VALUES ('pacajus','13');
INSERT INTO ciudad (city_name,id_state) VALUES ('santa helena','11');
INSERT INTO ciudad (city_name,id_state) VALUES ('candido mota','1');
INSERT INTO ciudad (city_name,id_state) VALUES ('sombrio','2');
INSERT INTO ciudad (city_name,id_state) VALUES ('mozarlandia','8');
INSERT INTO ciudad (city_name,id_state) VALUES ('santa maria madalena','5');
INSERT INTO ciudad (city_name,id_state) VALUES ('barra do turvo','1');
INSERT INTO ciudad (city_name,id_state) VALUES ('itaoca','9');
INSERT INTO ciudad (city_name,id_state) VALUES ('carambei','4');
INSERT INTO ciudad (city_name,id_state) VALUES ('ulianopolis','7');
INSERT INTO ciudad (city_name,id_state) VALUES ('jequitai','3');
INSERT INTO ciudad (city_name,id_state) VALUES ('cravinhos','1');
INSERT INTO ciudad (city_name,id_state) VALUES ('santa salete','1');
INSERT INTO ciudad (city_name,id_state) VALUES ('caldas','3');
INSERT INTO ciudad (city_name,id_state) VALUES ('itapoa','2');
INSERT INTO ciudad (city_name,id_state) VALUES ('serra dos aimores','3');
INSERT INTO ciudad (city_name,id_state) VALUES ('cubati','22');
INSERT INTO ciudad (city_name,id_state) VALUES ('itapora','12');
INSERT INTO ciudad (city_name,id_state) VALUES ('macuco de minas','3');
INSERT INTO ciudad (city_name,id_state) VALUES ('raul soares','3');
INSERT INTO ciudad (city_name,id_state) VALUES ('arceburgo','3');
INSERT INTO ciudad (city_name,id_state) VALUES ('tres arroios','6');
INSERT INTO ciudad (city_name,id_state) VALUES ('terezinha','16');
INSERT INTO ciudad (city_name,id_state) VALUES ('matinhos','4');
INSERT INTO ciudad (city_name,id_state) VALUES ('americo brasiliense','1');
INSERT INTO ciudad (city_name,id_state) VALUES ('goianorte','23');
INSERT INTO ciudad (city_name,id_state) VALUES ('mata de sao joao','10');
INSERT INTO ciudad (city_name,id_state) VALUES ('codo','11');
INSERT INTO ciudad (city_name,id_state) VALUES ('santa mariana','4');
INSERT INTO ciudad (city_name,id_state) VALUES ('braco do norte','2');
INSERT INTO ciudad (city_name,id_state) VALUES ('sao sebastiao do passe','10');
INSERT INTO ciudad (city_name,id_state) VALUES ('sao jose dos cordeiros','22');
INSERT INTO ciudad (city_name,id_state) VALUES ('guarani das missoes','6');
INSERT INTO ciudad (city_name,id_state) VALUES ('manga','3');
INSERT INTO ciudad (city_name,id_state) VALUES ('presidente kubitschek','3');
INSERT INTO ciudad (city_name,id_state) VALUES ('guabiruba','2');
INSERT INTO ciudad (city_name,id_state) VALUES ('cidade ocidental','8');
INSERT INTO ciudad (city_name,id_state) VALUES ('guanhaes','3');
INSERT INTO ciudad (city_name,id_state) VALUES ('carneirinho','3');
INSERT INTO ciudad (city_name,id_state) VALUES ('bacabal','11');
INSERT INTO ciudad (city_name,id_state) VALUES ('sapucaia','5');
INSERT INTO ciudad (city_name,id_state) VALUES ('cabaceiras do paraguacu','10');
INSERT INTO ciudad (city_name,id_state) VALUES ('belem','20');
INSERT INTO ciudad (city_name,id_state) VALUES ('colombia','1');
INSERT INTO ciudad (city_name,id_state) VALUES ('guaramirim','2');
INSERT INTO ciudad (city_name,id_state) VALUES ('paraiso do norte','4');
INSERT INTO ciudad (city_name,id_state) VALUES ('quixelo','13');
INSERT INTO ciudad (city_name,id_state) VALUES ('ouro fino','3');
INSERT INTO ciudad (city_name,id_state) VALUES ('jardim','13');
INSERT INTO ciudad (city_name,id_state) VALUES ('janduis','15');
INSERT INTO ciudad (city_name,id_state) VALUES ('nipoa','1');
INSERT INTO ciudad (city_name,id_state) VALUES ('florestopolis','4');
INSERT INTO ciudad (city_name,id_state) VALUES ('caturama','10');
INSERT INTO ciudad (city_name,id_state) VALUES ('sao jose do turvo','5');
INSERT INTO ciudad (city_name,id_state) VALUES ('sao sebastiao de campos','5');
INSERT INTO ciudad (city_name,id_state) VALUES ('colider','17');
INSERT INTO ciudad (city_name,id_state) VALUES ('granja','13');
INSERT INTO ciudad (city_name,id_state) VALUES ('santa rita','22');
INSERT INTO ciudad (city_name,id_state) VALUES ('vila valerio','9');
INSERT INTO ciudad (city_name,id_state) VALUES ('acailandia','11');
INSERT INTO ciudad (city_name,id_state) VALUES ('adustina','10');
INSERT INTO ciudad (city_name,id_state) VALUES ('bom sucesso','3');
INSERT INTO ciudad (city_name,id_state) VALUES ('brejo santo','13');
INSERT INTO ciudad (city_name,id_state) VALUES ('santa quiteria do maranhao','11');
INSERT INTO ciudad (city_name,id_state) VALUES ('sapeacu','10');
INSERT INTO ciudad (city_name,id_state) VALUES ('constantina','6');
INSERT INTO ciudad (city_name,id_state) VALUES ('bom jesus da serra','10');
INSERT INTO ciudad (city_name,id_state) VALUES ('natividade','5');
INSERT INTO ciudad (city_name,id_state) VALUES ('palotina','4');
INSERT INTO ciudad (city_name,id_state) VALUES ('jucurutu','15');
INSERT INTO ciudad (city_name,id_state) VALUES ('pratapolis','3');
INSERT INTO ciudad (city_name,id_state) VALUES ('itueta','3');
INSERT INTO ciudad (city_name,id_state) VALUES ('monte castelo','1');
INSERT INTO ciudad (city_name,id_state) VALUES ('maragogi','20');
INSERT INTO ciudad (city_name,id_state) VALUES ('conde','10');
INSERT INTO ciudad (city_name,id_state) VALUES ('santa teresa','9');
INSERT INTO ciudad (city_name,id_state) VALUES ('jequitinhonha','3');
INSERT INTO ciudad (city_name,id_state) VALUES ('peri mirim','11');
INSERT INTO ciudad (city_name,id_state) VALUES ('taquaritinga','1');
INSERT INTO ciudad (city_name,id_state) VALUES ('santana do ipanema','20');
INSERT INTO ciudad (city_name,id_state) VALUES ('urbano santos','11');
INSERT INTO ciudad (city_name,id_state) VALUES ('santo antonio do itambe','3');
INSERT INTO ciudad (city_name,id_state) VALUES ('vargem grande do rio pardo','3');
INSERT INTO ciudad (city_name,id_state) VALUES ('sao joaquim do monte','16');
INSERT INTO ciudad (city_name,id_state) VALUES ('cerro azul','4');
INSERT INTO ciudad (city_name,id_state) VALUES ('cabralia paulista','1');
INSERT INTO ciudad (city_name,id_state) VALUES ('santana dos montes','3');
INSERT INTO ciudad (city_name,id_state) VALUES ('agua branca','24');
INSERT INTO ciudad (city_name,id_state) VALUES ('pilar','20');
INSERT INTO ciudad (city_name,id_state) VALUES ('chapadinha','11');
INSERT INTO ciudad (city_name,id_state) VALUES ('bom jesus do sul','4');
INSERT INTO ciudad (city_name,id_state) VALUES ('canelinha','2');
INSERT INTO ciudad (city_name,id_state) VALUES ('ervalia','3');
INSERT INTO ciudad (city_name,id_state) VALUES ('caetanopolis','3');
INSERT INTO ciudad (city_name,id_state) VALUES ('fenix','4');
INSERT INTO ciudad (city_name,id_state) VALUES ('pouso redondo','2');
INSERT INTO ciudad (city_name,id_state) VALUES ('flores da cunha','6');
INSERT INTO ciudad (city_name,id_state) VALUES ('bonito','10');
INSERT INTO ciudad (city_name,id_state) VALUES ('turvelandia','8');
INSERT INTO ciudad (city_name,id_state) VALUES ('aguas mornas','2');
INSERT INTO ciudad (city_name,id_state) VALUES ('porto calvo','20');
INSERT INTO ciudad (city_name,id_state) VALUES ('pesqueira','16');
INSERT INTO ciudad (city_name,id_state) VALUES ('camaqua','6');
INSERT INTO ciudad (city_name,id_state) VALUES ('porto nacional','23');
INSERT INTO ciudad (city_name,id_state) VALUES ('jaguaribara','13');
INSERT INTO ciudad (city_name,id_state) VALUES ('jacare','1');
INSERT INTO ciudad (city_name,id_state) VALUES ('guaiba','6');
INSERT INTO ciudad (city_name,id_state) VALUES ('ouro preto do oeste','21');
INSERT INTO ciudad (city_name,id_state) VALUES ('formosa do oeste','4');
INSERT INTO ciudad (city_name,id_state) VALUES ('ascurra','2');
INSERT INTO ciudad (city_name,id_state) VALUES ('vera cruz','6');
INSERT INTO ciudad (city_name,id_state) VALUES ('araguacu','23');
INSERT INTO ciudad (city_name,id_state) VALUES ('xexeu','16');
INSERT INTO ciudad (city_name,id_state) VALUES ('redencao','7');
INSERT INTO ciudad (city_name,id_state) VALUES ('buriticupu','11');
INSERT INTO ciudad (city_name,id_state) VALUES ('papagaios','3');
INSERT INTO ciudad (city_name,id_state) VALUES ('cafelandia','1');
INSERT INTO ciudad (city_name,id_state) VALUES ('rubiacea','1');
INSERT INTO ciudad (city_name,id_state) VALUES ('buriti','11');
INSERT INTO ciudad (city_name,id_state) VALUES ('jarinu','1');
INSERT INTO ciudad (city_name,id_state) VALUES ('santa cruz do timbo','2');
INSERT INTO ciudad (city_name,id_state) VALUES ('pinhalzinho','2');
INSERT INTO ciudad (city_name,id_state) VALUES ('barra','10');
INSERT INTO ciudad (city_name,id_state) VALUES ('araguaia','9');
INSERT INTO ciudad (city_name,id_state) VALUES ('coaraci','10');
INSERT INTO ciudad (city_name,id_state) VALUES ('quinta do sol','4');
INSERT INTO ciudad (city_name,id_state) VALUES ('cajobi','1');
INSERT INTO ciudad (city_name,id_state) VALUES ('lagoa dourada','3');
INSERT INTO ciudad (city_name,id_state) VALUES ('parisi','1');
INSERT INTO ciudad (city_name,id_state) VALUES ('alpercata','3');
INSERT INTO ciudad (city_name,id_state) VALUES ('tres cachoeiras','6');
INSERT INTO ciudad (city_name,id_state) VALUES ('celina','9');
INSERT INTO ciudad (city_name,id_state) VALUES ('pureza','5');
INSERT INTO ciudad (city_name,id_state) VALUES ('campos belos','8');
INSERT INTO ciudad (city_name,id_state) VALUES ('alta floresta doeste','21');
INSERT INTO ciudad (city_name,id_state) VALUES ('pocinhos','22');
INSERT INTO ciudad (city_name,id_state) VALUES ('rosario','11');
INSERT INTO ciudad (city_name,id_state) VALUES ('almirante tamandare do sul','6');
INSERT INTO ciudad (city_name,id_state) VALUES ('mutunopolis','8');
INSERT INTO ciudad (city_name,id_state) VALUES ('bela vista de goias','8');
INSERT INTO ciudad (city_name,id_state) VALUES ('serrana','1');
INSERT INTO ciudad (city_name,id_state) VALUES ('acarau','13');
INSERT INTO ciudad (city_name,id_state) VALUES ('cocal do sul','2');
INSERT INTO ciudad (city_name,id_state) VALUES ('ouro verde','1');
INSERT INTO ciudad (city_name,id_state) VALUES ('caconde','1');
INSERT INTO ciudad (city_name,id_state) VALUES ('palmitos','2');
INSERT INTO ciudad (city_name,id_state) VALUES ('satuba','20');
INSERT INTO ciudad (city_name,id_state) VALUES ('santa filomena','16');
INSERT INTO ciudad (city_name,id_state) VALUES ('amargosa','10');
INSERT INTO ciudad (city_name,id_state) VALUES ('morro da fumaca','2');
INSERT INTO ciudad (city_name,id_state) VALUES ('morro agudo','1');
INSERT INTO ciudad (city_name,id_state) VALUES ('joao alfredo','16');
INSERT INTO ciudad (city_name,id_state) VALUES ('aratuba','13');
INSERT INTO ciudad (city_name,id_state) VALUES ('sao jorge','6');
INSERT INTO ciudad (city_name,id_state) VALUES ('conrado','5');
INSERT INTO ciudad (city_name,id_state) VALUES ('sao joao do manteninha','3');
INSERT INTO ciudad (city_name,id_state) VALUES ('cotipora','6');
INSERT INTO ciudad (city_name,id_state) VALUES ('brejetuba','9');
INSERT INTO ciudad (city_name,id_state) VALUES ('sao tomas de aquino','3');
INSERT INTO ciudad (city_name,id_state) VALUES ('sabino','1');
INSERT INTO ciudad (city_name,id_state) VALUES ('indianopolis','3');
INSERT INTO ciudad (city_name,id_state) VALUES ('colinas','11');
INSERT INTO ciudad (city_name,id_state) VALUES ('itaocara','5');
INSERT INTO ciudad (city_name,id_state) VALUES ('pote','3');
INSERT INTO ciudad (city_name,id_state) VALUES ('presidente medici','21');
INSERT INTO ciudad (city_name,id_state) VALUES ('tabapua','1');
INSERT INTO ciudad (city_name,id_state) VALUES ('reriutaba','13');
INSERT INTO ciudad (city_name,id_state) VALUES ('jijoca de jericoacoara','13');
INSERT INTO ciudad (city_name,id_state) VALUES ('bom jesus do norte','9');
INSERT INTO ciudad (city_name,id_state) VALUES ('morro redondo','6');
INSERT INTO ciudad (city_name,id_state) VALUES ('timburi','1');
INSERT INTO ciudad (city_name,id_state) VALUES ('balneario rincao','2');
INSERT INTO ciudad (city_name,id_state) VALUES ('ladario','12');
INSERT INTO ciudad (city_name,id_state) VALUES ('campo novo','6');
INSERT INTO ciudad (city_name,id_state) VALUES ('sao sebastiao do cai','6');
INSERT INTO ciudad (city_name,id_state) VALUES ('altaneira','13');
INSERT INTO ciudad (city_name,id_state) VALUES ('lagoa grande','3');
INSERT INTO ciudad (city_name,id_state) VALUES ('indiaroba','26');
INSERT INTO ciudad (city_name,id_state) VALUES ('santana da vargem','3');
INSERT INTO ciudad (city_name,id_state) VALUES ('paulino neves','11');
INSERT INTO ciudad (city_name,id_state) VALUES ('grao mogol','3');
INSERT INTO ciudad (city_name,id_state) VALUES ('nova olinda','23');
INSERT INTO ciudad (city_name,id_state) VALUES ('getulina','1');
INSERT INTO ciudad (city_name,id_state) VALUES ('santa cruz de monte castelo','4');
INSERT INTO ciudad (city_name,id_state) VALUES ('primeiro de maio','4');
INSERT INTO ciudad (city_name,id_state) VALUES ('sao fidelis','5');
INSERT INTO ciudad (city_name,id_state) VALUES ('elias fausto','1');
INSERT INTO ciudad (city_name,id_state) VALUES ('calcado','16');
INSERT INTO ciudad (city_name,id_state) VALUES ('estancia','26');
INSERT INTO ciudad (city_name,id_state) VALUES ('patrocinio do muriae','3');
INSERT INTO ciudad (city_name,id_state) VALUES ('pirai do sul','4');
INSERT INTO ciudad (city_name,id_state) VALUES ('tres coroas','6');
INSERT INTO ciudad (city_name,id_state) VALUES ('ouro verde de minas','3');
INSERT INTO ciudad (city_name,id_state) VALUES ('jurema','16');
INSERT INTO ciudad (city_name,id_state) VALUES ('sao sebastiao do maranhao','3');
INSERT INTO ciudad (city_name,id_state) VALUES ('sao marcos','6');
INSERT INTO ciudad (city_name,id_state) VALUES ('santo estevao','10');
INSERT INTO ciudad (city_name,id_state) VALUES ('jamapara','5');
INSERT INTO ciudad (city_name,id_state) VALUES ('santo anastacio','1');
INSERT INTO ciudad (city_name,id_state) VALUES ('jamaica','1');
INSERT INTO ciudad (city_name,id_state) VALUES ('conchas','1');
INSERT INTO ciudad (city_name,id_state) VALUES ('perdigao','3');
INSERT INTO ciudad (city_name,id_state) VALUES ('mimoso do sul','9');
INSERT INTO ciudad (city_name,id_state) VALUES ('riacho da cruz','15');
INSERT INTO ciudad (city_name,id_state) VALUES ('sales oliveira','1');
INSERT INTO ciudad (city_name,id_state) VALUES ('ampere','4');
INSERT INTO ciudad (city_name,id_state) VALUES ('arembepe','10');
INSERT INTO ciudad (city_name,id_state) VALUES ('pocrane','3');
INSERT INTO ciudad (city_name,id_state) VALUES ('santa cruz do prata','3');
INSERT INTO ciudad (city_name,id_state) VALUES ('inacio martins','4');
INSERT INTO ciudad (city_name,id_state) VALUES ('sao domingos do araguaia','7');
INSERT INTO ciudad (city_name,id_state) VALUES ('divisa alegre','3');
INSERT INTO ciudad (city_name,id_state) VALUES ('jordania','3');
INSERT INTO ciudad (city_name,id_state) VALUES ('conchal','1');
INSERT INTO ciudad (city_name,id_state) VALUES ('sapezal','17');
INSERT INTO ciudad (city_name,id_state) VALUES ('setubinha','3');
INSERT INTO ciudad (city_name,id_state) VALUES ('alambari','1');
INSERT INTO ciudad (city_name,id_state) VALUES ('cidade gaucha','4');
INSERT INTO ciudad (city_name,id_state) VALUES ('novo sao joaquim','17');
INSERT INTO ciudad (city_name,id_state) VALUES ('santa quiteria','13');
INSERT INTO ciudad (city_name,id_state) VALUES ('ibiraiaras','6');
INSERT INTO ciudad (city_name,id_state) VALUES ('catu','10');
INSERT INTO ciudad (city_name,id_state) VALUES ('porto xavier','6');
INSERT INTO ciudad (city_name,id_state) VALUES ('aragoiania','8');
INSERT INTO ciudad (city_name,id_state) VALUES ('janiopolis','4');
INSERT INTO ciudad (city_name,id_state) VALUES ('rolante','6');
INSERT INTO ciudad (city_name,id_state) VALUES ('sao roque do canaa','9');
INSERT INTO ciudad (city_name,id_state) VALUES ('buenos aires','16');
INSERT INTO ciudad (city_name,id_state) VALUES ('piquete','1');
INSERT INTO ciudad (city_name,id_state) VALUES ('ourizona','4');
INSERT INTO ciudad (city_name,id_state) VALUES ('santa barbara do sul','6');
INSERT INTO ciudad (city_name,id_state) VALUES ('ibimirim','16');
INSERT INTO ciudad (city_name,id_state) VALUES ('charqueadas','6');
INSERT INTO ciudad (city_name,id_state) VALUES ('itambe','4');
INSERT INTO ciudad (city_name,id_state) VALUES ('pimenteiras','24');
INSERT INTO ciudad (city_name,id_state) VALUES ('croata','13');
INSERT INTO ciudad (city_name,id_state) VALUES ('alvinopolis','3');
INSERT INTO ciudad (city_name,id_state) VALUES ('campos sales','13');
INSERT INTO ciudad (city_name,id_state) VALUES ('conceicao do caninde','24');
INSERT INTO ciudad (city_name,id_state) VALUES ('nossa senhora das dores','26');
INSERT INTO ciudad (city_name,id_state) VALUES ('santa rita doeste','1');
INSERT INTO ciudad (city_name,id_state) VALUES ('pedra preta','17');
INSERT INTO ciudad (city_name,id_state) VALUES ('guarabira','22');
INSERT INTO ciudad (city_name,id_state) VALUES ('imbe','6');
INSERT INTO ciudad (city_name,id_state) VALUES ('tres barras','2');
INSERT INTO ciudad (city_name,id_state) VALUES ('peixoto de azevedo','17');
INSERT INTO ciudad (city_name,id_state) VALUES ('ubirata','4');
INSERT INTO ciudad (city_name,id_state) VALUES ('queimadas','10');
INSERT INTO ciudad (city_name,id_state) VALUES ('assai','4');
INSERT INTO ciudad (city_name,id_state) VALUES ('piedade dos gerais','3');
INSERT INTO ciudad (city_name,id_state) VALUES ('santa helena de goias','8');
INSERT INTO ciudad (city_name,id_state) VALUES ('nova canaa do norte','17');
INSERT INTO ciudad (city_name,id_state) VALUES ('mari','22');
INSERT INTO ciudad (city_name,id_state) VALUES ('ubaira','10');
INSERT INTO ciudad (city_name,id_state) VALUES ('jacobina','10');
INSERT INTO ciudad (city_name,id_state) VALUES ('ivinhema','12');
INSERT INTO ciudad (city_name,id_state) VALUES ('glicerio','5');
INSERT INTO ciudad (city_name,id_state) VALUES ('maurilandia','8');
INSERT INTO ciudad (city_name,id_state) VALUES ('marataizes','9');
INSERT INTO ciudad (city_name,id_state) VALUES ('sonora','12');
INSERT INTO ciudad (city_name,id_state) VALUES ('maracai','1');
INSERT INTO ciudad (city_name,id_state) VALUES ('luis correia','24');
INSERT INTO ciudad (city_name,id_state) VALUES ('julio de castilhos','6');
INSERT INTO ciudad (city_name,id_state) VALUES ('siqueira campos','4');
INSERT INTO ciudad (city_name,id_state) VALUES ('centenario do sul','4');
INSERT INTO ciudad (city_name,id_state) VALUES ('caetite','10');
INSERT INTO ciudad (city_name,id_state) VALUES ('novo cruzeiro','3');
INSERT INTO ciudad (city_name,id_state) VALUES ('sao jorge do oeste','4');
INSERT INTO ciudad (city_name,id_state) VALUES ('baianopolis','10');
INSERT INTO ciudad (city_name,id_state) VALUES ('ipanema','3');
INSERT INTO ciudad (city_name,id_state) VALUES ('rio fortuna','2');
INSERT INTO ciudad (city_name,id_state) VALUES ('bela vista de minas','3');
INSERT INTO ciudad (city_name,id_state) VALUES ('divinolandia','1');
INSERT INTO ciudad (city_name,id_state) VALUES ('goiatuba','8');
INSERT INTO ciudad (city_name,id_state) VALUES ('passo de torres','2');
INSERT INTO ciudad (city_name,id_state) VALUES ('barra de santa rosa','22');
INSERT INTO ciudad (city_name,id_state) VALUES ('sao francisco','3');
INSERT INTO ciudad (city_name,id_state) VALUES ('marilandia','9');
INSERT INTO ciudad (city_name,id_state) VALUES ('meleiro','2');
INSERT INTO ciudad (city_name,id_state) VALUES ('guidoval','3');
INSERT INTO ciudad (city_name,id_state) VALUES ('rio das pedras','1');
INSERT INTO ciudad (city_name,id_state) VALUES ('sao goncalo do para','3');
INSERT INTO ciudad (city_name,id_state) VALUES ('sao jeronimo','6');
INSERT INTO ciudad (city_name,id_state) VALUES ('guarei','1');
INSERT INTO ciudad (city_name,id_state) VALUES ('salto da divisa','3');
INSERT INTO ciudad (city_name,id_state) VALUES ('sao joaquim de bicas','3');
INSERT INTO ciudad (city_name,id_state) VALUES ('general camara','6');
INSERT INTO ciudad (city_name,id_state) VALUES ('sao bento abade','3');
INSERT INTO ciudad (city_name,id_state) VALUES ('iacanga','1');
INSERT INTO ciudad (city_name,id_state) VALUES ('sobradinho','10');
INSERT INTO ciudad (city_name,id_state) VALUES ('santo antonio do grama','3');
INSERT INTO ciudad (city_name,id_state) VALUES ('coronel pacheco','3');
INSERT INTO ciudad (city_name,id_state) VALUES ('oeiras do para','7');
INSERT INTO ciudad (city_name,id_state) VALUES ('torres','6');
INSERT INTO ciudad (city_name,id_state) VALUES ('sao ludgero','2');
INSERT INTO ciudad (city_name,id_state) VALUES ('jose boiteux','2');
INSERT INTO ciudad (city_name,id_state) VALUES ('bananal','1');
INSERT INTO ciudad (city_name,id_state) VALUES ('mojui dos campos','7');
INSERT INTO ciudad (city_name,id_state) VALUES ('xangri-la','6');
INSERT INTO ciudad (city_name,id_state) VALUES ('farol','4');
INSERT INTO ciudad (city_name,id_state) VALUES ('sao lourenco do oeste','2');
INSERT INTO ciudad (city_name,id_state) VALUES ('campanario','3');
INSERT INTO ciudad (city_name,id_state) VALUES ('paulistana','24');
INSERT INTO ciudad (city_name,id_state) VALUES ('nova roma do sul','6');
INSERT INTO ciudad (city_name,id_state) VALUES ('alto taquari','17');
INSERT INTO ciudad (city_name,id_state) VALUES ('biritinga','10');
INSERT INTO ciudad (city_name,id_state) VALUES ('ipaba','3');
INSERT INTO ciudad (city_name,id_state) VALUES ('cocais','3');
INSERT INTO ciudad (city_name,id_state) VALUES ('arenapolis','17');
INSERT INTO ciudad (city_name,id_state) VALUES ('bom jesus das selvas','11');
INSERT INTO ciudad (city_name,id_state) VALUES ('brejo grande','26');
INSERT INTO ciudad (city_name,id_state) VALUES ('bom repouso','3');
INSERT INTO ciudad (city_name,id_state) VALUES ('capanema','7');
INSERT INTO ciudad (city_name,id_state) VALUES ('nazare da mata','16');
INSERT INTO ciudad (city_name,id_state) VALUES ('sao miguel do iguacu','4');
INSERT INTO ciudad (city_name,id_state) VALUES ('nova olinda do maranhao','11');
INSERT INTO ciudad (city_name,id_state) VALUES ('riolandia','1');
INSERT INTO ciudad (city_name,id_state) VALUES ('catanduvas','2');
INSERT INTO ciudad (city_name,id_state) VALUES ('boa viagem','13');
INSERT INTO ciudad (city_name,id_state) VALUES ('senador pompeu','13');
INSERT INTO ciudad (city_name,id_state) VALUES ('sao goncalo do sapucai','3');
INSERT INTO ciudad (city_name,id_state) VALUES ('costa marques','21');
INSERT INTO ciudad (city_name,id_state) VALUES ('itapaje','13');
INSERT INTO ciudad (city_name,id_state) VALUES ('minduri','3');
INSERT INTO ciudad (city_name,id_state) VALUES ('porto belo','2');
INSERT INTO ciudad (city_name,id_state) VALUES ('sao luis do curu','13');
INSERT INTO ciudad (city_name,id_state) VALUES ('junqueiro','20');
INSERT INTO ciudad (city_name,id_state) VALUES ('inhambupe','10');
INSERT INTO ciudad (city_name,id_state) VALUES ('irineopolis','2');
INSERT INTO ciudad (city_name,id_state) VALUES ('pirapozinho','1');
INSERT INTO ciudad (city_name,id_state) VALUES ('aroeiras','22');
INSERT INTO ciudad (city_name,id_state) VALUES ('campo do meio','3');
INSERT INTO ciudad (city_name,id_state) VALUES ('armazem','2');
INSERT INTO ciudad (city_name,id_state) VALUES ('presidente janio quadros','10');
INSERT INTO ciudad (city_name,id_state) VALUES ('palma sola','2');
INSERT INTO ciudad (city_name,id_state) VALUES ('sao joao','4');
INSERT INTO ciudad (city_name,id_state) VALUES ('nova santa rita','6');
INSERT INTO ciudad (city_name,id_state) VALUES ('juara','17');
INSERT INTO ciudad (city_name,id_state) VALUES ('vale real','6');
INSERT INTO ciudad (city_name,id_state) VALUES ('pinheiro machado','6');
INSERT INTO ciudad (city_name,id_state) VALUES ('jacaraci','10');
INSERT INTO ciudad (city_name,id_state) VALUES ('santa maria de itabira','3');
INSERT INTO ciudad (city_name,id_state) VALUES ('santa rita de minas','3');
INSERT INTO ciudad (city_name,id_state) VALUES ('sitio do quinto','10');
INSERT INTO ciudad (city_name,id_state) VALUES ('varjao de minas','3');
INSERT INTO ciudad (city_name,id_state) VALUES ('paco do lumiar','11');
INSERT INTO ciudad (city_name,id_state) VALUES ('neopolis','26');
INSERT INTO ciudad (city_name,id_state) VALUES ('ipubi','16');
INSERT INTO ciudad (city_name,id_state) VALUES ('jequitiba','3');
INSERT INTO ciudad (city_name,id_state) VALUES ('ipu','13');
INSERT INTO ciudad (city_name,id_state) VALUES ('paraiso do tocantins','23');
INSERT INTO ciudad (city_name,id_state) VALUES ('piedade do rio grande','3');
INSERT INTO ciudad (city_name,id_state) VALUES ('silvania','8');
INSERT INTO ciudad (city_name,id_state) VALUES ('cachoeira','10');
INSERT INTO ciudad (city_name,id_state) VALUES ('itapecuru mirim','11');
INSERT INTO ciudad (city_name,id_state) VALUES ('alto do rodrigues','15');
INSERT INTO ciudad (city_name,id_state) VALUES ('severiano melo','15');
INSERT INTO ciudad (city_name,id_state) VALUES ('ortigueira','4');
INSERT INTO ciudad (city_name,id_state) VALUES ('sao cristovao','26');
INSERT INTO ciudad (city_name,id_state) VALUES ('barra de guabiraba','16');
INSERT INTO ciudad (city_name,id_state) VALUES ('sao geraldo da piedade','3');
INSERT INTO ciudad (city_name,id_state) VALUES ('herval doeste','2');
INSERT INTO ciudad (city_name,id_state) VALUES ('bemposta','5');
INSERT INTO ciudad (city_name,id_state) VALUES ('alto jequitiba','3');
INSERT INTO ciudad (city_name,id_state) VALUES ('estrela','6');
INSERT INTO ciudad (city_name,id_state) VALUES ('lagoa da confusao','23');
INSERT INTO ciudad (city_name,id_state) VALUES ('fervedouro','3');
INSERT INTO ciudad (city_name,id_state) VALUES ('mirinzal','11');
INSERT INTO ciudad (city_name,id_state) VALUES ('juruena','17');
INSERT INTO ciudad (city_name,id_state) VALUES ('iguatu','4');
INSERT INTO ciudad (city_name,id_state) VALUES ('emilianopolis','1');
INSERT INTO ciudad (city_name,id_state) VALUES ('capela nova','3');
INSERT INTO ciudad (city_name,id_state) VALUES ('alfredo vasconcelos','3');
INSERT INTO ciudad (city_name,id_state) VALUES ('jaru','21');
INSERT INTO ciudad (city_name,id_state) VALUES ('tiradentes do sul','6');
INSERT INTO ciudad (city_name,id_state) VALUES ('virgem da lapa','3');
INSERT INTO ciudad (city_name,id_state) VALUES ('chapada','6');
INSERT INTO ciudad (city_name,id_state) VALUES ('carmo do cajuru','3');
INSERT INTO ciudad (city_name,id_state) VALUES ('barra da estiva','10');
INSERT INTO ciudad (city_name,id_state) VALUES ('nova russas','13');
INSERT INTO ciudad (city_name,id_state) VALUES ('fortaleza dos valos','6');
INSERT INTO ciudad (city_name,id_state) VALUES ('barra de sao miguel','20');
INSERT INTO ciudad (city_name,id_state) VALUES ('ribeirao bonito','1');
INSERT INTO ciudad (city_name,id_state) VALUES ('sao jose do cerrito','2');
INSERT INTO ciudad (city_name,id_state) VALUES ('chopinzinho','4');
INSERT INTO ciudad (city_name,id_state) VALUES ('raposo','5');
INSERT INTO ciudad (city_name,id_state) VALUES ('tomar do geru','26');
INSERT INTO ciudad (city_name,id_state) VALUES ('tanque darca','20');
INSERT INTO ciudad (city_name,id_state) VALUES ('capao do cipo','6');
INSERT INTO ciudad (city_name,id_state) VALUES ('itirucu','10');
INSERT INTO ciudad (city_name,id_state) VALUES ('jussari','10');
INSERT INTO ciudad (city_name,id_state) VALUES ('nova lacerda','17');
INSERT INTO ciudad (city_name,id_state) VALUES ('imaculada','22');
INSERT INTO ciudad (city_name,id_state) VALUES ('arenopolis','8');
INSERT INTO ciudad (city_name,id_state) VALUES ('quixeramobim','13');
INSERT INTO ciudad (city_name,id_state) VALUES ('camocim','13');
INSERT INTO ciudad (city_name,id_state) VALUES ('mutuipe','10');
INSERT INTO ciudad (city_name,id_state) VALUES ('japuiba','5');
INSERT INTO ciudad (city_name,id_state) VALUES ('pomerode','2');
INSERT INTO ciudad (city_name,id_state) VALUES ('maranguape','13');
INSERT INTO ciudad (city_name,id_state) VALUES ('hidreletrica tucurui','7');
INSERT INTO ciudad (city_name,id_state) VALUES ('mariano moro','6');
INSERT INTO ciudad (city_name,id_state) VALUES ('zacarias','1');
INSERT INTO ciudad (city_name,id_state) VALUES ('muzambinho','3');
INSERT INTO ciudad (city_name,id_state) VALUES ('paulo jacinto','20');
INSERT INTO ciudad (city_name,id_state) VALUES ('riacho de santo antonio','22');
INSERT INTO ciudad (city_name,id_state) VALUES ('bom jesus do amparo','3');
INSERT INTO ciudad (city_name,id_state) VALUES ('montezuma','3');
INSERT INTO ciudad (city_name,id_state) VALUES ('parauna','8');
INSERT INTO ciudad (city_name,id_state) VALUES ('oliveira','3');
INSERT INTO ciudad (city_name,id_state) VALUES ('palmeirinha','4');
INSERT INTO ciudad (city_name,id_state) VALUES ('jacupiranga','1');
INSERT INTO ciudad (city_name,id_state) VALUES ('alexandria','15');
INSERT INTO ciudad (city_name,id_state) VALUES ('luizlandia do oeste','3');
INSERT INTO ciudad (city_name,id_state) VALUES ('sao mamede','22');
INSERT INTO ciudad (city_name,id_state) VALUES ('tanhacu','10');
INSERT INTO ciudad (city_name,id_state) VALUES ('tenente portela','6');
INSERT INTO ciudad (city_name,id_state) VALUES ('bady bassitt','1');
INSERT INTO ciudad (city_name,id_state) VALUES ('agua santa','6');
INSERT INTO ciudad (city_name,id_state) VALUES ('santa branca','1');
INSERT INTO ciudad (city_name,id_state) VALUES ('nova europa','1');
INSERT INTO ciudad (city_name,id_state) VALUES ('guaratuba','4');
INSERT INTO ciudad (city_name,id_state) VALUES ('mairipotaba','8');
INSERT INTO ciudad (city_name,id_state) VALUES ('lobato','4');
INSERT INTO ciudad (city_name,id_state) VALUES ('cachoeira do campo','3');
INSERT INTO ciudad (city_name,id_state) VALUES ('serrolandia','10');
INSERT INTO ciudad (city_name,id_state) VALUES ('monsenhor tabosa','13');
INSERT INTO ciudad (city_name,id_state) VALUES ('silveiras','1');
INSERT INTO ciudad (city_name,id_state) VALUES ('lajeado','23');
INSERT INTO ciudad (city_name,id_state) VALUES ('alto rio doce','3');
INSERT INTO ciudad (city_name,id_state) VALUES ('redencao','13');
INSERT INTO ciudad (city_name,id_state) VALUES ('guarara','3');
INSERT INTO ciudad (city_name,id_state) VALUES ('gilbues','24');
INSERT INTO ciudad (city_name,id_state) VALUES ('santa luzia do parua','11');
INSERT INTO ciudad (city_name,id_state) VALUES ('sume','22');
INSERT INTO ciudad (city_name,id_state) VALUES ('piraquara','4');
INSERT INTO ciudad (city_name,id_state) VALUES ('xavantina','2');
INSERT INTO ciudad (city_name,id_state) VALUES ('brejoes','10');
INSERT INTO ciudad (city_name,id_state) VALUES ('morretes','4');
INSERT INTO ciudad (city_name,id_state) VALUES ('santa helena de minas','3');
INSERT INTO ciudad (city_name,id_state) VALUES ('ribeirao cascalheira','17');
INSERT INTO ciudad (city_name,id_state) VALUES ('moju','7');
INSERT INTO ciudad (city_name,id_state) VALUES ('rodeio bonito','6');
INSERT INTO ciudad (city_name,id_state) VALUES ('carmo da cachoeira','3');
INSERT INTO ciudad (city_name,id_state) VALUES ('itaporanga','1');
INSERT INTO ciudad (city_name,id_state) VALUES ('mondai','2');
INSERT INTO ciudad (city_name,id_state) VALUES ('itaicaba','13');
INSERT INTO ciudad (city_name,id_state) VALUES ('tupandi','6');
INSERT INTO ciudad (city_name,id_state) VALUES ('saude','10');
INSERT INTO ciudad (city_name,id_state) VALUES ('sao romao','3');
INSERT INTO ciudad (city_name,id_state) VALUES ('brodowski','1');
INSERT INTO ciudad (city_name,id_state) VALUES ('propria','26');
INSERT INTO ciudad (city_name,id_state) VALUES ('machadinho doeste','21');
INSERT INTO ciudad (city_name,id_state) VALUES ('santo amaro de campos','5');
INSERT INTO ciudad (city_name,id_state) VALUES ('pentecoste','13');
INSERT INTO ciudad (city_name,id_state) VALUES ('fatima do sul','12');
INSERT INTO ciudad (city_name,id_state) VALUES ('ibiracatu','3');
INSERT INTO ciudad (city_name,id_state) VALUES ('vanini','6');
INSERT INTO ciudad (city_name,id_state) VALUES ('candeias do jamari','21');
INSERT INTO ciudad (city_name,id_state) VALUES ('nova trento','2');
INSERT INTO ciudad (city_name,id_state) VALUES ('santa rita do ibitipoca','3');
INSERT INTO ciudad (city_name,id_state) VALUES ('palmares do sul','6');
INSERT INTO ciudad (city_name,id_state) VALUES ('sao goncalo do amarante','13');
INSERT INTO ciudad (city_name,id_state) VALUES ('alfredo wagner','2');
INSERT INTO ciudad (city_name,id_state) VALUES ('rio do pires','10');
INSERT INTO ciudad (city_name,id_state) VALUES ('marechal floriano','9');
INSERT INTO ciudad (city_name,id_state) VALUES ('imbau','4');
INSERT INTO ciudad (city_name,id_state) VALUES ('jaguari','6');
INSERT INTO ciudad (city_name,id_state) VALUES ('ibaiti','4');
INSERT INTO ciudad (city_name,id_state) VALUES ('ponte serrada','2');
INSERT INTO ciudad (city_name,id_state) VALUES ('santa helena','4');
INSERT INTO ciudad (city_name,id_state) VALUES ('adolfo','1');
INSERT INTO ciudad (city_name,id_state) VALUES ('uniao do sul','17');
INSERT INTO ciudad (city_name,id_state) VALUES ('lapa','4');
INSERT INTO ciudad (city_name,id_state) VALUES ('ararangua','2');
INSERT INTO ciudad (city_name,id_state) VALUES ('joao neiva','9');
INSERT INTO ciudad (city_name,id_state) VALUES ('panambi','6');
INSERT INTO ciudad (city_name,id_state) VALUES ('augusto correa','7');
INSERT INTO ciudad (city_name,id_state) VALUES ('dionisio cerqueira','2');
INSERT INTO ciudad (city_name,id_state) VALUES ('salinas','3');
INSERT INTO ciudad (city_name,id_state) VALUES ('canapolis','10');
INSERT INTO ciudad (city_name,id_state) VALUES ('joaquim nabuco','16');
INSERT INTO ciudad (city_name,id_state) VALUES ('venancio aires','6');
INSERT INTO ciudad (city_name,id_state) VALUES ('cunha pora','2');
INSERT INTO ciudad (city_name,id_state) VALUES ('polo petroquimico de triunfo','6');
INSERT INTO ciudad (city_name,id_state) VALUES ('sao pedro do iguacu','4');
INSERT INTO ciudad (city_name,id_state) VALUES ('alterosa','3');
INSERT INTO ciudad (city_name,id_state) VALUES ('sao paulo do potengi','15');
INSERT INTO ciudad (city_name,id_state) VALUES ('conceicao de macabu','5');
INSERT INTO ciudad (city_name,id_state) VALUES ('senador guiomard','25');
INSERT INTO ciudad (city_name,id_state) VALUES ('capitao','6');
INSERT INTO ciudad (city_name,id_state) VALUES ('alcobaca','10');
INSERT INTO ciudad (city_name,id_state) VALUES ('governador eugenio barros','11');
INSERT INTO ciudad (city_name,id_state) VALUES ('bataipora','12');
INSERT INTO ciudad (city_name,id_state) VALUES ('pedra azul','3');
INSERT INTO ciudad (city_name,id_state) VALUES ('ventania','4');
INSERT INTO ciudad (city_name,id_state) VALUES ('iraucuba','13');
INSERT INTO ciudad (city_name,id_state) VALUES ('novo jardim','23');
INSERT INTO ciudad (city_name,id_state) VALUES ('goiana','3');
INSERT INTO ciudad (city_name,id_state) VALUES ('cabo de santo agostinho','16');
INSERT INTO ciudad (city_name,id_state) VALUES ('ibertioga','3');
INSERT INTO ciudad (city_name,id_state) VALUES ('sao francisco','26');
INSERT INTO ciudad (city_name,id_state) VALUES ('nova guataporanga','1');
INSERT INTO ciudad (city_name,id_state) VALUES ('livramento de nossa senhora','10');
INSERT INTO ciudad (city_name,id_state) VALUES ('extrema','21');
INSERT INTO ciudad (city_name,id_state) VALUES ('santa maria do para','7');
INSERT INTO ciudad (city_name,id_state) VALUES ('martins soares','3');
INSERT INTO ciudad (city_name,id_state) VALUES ('simao dias','26');
INSERT INTO ciudad (city_name,id_state) VALUES ('centralina','3');
INSERT INTO ciudad (city_name,id_state) VALUES ('cambuquira','3');
INSERT INTO ciudad (city_name,id_state) VALUES ('catarina','13');
INSERT INTO ciudad (city_name,id_state) VALUES ('igaracu do tiete','1');
INSERT INTO ciudad (city_name,id_state) VALUES ('santo antonio do amparo','3');
INSERT INTO ciudad (city_name,id_state) VALUES ('moreilandia','16');
INSERT INTO ciudad (city_name,id_state) VALUES ('belo jardim','16');
INSERT INTO ciudad (city_name,id_state) VALUES ('goianesia','8');
INSERT INTO ciudad (city_name,id_state) VALUES ('perola','4');
INSERT INTO ciudad (city_name,id_state) VALUES ('bataguassu','12');
INSERT INTO ciudad (city_name,id_state) VALUES ('cantagalo','4');
INSERT INTO ciudad (city_name,id_state) VALUES ('nova fatima','4');
INSERT INTO ciudad (city_name,id_state) VALUES ('dionisio','3');
INSERT INTO ciudad (city_name,id_state) VALUES ('suzanapolis','1');
INSERT INTO ciudad (city_name,id_state) VALUES ('horizontina','6');
INSERT INTO ciudad (city_name,id_state) VALUES ('belem','22');
INSERT INTO ciudad (city_name,id_state) VALUES ('glorinha','6');
INSERT INTO ciudad (city_name,id_state) VALUES ('monteiropolis','20');
INSERT INTO ciudad (city_name,id_state) VALUES ('areado','3');
INSERT INTO ciudad (city_name,id_state) VALUES ('apodi','15');
INSERT INTO ciudad (city_name,id_state) VALUES ('rio das flores','5');
INSERT INTO ciudad (city_name,id_state) VALUES ('taquarana','20');
INSERT INTO ciudad (city_name,id_state) VALUES ('morro reuter','6');
INSERT INTO ciudad (city_name,id_state) VALUES ('taquara','6');
INSERT INTO ciudad (city_name,id_state) VALUES ('werneck','5');
INSERT INTO ciudad (city_name,id_state) VALUES ('rancho alegre','4');
INSERT INTO ciudad (city_name,id_state) VALUES ('colorado','4');
INSERT INTO ciudad (city_name,id_state) VALUES ('corupa','2');
INSERT INTO ciudad (city_name,id_state) VALUES ('cristais paulista','1');
INSERT INTO ciudad (city_name,id_state) VALUES ('tibagi','4');
INSERT INTO ciudad (city_name,id_state) VALUES ('nova hartz','6');
INSERT INTO ciudad (city_name,id_state) VALUES ('tapejara','4');
INSERT INTO ciudad (city_name,id_state) VALUES ('nova mamore','21');
INSERT INTO ciudad (city_name,id_state) VALUES ('castanheiras','21');
INSERT INTO ciudad (city_name,id_state) VALUES ('irape','1');
INSERT INTO ciudad (city_name,id_state) VALUES ('casa branca','1');
INSERT INTO ciudad (city_name,id_state) VALUES ('estrela do norte','1');
INSERT INTO ciudad (city_name,id_state) VALUES ('sao joao batista','2');
INSERT INTO ciudad (city_name,id_state) VALUES ('breu branco','7');
INSERT INTO ciudad (city_name,id_state) VALUES ('imbituva','4');
INSERT INTO ciudad (city_name,id_state) VALUES ('bela cruz','13');
INSERT INTO ciudad (city_name,id_state) VALUES ('antonio pereira','3');
INSERT INTO ciudad (city_name,id_state) VALUES ('abadia dos dourados','3');
INSERT INTO ciudad (city_name,id_state) VALUES ('canavieiras','10');
INSERT INTO ciudad (city_name,id_state) VALUES ('nova olimpia','17');
INSERT INTO ciudad (city_name,id_state) VALUES ('conceicao das alagoas','3');
INSERT INTO ciudad (city_name,id_state) VALUES ('piratuba','2');
INSERT INTO ciudad (city_name,id_state) VALUES ('ubaitaba','10');
INSERT INTO ciudad (city_name,id_state) VALUES ('chiapetta','6');
INSERT INTO ciudad (city_name,id_state) VALUES ('nova bandeirantes','17');
INSERT INTO ciudad (city_name,id_state) VALUES ('guarda-mor','3');
INSERT INTO ciudad (city_name,id_state) VALUES ('alfredo marcondes','1');
INSERT INTO ciudad (city_name,id_state) VALUES ('viana','11');
INSERT INTO ciudad (city_name,id_state) VALUES ('santo antonio do aracangua','1');
INSERT INTO ciudad (city_name,id_state) VALUES ('rancho alegre doeste','4');
INSERT INTO ciudad (city_name,id_state) VALUES ('eneas marques','4');
INSERT INTO ciudad (city_name,id_state) VALUES ('iuna','9');
INSERT INTO ciudad (city_name,id_state) VALUES ('tomazina','4');
INSERT INTO ciudad (city_name,id_state) VALUES ('santa rita do itueto','3');
INSERT INTO ciudad (city_name,id_state) VALUES ('barreiros','16');
INSERT INTO ciudad (city_name,id_state) VALUES ('aguas frias','2');
INSERT INTO ciudad (city_name,id_state) VALUES ('afogados da ingazeira','16');
INSERT INTO ciudad (city_name,id_state) VALUES ('bonito','16');
INSERT INTO ciudad (city_name,id_state) VALUES ('ocara','13');
INSERT INTO ciudad (city_name,id_state) VALUES ('nova vicosa','10');
INSERT INTO ciudad (city_name,id_state) VALUES ('crixas','8');
INSERT INTO ciudad (city_name,id_state) VALUES ('pombal','22');
INSERT INTO ciudad (city_name,id_state) VALUES ('itanhomi','3');
INSERT INTO ciudad (city_name,id_state) VALUES ('clevelandia','4');
INSERT INTO ciudad (city_name,id_state) VALUES ('piacabucu','20');
INSERT INTO ciudad (city_name,id_state) VALUES ('sao carlos do ivai','4');
INSERT INTO ciudad (city_name,id_state) VALUES ('mambore','4');
INSERT INTO ciudad (city_name,id_state) VALUES ('sao domingos','2');
INSERT INTO ciudad (city_name,id_state) VALUES ('tracuateua','7');
INSERT INTO ciudad (city_name,id_state) VALUES ('extremoz','15');
INSERT INTO ciudad (city_name,id_state) VALUES ('iramaia','10');
INSERT INTO ciudad (city_name,id_state) VALUES ('alhandra','22');
INSERT INTO ciudad (city_name,id_state) VALUES ('serio','6');
INSERT INTO ciudad (city_name,id_state) VALUES ('itapui','1');
INSERT INTO ciudad (city_name,id_state) VALUES ('santa cruz de minas','3');
INSERT INTO ciudad (city_name,id_state) VALUES ('catole do rocha','22');
INSERT INTO ciudad (city_name,id_state) VALUES ('sao jose do goiabal','3');
INSERT INTO ciudad (city_name,id_state) VALUES ('sao domingos do norte','9');
INSERT INTO ciudad (city_name,id_state) VALUES ('diogo de vasconcelos','3');
INSERT INTO ciudad (city_name,id_state) VALUES ('abaiara','13');
INSERT INTO ciudad (city_name,id_state) VALUES ('agronomica','2');
INSERT INTO ciudad (city_name,id_state) VALUES ('ewbank da camara','3');
INSERT INTO ciudad (city_name,id_state) VALUES ('amaraji','16');
INSERT INTO ciudad (city_name,id_state) VALUES ('capivari de baixo','2');
INSERT INTO ciudad (city_name,id_state) VALUES ('vista alegre do alto','1');
INSERT INTO ciudad (city_name,id_state) VALUES ('conceicao','22');
INSERT INTO ciudad (city_name,id_state) VALUES ('serra talhada','16');
INSERT INTO ciudad (city_name,id_state) VALUES ('eldorado','12');
INSERT INTO ciudad (city_name,id_state) VALUES ('macatuba','1');
INSERT INTO ciudad (city_name,id_state) VALUES ('cerro largo','6');
INSERT INTO ciudad (city_name,id_state) VALUES ('paranaiguara','8');
INSERT INTO ciudad (city_name,id_state) VALUES ('borda da mata','3');
INSERT INTO ciudad (city_name,id_state) VALUES ('capitao andrade','3');
INSERT INTO ciudad (city_name,id_state) VALUES ('candido mendes','11');
INSERT INTO ciudad (city_name,id_state) VALUES ('reginopolis','1');
INSERT INTO ciudad (city_name,id_state) VALUES ('colorado do oeste','21');
INSERT INTO ciudad (city_name,id_state) VALUES ('rifaina','1');
INSERT INTO ciudad (city_name,id_state) VALUES ('itaipulandia','4');
INSERT INTO ciudad (city_name,id_state) VALUES ('frei rogerio','2');
INSERT INTO ciudad (city_name,id_state) VALUES ('sao pedro de alcantara','2');
INSERT INTO ciudad (city_name,id_state) VALUES ('custodia','16');
INSERT INTO ciudad (city_name,id_state) VALUES ('teixeiras','3');
INSERT INTO ciudad (city_name,id_state) VALUES ('bom jesus do tocantins','7');
INSERT INTO ciudad (city_name,id_state) VALUES ('ibira','1');
INSERT INTO ciudad (city_name,id_state) VALUES ('caraubas','15');
INSERT INTO ciudad (city_name,id_state) VALUES ('correntina','10');
INSERT INTO ciudad (city_name,id_state) VALUES ('florestal','3');
INSERT INTO ciudad (city_name,id_state) VALUES ('lagoa formosa','3');
INSERT INTO ciudad (city_name,id_state) VALUES ('queimadas','22');
INSERT INTO ciudad (city_name,id_state) VALUES ('sao manuel','1');
INSERT INTO ciudad (city_name,id_state) VALUES ('mirandiba','16');
INSERT INTO ciudad (city_name,id_state) VALUES ('grajau','11');
INSERT INTO ciudad (city_name,id_state) VALUES ('pontes e lacerda','17');
INSERT INTO ciudad (city_name,id_state) VALUES ('castelandia','8');
INSERT INTO ciudad (city_name,id_state) VALUES ('barroso','3');
INSERT INTO ciudad (city_name,id_state) VALUES ('olho dagua das flores','20');
INSERT INTO ciudad (city_name,id_state) VALUES ('severinia','1');
INSERT INTO ciudad (city_name,id_state) VALUES ('sacramento','3');
INSERT INTO ciudad (city_name,id_state) VALUES ('guimarania','3');
INSERT INTO ciudad (city_name,id_state) VALUES ('carius','13');
INSERT INTO ciudad (city_name,id_state) VALUES ('arroio trinta','2');
INSERT INTO ciudad (city_name,id_state) VALUES ('botupora','10');
INSERT INTO ciudad (city_name,id_state) VALUES ('parobe','6');
INSERT INTO ciudad (city_name,id_state) VALUES ('iraquara','10');
INSERT INTO ciudad (city_name,id_state) VALUES ('sao joao do triunfo','4');
INSERT INTO ciudad (city_name,id_state) VALUES ('fronteiras','24');
INSERT INTO ciudad (city_name,id_state) VALUES ('mar de espanha','3');
INSERT INTO ciudad (city_name,id_state) VALUES ('sales','1');
INSERT INTO ciudad (city_name,id_state) VALUES ('matelandia','4');
INSERT INTO ciudad (city_name,id_state) VALUES ('sertanopolis','4');
INSERT INTO ciudad (city_name,id_state) VALUES ('aiuruoca','3');
INSERT INTO ciudad (city_name,id_state) VALUES ('pacoti','13');
INSERT INTO ciudad (city_name,id_state) VALUES ('glicerio','1');
INSERT INTO ciudad (city_name,id_state) VALUES ('crissiumal','6');
INSERT INTO ciudad (city_name,id_state) VALUES ('portelandia','8');
INSERT INTO ciudad (city_name,id_state) VALUES ('mendonca','1');
INSERT INTO ciudad (city_name,id_state) VALUES ('campos gerais','3');
INSERT INTO ciudad (city_name,id_state) VALUES ('sao joao do ivai','4');
INSERT INTO ciudad (city_name,id_state) VALUES ('boquim','26');
INSERT INTO ciudad (city_name,id_state) VALUES ('chapadao do sul','12');
INSERT INTO ciudad (city_name,id_state) VALUES ('cameta','7');
INSERT INTO ciudad (city_name,id_state) VALUES ('pedra do indaia','3');
INSERT INTO ciudad (city_name,id_state) VALUES ('edeia','8');
INSERT INTO ciudad (city_name,id_state) VALUES ('tobias barreto','26');
INSERT INTO ciudad (city_name,id_state) VALUES ('porto estrela','17');
INSERT INTO ciudad (city_name,id_state) VALUES ('pouso alto','3');
INSERT INTO ciudad (city_name,id_state) VALUES ('serra do salitre','3');
INSERT INTO ciudad (city_name,id_state) VALUES ('galvao','2');
INSERT INTO ciudad (city_name,id_state) VALUES ('quijingue','10');
INSERT INTO ciudad (city_name,id_state) VALUES ('cabo verde','3');
INSERT INTO ciudad (city_name,id_state) VALUES ('vargem alegre','5');
INSERT INTO ciudad (city_name,id_state) VALUES ('seabra','10');
INSERT INTO ciudad (city_name,id_state) VALUES ('japura','4');
INSERT INTO ciudad (city_name,id_state) VALUES ('cruzeiro do sul','25');
INSERT INTO ciudad (city_name,id_state) VALUES ('moema','3');
INSERT INTO ciudad (city_name,id_state) VALUES ('roncador','4');
INSERT INTO ciudad (city_name,id_state) VALUES ('serra dos dourados','4');
INSERT INTO ciudad (city_name,id_state) VALUES ('bertolinia','24');
INSERT INTO ciudad (city_name,id_state) VALUES ('lagoa da canoa','20');
INSERT INTO ciudad (city_name,id_state) VALUES ('inhuma','24');
INSERT INTO ciudad (city_name,id_state) VALUES ('agudo','6');
INSERT INTO ciudad (city_name,id_state) VALUES ('coremas','22');
INSERT INTO ciudad (city_name,id_state) VALUES ('angelina','2');
INSERT INTO ciudad (city_name,id_state) VALUES ('teofilandia','10');
INSERT INTO ciudad (city_name,id_state) VALUES ('dom pedro','11');
INSERT INTO ciudad (city_name,id_state) VALUES ('avelar','5');
INSERT INTO ciudad (city_name,id_state) VALUES ('saloa','16');
INSERT INTO ciudad (city_name,id_state) VALUES ('rio piracicaba','3');
INSERT INTO ciudad (city_name,id_state) VALUES ('vitorino freire','11');
INSERT INTO ciudad (city_name,id_state) VALUES ('biritiba-mirim','1');
INSERT INTO ciudad (city_name,id_state) VALUES ('vigia','7');
INSERT INTO ciudad (city_name,id_state) VALUES ('serranopolis','8');
INSERT INTO ciudad (city_name,id_state) VALUES ('alto horizonte','8');
INSERT INTO ciudad (city_name,id_state) VALUES ('ibiaca','6');
INSERT INTO ciudad (city_name,id_state) VALUES ('remigio','22');
INSERT INTO ciudad (city_name,id_state) VALUES ('sidrolandia','12');
INSERT INTO ciudad (city_name,id_state) VALUES ('sao joao dos patos','11');
INSERT INTO ciudad (city_name,id_state) VALUES ('jose de freitas','24');
INSERT INTO ciudad (city_name,id_state) VALUES ('sao joao do paraiso','5');
INSERT INTO ciudad (city_name,id_state) VALUES ('pedro canario','9');
INSERT INTO ciudad (city_name,id_state) VALUES ('turvolandia','3');
INSERT INTO ciudad (city_name,id_state) VALUES ('sao joao do sul','2');
INSERT INTO ciudad (city_name,id_state) VALUES ('guamare','15');
INSERT INTO ciudad (city_name,id_state) VALUES ('itaquirai','12');
INSERT INTO ciudad (city_name,id_state) VALUES ('itariri','1');
INSERT INTO ciudad (city_name,id_state) VALUES ('balneario arroio do silva','2');
INSERT INTO ciudad (city_name,id_state) VALUES ('baependi','3');
INSERT INTO ciudad (city_name,id_state) VALUES ('espigao alto do iguacu','4');
INSERT INTO ciudad (city_name,id_state) VALUES ('brasilandia de minas','3');
INSERT INTO ciudad (city_name,id_state) VALUES ('paraty','5');
INSERT INTO ciudad (city_name,id_state) VALUES ('indiana','1');
INSERT INTO ciudad (city_name,id_state) VALUES ('santa juliana','3');
INSERT INTO ciudad (city_name,id_state) VALUES ('paripueira','20');
INSERT INTO ciudad (city_name,id_state) VALUES ('brazabrantes','8');
INSERT INTO ciudad (city_name,id_state) VALUES ('pecanha','3');
INSERT INTO ciudad (city_name,id_state) VALUES ('sulina','4');
INSERT INTO ciudad (city_name,id_state) VALUES ('itobi','1');
INSERT INTO ciudad (city_name,id_state) VALUES ('tupancireta','6');
INSERT INTO ciudad (city_name,id_state) VALUES ('delmiro gouveia','20');
INSERT INTO ciudad (city_name,id_state) VALUES ('rio de contas','10');
INSERT INTO ciudad (city_name,id_state) VALUES ('porto acre','25');
INSERT INTO ciudad (city_name,id_state) VALUES ('esperantina','24');
INSERT INTO ciudad (city_name,id_state) VALUES ('icapui','13');
INSERT INTO ciudad (city_name,id_state) VALUES ('mandaguacu','4');
INSERT INTO ciudad (city_name,id_state) VALUES ('barao de cocais','3');
INSERT INTO ciudad (city_name,id_state) VALUES ('cerro grande','6');
INSERT INTO ciudad (city_name,id_state) VALUES ('ressaquinha','3');
INSERT INTO ciudad (city_name,id_state) VALUES ('sud mennucci','1');
INSERT INTO ciudad (city_name,id_state) VALUES ('alto garcas','17');
INSERT INTO ciudad (city_name,id_state) VALUES ('simolandia','8');
INSERT INTO ciudad (city_name,id_state) VALUES ('santa rita','11');
INSERT INTO ciudad (city_name,id_state) VALUES ('tapiramuta','10');
INSERT INTO ciudad (city_name,id_state) VALUES ('jose da penha','15');
INSERT INTO ciudad (city_name,id_state) VALUES ('alto parnaiba','11');
INSERT INTO ciudad (city_name,id_state) VALUES ('machados','16');
INSERT INTO ciudad (city_name,id_state) VALUES ('riacho de santana','10');
INSERT INTO ciudad (city_name,id_state) VALUES ('pedregulho','1');
INSERT INTO ciudad (city_name,id_state) VALUES ('itambacuri','3');
INSERT INTO ciudad (city_name,id_state) VALUES ('taquari','6');
INSERT INTO ciudad (city_name,id_state) VALUES ('uniao de minas','3');
INSERT INTO ciudad (city_name,id_state) VALUES ('penaforte','13');
INSERT INTO ciudad (city_name,id_state) VALUES ('itauba','17');
INSERT INTO ciudad (city_name,id_state) VALUES ('aparecida do rio negro','23');
INSERT INTO ciudad (city_name,id_state) VALUES ('luzilandia','24');
INSERT INTO ciudad (city_name,id_state) VALUES ('ilha de itamaraca','16');
INSERT INTO ciudad (city_name,id_state) VALUES ('getulio vargas','6');
INSERT INTO ciudad (city_name,id_state) VALUES ('espinosa','3');
INSERT INTO ciudad (city_name,id_state) VALUES ('porteirinha','3');
INSERT INTO ciudad (city_name,id_state) VALUES ('dores de campos','3');
INSERT INTO ciudad (city_name,id_state) VALUES ('baturite','13');
INSERT INTO ciudad (city_name,id_state) VALUES ('rio acima','3');
INSERT INTO ciudad (city_name,id_state) VALUES ('frei gaspar','3');
INSERT INTO ciudad (city_name,id_state) VALUES ('santa luzia do norte','20');
INSERT INTO ciudad (city_name,id_state) VALUES ('tres fronteiras','1');
INSERT INTO ciudad (city_name,id_state) VALUES ('jumirim','1');
INSERT INTO ciudad (city_name,id_state) VALUES ('pompeu','3');
INSERT INTO ciudad (city_name,id_state) VALUES ('mariluz','4');
INSERT INTO ciudad (city_name,id_state) VALUES ('barracao','6');
INSERT INTO ciudad (city_name,id_state) VALUES ('quatro bocas','7');
INSERT INTO ciudad (city_name,id_state) VALUES ('tres forquilhas','6');
INSERT INTO ciudad (city_name,id_state) VALUES ('wagner','10');
INSERT INTO ciudad (city_name,id_state) VALUES ('aurilandia','8');
INSERT INTO ciudad (city_name,id_state) VALUES ('nao-me-toque','6');
INSERT INTO ciudad (city_name,id_state) VALUES ('frutuoso gomes','15');
INSERT INTO ciudad (city_name,id_state) VALUES ('matoes do norte','11');
INSERT INTO ciudad (city_name,id_state) VALUES ('paraipaba','13');
INSERT INTO ciudad (city_name,id_state) VALUES ('pedro gomes','12');
INSERT INTO ciudad (city_name,id_state) VALUES ('sao francisco','22');
INSERT INTO ciudad (city_name,id_state) VALUES ('santa clara doeste','1');
INSERT INTO ciudad (city_name,id_state) VALUES ('aparecida doeste','1');
INSERT INTO ciudad (city_name,id_state) VALUES ('angical do piaui','24');
INSERT INTO ciudad (city_name,id_state) VALUES ('reserva','4');
INSERT INTO ciudad (city_name,id_state) VALUES ('sao pedro do turvo','1');
INSERT INTO ciudad (city_name,id_state) VALUES ('pindorama do tocantins','23');
INSERT INTO ciudad (city_name,id_state) VALUES ('eliseu martins','24');
INSERT INTO ciudad (city_name,id_state) VALUES ('nova canaa paulista','1');
INSERT INTO ciudad (city_name,id_state) VALUES ('jardim','12');
INSERT INTO ciudad (city_name,id_state) VALUES ('sabinopolis','3');
INSERT INTO ciudad (city_name,id_state) VALUES ('imbe de minas','3');
INSERT INTO ciudad (city_name,id_state) VALUES ('sete barras','1');
INSERT INTO ciudad (city_name,id_state) VALUES ('sobradinho','6');
INSERT INTO ciudad (city_name,id_state) VALUES ('rolim de moura','21');
INSERT INTO ciudad (city_name,id_state) VALUES ('conceicao da feira','10');
INSERT INTO ciudad (city_name,id_state) VALUES ('maravilha','20');
INSERT INTO ciudad (city_name,id_state) VALUES ('sao vicente','15');
INSERT INTO ciudad (city_name,id_state) VALUES ('praia grande','2');
INSERT INTO ciudad (city_name,id_state) VALUES ('sao bento','22');
INSERT INTO ciudad (city_name,id_state) VALUES ('itaguacu','9');
INSERT INTO ciudad (city_name,id_state) VALUES ('potengi','13');
INSERT INTO ciudad (city_name,id_state) VALUES ('anchieta','2');
INSERT INTO ciudad (city_name,id_state) VALUES ('jussiape','10');
INSERT INTO ciudad (city_name,id_state) VALUES ('gastao vidigal','1');
INSERT INTO ciudad (city_name,id_state) VALUES ('rincao','1');
INSERT INTO ciudad (city_name,id_state) VALUES ('cachoeira dourada','8');
INSERT INTO ciudad (city_name,id_state) VALUES ('tuparetama','16');
INSERT INTO ciudad (city_name,id_state) VALUES ('guara','14');
INSERT INTO ciudad (city_name,id_state) VALUES ('abre campo','3');
INSERT INTO ciudad (city_name,id_state) VALUES ('bonito','12');
INSERT INTO ciudad (city_name,id_state) VALUES ('terra roxa','4');
INSERT INTO ciudad (city_name,id_state) VALUES ('california','4');
INSERT INTO ciudad (city_name,id_state) VALUES ('jose bonifacio','1');
INSERT INTO ciudad (city_name,id_state) VALUES ('jenipapo de minas','3');
INSERT INTO ciudad (city_name,id_state) VALUES ('ilhota','2');
INSERT INTO ciudad (city_name,id_state) VALUES ('serranopolis do iguacu','4');
INSERT INTO ciudad (city_name,id_state) VALUES ('alto bela vista','2');
INSERT INTO ciudad (city_name,id_state) VALUES ('santana do acarau','13');
INSERT INTO ciudad (city_name,id_state) VALUES ('deodapolis','12');
INSERT INTO ciudad (city_name,id_state) VALUES ('mampituba','6');
INSERT INTO ciudad (city_name,id_state) VALUES ('poloni','1');
INSERT INTO ciudad (city_name,id_state) VALUES ('boa esperanca','4');
INSERT INTO ciudad (city_name,id_state) VALUES ('alvarenga','3');
INSERT INTO ciudad (city_name,id_state) VALUES ('regente feijo','1');
INSERT INTO ciudad (city_name,id_state) VALUES ('cruzalia','1');
INSERT INTO ciudad (city_name,id_state) VALUES ('rio negrinho','2');
INSERT INTO ciudad (city_name,id_state) VALUES ('sao miguel','15');
INSERT INTO ciudad (city_name,id_state) VALUES ('fronteira','3');
INSERT INTO ciudad (city_name,id_state) VALUES ('diamante do norte','4');
INSERT INTO ciudad (city_name,id_state) VALUES ('nossa senhora das gracas','4');
INSERT INTO ciudad (city_name,id_state) VALUES ('arinos','3');
INSERT INTO ciudad (city_name,id_state) VALUES ('mandaguari','4');
INSERT INTO ciudad (city_name,id_state) VALUES ('ibotirama','10');
INSERT INTO ciudad (city_name,id_state) VALUES ('nacip raydan','3');
INSERT INTO ciudad (city_name,id_state) VALUES ('porto trombetas','7');
INSERT INTO ciudad (city_name,id_state) VALUES ('sao francisco de paula','6');
INSERT INTO ciudad (city_name,id_state) VALUES ('serra azul de minas','3');
INSERT INTO ciudad (city_name,id_state) VALUES ('lucianopolis','1');
INSERT INTO ciudad (city_name,id_state) VALUES ('sao mateus de minas','3');
INSERT INTO ciudad (city_name,id_state) VALUES ('madre de deus de minas','3');
INSERT INTO ciudad (city_name,id_state) VALUES ('alpinopolis','3');
INSERT INTO ciudad (city_name,id_state) VALUES ('miranorte','23');
INSERT INTO ciudad (city_name,id_state) VALUES ('joselandia','11');
INSERT INTO ciudad (city_name,id_state) VALUES ('limeira do oeste','3');
INSERT INTO ciudad (city_name,id_state) VALUES ('luiz alves','2');
INSERT INTO ciudad (city_name,id_state) VALUES ('perdoes','3');
INSERT INTO ciudad (city_name,id_state) VALUES ('urubici','2');
INSERT INTO ciudad (city_name,id_state) VALUES ('icarai de minas','3');
INSERT INTO ciudad (city_name,id_state) VALUES ('jacunda','7');
INSERT INTO ciudad (city_name,id_state) VALUES ('itapemirim','9');
INSERT INTO ciudad (city_name,id_state) VALUES ('santo antonio dos campos','3');
INSERT INTO ciudad (city_name,id_state) VALUES ('travessao','5');
INSERT INTO ciudad (city_name,id_state) VALUES ('santo antonio da alegria','1');
INSERT INTO ciudad (city_name,id_state) VALUES ('piumhi','3');
INSERT INTO ciudad (city_name,id_state) VALUES ('colinas do tocantins','23');
INSERT INTO ciudad (city_name,id_state) VALUES ('corinto','3');
INSERT INTO ciudad (city_name,id_state) VALUES ('irece','10');
INSERT INTO ciudad (city_name,id_state) VALUES ('sao carlos','2');
INSERT INTO ciudad (city_name,id_state) VALUES ('combinado','23');
INSERT INTO ciudad (city_name,id_state) VALUES ('floreal','1');
INSERT INTO ciudad (city_name,id_state) VALUES ('urucui','24');
INSERT INTO ciudad (city_name,id_state) VALUES ('ariranha','1');
INSERT INTO ciudad (city_name,id_state) VALUES ('corrente','24');
INSERT INTO ciudad (city_name,id_state) VALUES ('turvo','2');
INSERT INTO ciudad (city_name,id_state) VALUES ('gameleira','16');
INSERT INTO ciudad (city_name,id_state) VALUES ('pontalinda','1');
INSERT INTO ciudad (city_name,id_state) VALUES ('lagoa dos tres cantos','6');
INSERT INTO ciudad (city_name,id_state) VALUES ('potim','1');
INSERT INTO ciudad (city_name,id_state) VALUES ('sao bernardino','2');
INSERT INTO ciudad (city_name,id_state) VALUES ('durande','3');
INSERT INTO ciudad (city_name,id_state) VALUES ('piacatu','1');
INSERT INTO ciudad (city_name,id_state) VALUES ('jardim do serido','15');
INSERT INTO ciudad (city_name,id_state) VALUES ('itapura','1');
INSERT INTO ciudad (city_name,id_state) VALUES ('charrua','6');
INSERT INTO ciudad (city_name,id_state) VALUES ('desterro do melo','3');
INSERT INTO ciudad (city_name,id_state) VALUES ('piripiri','24');
INSERT INTO ciudad (city_name,id_state) VALUES ('cacequi','6');
INSERT INTO ciudad (city_name,id_state) VALUES ('soledade','6');
INSERT INTO ciudad (city_name,id_state) VALUES ('piata','10');
INSERT INTO ciudad (city_name,id_state) VALUES ('irani','2');
INSERT INTO ciudad (city_name,id_state) VALUES ('morpara','10');
INSERT INTO ciudad (city_name,id_state) VALUES ('cabrobo','16');
INSERT INTO ciudad (city_name,id_state) VALUES ('santa margarida','4');
INSERT INTO ciudad (city_name,id_state) VALUES ('serra de sao bento','15');
INSERT INTO ciudad (city_name,id_state) VALUES ('cambira','4');
INSERT INTO ciudad (city_name,id_state) VALUES ('inconfidentes','3');
INSERT INTO ciudad (city_name,id_state) VALUES ('felixlandia','3');
INSERT INTO ciudad (city_name,id_state) VALUES ('monte formoso','3');
INSERT INTO ciudad (city_name,id_state) VALUES ('clementina','1');
INSERT INTO ciudad (city_name,id_state) VALUES ('ribeirao do sul','1');
INSERT INTO ciudad (city_name,id_state) VALUES ('confresa','17');
INSERT INTO ciudad (city_name,id_state) VALUES ('batalha','20');
INSERT INTO ciudad (city_name,id_state) VALUES ('bom retiro do sul','6');
INSERT INTO ciudad (city_name,id_state) VALUES ('maximiliano de almeida','6');
INSERT INTO ciudad (city_name,id_state) VALUES ('manduri','1');
INSERT INTO ciudad (city_name,id_state) VALUES ('santo antonio do palma','6');
INSERT INTO ciudad (city_name,id_state) VALUES ('vera cruz do oeste','4');
INSERT INTO ciudad (city_name,id_state) VALUES ('varjota','13');
INSERT INTO ciudad (city_name,id_state) VALUES ('grao para','2');
INSERT INTO ciudad (city_name,id_state) VALUES ('muliterno','6');
INSERT INTO ciudad (city_name,id_state) VALUES ('cansancao','10');
INSERT INTO ciudad (city_name,id_state) VALUES ('candido de abreu','4');
INSERT INTO ciudad (city_name,id_state) VALUES ('marco','13');
INSERT INTO ciudad (city_name,id_state) VALUES ('manaira','22');
INSERT INTO ciudad (city_name,id_state) VALUES ('condado','16');
INSERT INTO ciudad (city_name,id_state) VALUES ('coracao de jesus','3');
INSERT INTO ciudad (city_name,id_state) VALUES ('dois riachos','20');
INSERT INTO ciudad (city_name,id_state) VALUES ('ibicarai','10');
INSERT INTO ciudad (city_name,id_state) VALUES ('buerarema','10');
INSERT INTO ciudad (city_name,id_state) VALUES ('urai','4');
INSERT INTO ciudad (city_name,id_state) VALUES ('alagoa','3');
INSERT INTO ciudad (city_name,id_state) VALUES ('jaiba','3');
INSERT INTO ciudad (city_name,id_state) VALUES ('ituacu','10');
INSERT INTO ciudad (city_name,id_state) VALUES ('corrego danta','3');
INSERT INTO ciudad (city_name,id_state) VALUES ('uchoa','1');
INSERT INTO ciudad (city_name,id_state) VALUES ('careacu','3');
INSERT INTO ciudad (city_name,id_state) VALUES ('pien','4');
INSERT INTO ciudad (city_name,id_state) VALUES ('grupiara','3');
INSERT INTO ciudad (city_name,id_state) VALUES ('paulo de faria','1');
INSERT INTO ciudad (city_name,id_state) VALUES ('ipua','1');
INSERT INTO ciudad (city_name,id_state) VALUES ('pindoba','20');
INSERT INTO ciudad (city_name,id_state) VALUES ('lontras','2');
INSERT INTO ciudad (city_name,id_state) VALUES ('florida paulista','1');
INSERT INTO ciudad (city_name,id_state) VALUES ('macuco','5');
INSERT INTO ciudad (city_name,id_state) VALUES ('periquito','3');
INSERT INTO ciudad (city_name,id_state) VALUES ('pareci novo','6');
INSERT INTO ciudad (city_name,id_state) VALUES ('guaraquecaba','4');
INSERT INTO ciudad (city_name,id_state) VALUES ('japaratuba','26');
INSERT INTO ciudad (city_name,id_state) VALUES ('santa rita de caldas','3');
INSERT INTO ciudad (city_name,id_state) VALUES ('patu','15');
INSERT INTO ciudad (city_name,id_state) VALUES ('tucano','10');
INSERT INTO ciudad (city_name,id_state) VALUES ('sao felix do coribe','10');
INSERT INTO ciudad (city_name,id_state) VALUES ('mato rico','4');
INSERT INTO ciudad (city_name,id_state) VALUES ('pedrinopolis','3');
INSERT INTO ciudad (city_name,id_state) VALUES ('caiaponia','8');
INSERT INTO ciudad (city_name,id_state) VALUES ('carlopolis','4');
INSERT INTO ciudad (city_name,id_state) VALUES ('herval','6');
INSERT INTO ciudad (city_name,id_state) VALUES ('caico','15');
INSERT INTO ciudad (city_name,id_state) VALUES ('rodolfo fernandes','15');
INSERT INTO ciudad (city_name,id_state) VALUES ('sao joao do paraiso','3');
INSERT INTO ciudad (city_name,id_state) VALUES ('amambai','12');
INSERT INTO ciudad (city_name,id_state) VALUES ('simao pereira','3');
INSERT INTO ciudad (city_name,id_state) VALUES ('queixada','3');
INSERT INTO ciudad (city_name,id_state) VALUES ('governador dix-sept rosado','15');
INSERT INTO ciudad (city_name,id_state) VALUES ('belo campo','10');
INSERT INTO ciudad (city_name,id_state) VALUES ('dom joaquim','3');
INSERT INTO ciudad (city_name,id_state) VALUES ('nantes','1');
INSERT INTO ciudad (city_name,id_state) VALUES ('butia','6');
INSERT INTO ciudad (city_name,id_state) VALUES ('pinhalao','4');
INSERT INTO ciudad (city_name,id_state) VALUES ('ibiara','22');
INSERT INTO ciudad (city_name,id_state) VALUES ('barao de juparana','5');
INSERT INTO ciudad (city_name,id_state) VALUES ('chale','3');
INSERT INTO ciudad (city_name,id_state) VALUES ('cruzeiro da fortaleza','3');
INSERT INTO ciudad (city_name,id_state) VALUES ('silveira carvalho','3');
INSERT INTO ciudad (city_name,id_state) VALUES ('chorozinho','13');
INSERT INTO ciudad (city_name,id_state) VALUES ('dom feliciano','6');
INSERT INTO ciudad (city_name,id_state) VALUES ('populina','1');
INSERT INTO ciudad (city_name,id_state) VALUES ('inaja','16');
INSERT INTO ciudad (city_name,id_state) VALUES ('wanderley','10');
INSERT INTO ciudad (city_name,id_state) VALUES ('nova timboteua','7');
INSERT INTO ciudad (city_name,id_state) VALUES ('taciba','1');
INSERT INTO ciudad (city_name,id_state) VALUES ('jandaira','10');
INSERT INTO ciudad (city_name,id_state) VALUES ('sao valentim','6');
INSERT INTO ciudad (city_name,id_state) VALUES ('sao lourenco da serra','1');
INSERT INTO ciudad (city_name,id_state) VALUES ('chapada gaucha','3');
INSERT INTO ciudad (city_name,id_state) VALUES ('pirenopolis','8');
INSERT INTO ciudad (city_name,id_state) VALUES ('itapitanga','10');
INSERT INTO ciudad (city_name,id_state) VALUES ('itamogi','3');
INSERT INTO ciudad (city_name,id_state) VALUES ('santo antonio do taua','7');
INSERT INTO ciudad (city_name,id_state) VALUES ('iaras','1');
INSERT INTO ciudad (city_name,id_state) VALUES ('mandirituba','4');
INSERT INTO ciudad (city_name,id_state) VALUES ('sertao','6');
INSERT INTO ciudad (city_name,id_state) VALUES ('maravilhas','3');
INSERT INTO ciudad (city_name,id_state) VALUES ('dom aquino','17');
INSERT INTO ciudad (city_name,id_state) VALUES ('uruara','7');
INSERT INTO ciudad (city_name,id_state) VALUES ('manoel ribas','4');
INSERT INTO ciudad (city_name,id_state) VALUES ('barra do mendes','10');
INSERT INTO ciudad (city_name,id_state) VALUES ('sarutaia','1');
INSERT INTO ciudad (city_name,id_state) VALUES ('carlos chagas','3');
INSERT INTO ciudad (city_name,id_state) VALUES ('alvorada','23');
INSERT INTO ciudad (city_name,id_state) VALUES ('jari','6');
INSERT INTO ciudad (city_name,id_state) VALUES ('figueiropolis doeste','17');
INSERT INTO ciudad (city_name,id_state) VALUES ('timbauba','16');
INSERT INTO ciudad (city_name,id_state) VALUES ('orleans','2');
INSERT INTO ciudad (city_name,id_state) VALUES ('vila flores','6');
INSERT INTO ciudad (city_name,id_state) VALUES ('condor','6');
INSERT INTO ciudad (city_name,id_state) VALUES ('nova aurora','4');
INSERT INTO ciudad (city_name,id_state) VALUES ('sucupira do norte','11');
INSERT INTO ciudad (city_name,id_state) VALUES ('joao ramalho','1');
INSERT INTO ciudad (city_name,id_state) VALUES ('matoes','11');
INSERT INTO ciudad (city_name,id_state) VALUES ('saboeiro','13');
INSERT INTO ciudad (city_name,id_state) VALUES ('itaueira','24');
INSERT INTO ciudad (city_name,id_state) VALUES ('caibate','6');
INSERT INTO ciudad (city_name,id_state) VALUES ('lamim','3');
INSERT INTO ciudad (city_name,id_state) VALUES ('vargem','1');
INSERT INTO ciudad (city_name,id_state) VALUES ('trancoso','10');
INSERT INTO ciudad (city_name,id_state) VALUES ('presidente olegario','3');
INSERT INTO ciudad (city_name,id_state) VALUES ('ceres','8');
INSERT INTO ciudad (city_name,id_state) VALUES ('iguape','1');
INSERT INTO ciudad (city_name,id_state) VALUES ('campanha','3');
INSERT INTO ciudad (city_name,id_state) VALUES ('antonio prado de minas','3');
INSERT INTO ciudad (city_name,id_state) VALUES ('couto de magalhaes','23');
INSERT INTO ciudad (city_name,id_state) VALUES ('sao joao de iracema','1');
INSERT INTO ciudad (city_name,id_state) VALUES ('trairi','13');
INSERT INTO ciudad (city_name,id_state) VALUES ('dores do rio preto','9');
INSERT INTO ciudad (city_name,id_state) VALUES ('taquaracu de minas','3');
INSERT INTO ciudad (city_name,id_state) VALUES ('telha','26');
INSERT INTO ciudad (city_name,id_state) VALUES ('maripa','4');
INSERT INTO ciudad (city_name,id_state) VALUES ('cruz','13');
INSERT INTO ciudad (city_name,id_state) VALUES ('riachinho','3');
INSERT INTO ciudad (city_name,id_state) VALUES ('sao joao do paraiso','11');
INSERT INTO ciudad (city_name,id_state) VALUES ('itaitinga','13');
INSERT INTO ciudad (city_name,id_state) VALUES ('princesa isabel','22');
INSERT INTO ciudad (city_name,id_state) VALUES ('lidice','5');
INSERT INTO ciudad (city_name,id_state) VALUES ('bodoquena','12');
INSERT INTO ciudad (city_name,id_state) VALUES ('tapirai','1');
INSERT INTO ciudad (city_name,id_state) VALUES ('manoel viana','6');
INSERT INTO ciudad (city_name,id_state) VALUES ('cassilandia','12');
INSERT INTO ciudad (city_name,id_state) VALUES ('pendencias','15');
INSERT INTO ciudad (city_name,id_state) VALUES ('sao miguel do guapore','21');
INSERT INTO ciudad (city_name,id_state) VALUES ('benevides','7');
INSERT INTO ciudad (city_name,id_state) VALUES ('coimbra','3');
INSERT INTO ciudad (city_name,id_state) VALUES ('coqueiro baixo','6');
INSERT INTO ciudad (city_name,id_state) VALUES ('pedrinhas paulista','1');
INSERT INTO ciudad (city_name,id_state) VALUES ('itamira','10');
INSERT INTO ciudad (city_name,id_state) VALUES ('santanesia','5');
INSERT INTO ciudad (city_name,id_state) VALUES ('ajuricaba','6');
INSERT INTO ciudad (city_name,id_state) VALUES ('caninde de sao francisco','26');
INSERT INTO ciudad (city_name,id_state) VALUES ('iracema','13');
INSERT INTO ciudad (city_name,id_state) VALUES ('apiaca','9');
INSERT INTO ciudad (city_name,id_state) VALUES ('guiricema','3');
INSERT INTO ciudad (city_name,id_state) VALUES ('presidente alves','1');
INSERT INTO ciudad (city_name,id_state) VALUES ('monte azul paulista','1');
INSERT INTO ciudad (city_name,id_state) VALUES ('pedro osorio','6');
INSERT INTO ciudad (city_name,id_state) VALUES ('taparuba','3');
INSERT INTO ciudad (city_name,id_state) VALUES ('alagoa grande','22');
INSERT INTO ciudad (city_name,id_state) VALUES ('arandu','1');
INSERT INTO ciudad (city_name,id_state) VALUES ('moreira sales','4');
INSERT INTO ciudad (city_name,id_state) VALUES ('concordia do para','7');
INSERT INTO ciudad (city_name,id_state) VALUES ('carmo da mata','3');
INSERT INTO ciudad (city_name,id_state) VALUES ('cocal','24');
INSERT INTO ciudad (city_name,id_state) VALUES ('boa vista das missoes','6');
INSERT INTO ciudad (city_name,id_state) VALUES ('tapiratiba','1');
INSERT INTO ciudad (city_name,id_state) VALUES ('canitar','1');
INSERT INTO ciudad (city_name,id_state) VALUES ('protasio alves','6');
INSERT INTO ciudad (city_name,id_state) VALUES ('passagem','22');
INSERT INTO ciudad (city_name,id_state) VALUES ('nossa senhora de caravaggio','2');
INSERT INTO ciudad (city_name,id_state) VALUES ('itaporanga dajuda','26');
INSERT INTO ciudad (city_name,id_state) VALUES ('cristinapolis','26');
INSERT INTO ciudad (city_name,id_state) VALUES ('bacuri','11');
INSERT INTO ciudad (city_name,id_state) VALUES ('satiro dias','10');
INSERT INTO ciudad (city_name,id_state) VALUES ('cruzilia','3');
INSERT INTO ciudad (city_name,id_state) VALUES ('catigua','1');
INSERT INTO ciudad (city_name,id_state) VALUES ('motuca','1');
INSERT INTO ciudad (city_name,id_state) VALUES ('goncalves dias','11');
INSERT INTO ciudad (city_name,id_state) VALUES ('rio dos cedros','2');
INSERT INTO ciudad (city_name,id_state) VALUES ('erval grande','6');
INSERT INTO ciudad (city_name,id_state) VALUES ('imbuia','2');
INSERT INTO ciudad (city_name,id_state) VALUES ('minas novas','3');
INSERT INTO ciudad (city_name,id_state) VALUES ('pedra','16');
INSERT INTO ciudad (city_name,id_state) VALUES ('dario meira','10');
INSERT INTO ciudad (city_name,id_state) VALUES ('resende costa','3');
INSERT INTO ciudad (city_name,id_state) VALUES ('cananeia','1');
INSERT INTO ciudad (city_name,id_state) VALUES ('conceicao do almeida','10');
INSERT INTO ciudad (city_name,id_state) VALUES ('barao do triunfo','6');
INSERT INTO ciudad (city_name,id_state) VALUES ('ponto dos volantes','3');
INSERT INTO ciudad (city_name,id_state) VALUES ('ibiraja','10');
INSERT INTO ciudad (city_name,id_state) VALUES ('campo maior','24');
INSERT INTO ciudad (city_name,id_state) VALUES ('barra do ribeiro','6');
INSERT INTO ciudad (city_name,id_state) VALUES ('abrantes','10');
INSERT INTO ciudad (city_name,id_state) VALUES ('ibipitanga','10');
INSERT INTO ciudad (city_name,id_state) VALUES ('sao goncalo do rio das pedras','3');
INSERT INTO ciudad (city_name,id_state) VALUES ('caarapo','12');
INSERT INTO ciudad (city_name,id_state) VALUES ('florinia','1');
INSERT INTO ciudad (city_name,id_state) VALUES ('boa vista do cadeado','6');
INSERT INTO ciudad (city_name,id_state) VALUES ('juruaia','3');
INSERT INTO ciudad (city_name,id_state) VALUES ('iaciara','8');
INSERT INTO ciudad (city_name,id_state) VALUES ('jacutinga','6');
INSERT INTO ciudad (city_name,id_state) VALUES ('azurita','3');
INSERT INTO ciudad (city_name,id_state) VALUES ('nova america da colina','4');
INSERT INTO ciudad (city_name,id_state) VALUES ('fagundes','22');
INSERT INTO ciudad (city_name,id_state) VALUES ('alvares machado','1');
INSERT INTO ciudad (city_name,id_state) VALUES ('lagoinha do piaui','24');
INSERT INTO ciudad (city_name,id_state) VALUES ('vertentes','16');
INSERT INTO ciudad (city_name,id_state) VALUES ('sao jose da vitoria','10');
INSERT INTO ciudad (city_name,id_state) VALUES ('balneario barra do sul','2');
INSERT INTO ciudad (city_name,id_state) VALUES ('sao bentinho','22');
INSERT INTO ciudad (city_name,id_state) VALUES ('bernardino de campos','1');
INSERT INTO ciudad (city_name,id_state) VALUES ('andrequice','3');
INSERT INTO ciudad (city_name,id_state) VALUES ('doutor mauricio cardoso','6');
INSERT INTO ciudad (city_name,id_state) VALUES ('uibai','10');
INSERT INTO ciudad (city_name,id_state) VALUES ('caldeirao grande','10');
INSERT INTO ciudad (city_name,id_state) VALUES ('nossa senhora do o','16');
INSERT INTO ciudad (city_name,id_state) VALUES ('junco do serido','22');
INSERT INTO ciudad (city_name,id_state) VALUES ('iepe','1');
INSERT INTO ciudad (city_name,id_state) VALUES ('cruzeiro do iguacu','4');
INSERT INTO ciudad (city_name,id_state) VALUES ('catuipe','6');
INSERT INTO ciudad (city_name,id_state) VALUES ('muqui','9');
INSERT INTO ciudad (city_name,id_state) VALUES ('rio casca','3');
INSERT INTO ciudad (city_name,id_state) VALUES ('pocao de pedras','11');
INSERT INTO ciudad (city_name,id_state) VALUES ('serra do ramalho','10');
INSERT INTO ciudad (city_name,id_state) VALUES ('arcoverde','16');
INSERT INTO ciudad (city_name,id_state) VALUES ('bandeira do sul','3');
INSERT INTO ciudad (city_name,id_state) VALUES ('milha','13');
INSERT INTO ciudad (city_name,id_state) VALUES ('prudentopolis','4');
INSERT INTO ciudad (city_name,id_state) VALUES ('passagem franca','11');
INSERT INTO ciudad (city_name,id_state) VALUES ('maribondo','20');
INSERT INTO ciudad (city_name,id_state) VALUES ('corumbatai do sul','4');
INSERT INTO ciudad (city_name,id_state) VALUES ('purilandia','5');
INSERT INTO ciudad (city_name,id_state) VALUES ('sao lourenco do piaui','24');
INSERT INTO ciudad (city_name,id_state) VALUES ('mariopolis','4');
INSERT INTO ciudad (city_name,id_state) VALUES ('bela vista','12');
INSERT INTO ciudad (city_name,id_state) VALUES ('igreja nova','20');
INSERT INTO ciudad (city_name,id_state) VALUES ('vitorino','4');
INSERT INTO ciudad (city_name,id_state) VALUES ('xambioa','23');
INSERT INTO ciudad (city_name,id_state) VALUES ('cotriguacu','17');
INSERT INTO ciudad (city_name,id_state) VALUES ('santana do jacare','3');
INSERT INTO ciudad (city_name,id_state) VALUES ('botuvera','2');
INSERT INTO ciudad (city_name,id_state) VALUES ('carnaubais','15');
INSERT INTO ciudad (city_name,id_state) VALUES ('bonito de minas','3');
INSERT INTO ciudad (city_name,id_state) VALUES ('pauliceia','1');
INSERT INTO ciudad (city_name,id_state) VALUES ('sao jose da boa vista','4');
INSERT INTO ciudad (city_name,id_state) VALUES ('ubajara','13');
INSERT INTO ciudad (city_name,id_state) VALUES ('abelardo luz','2');
INSERT INTO ciudad (city_name,id_state) VALUES ('belem do sao francisco','16');
INSERT INTO ciudad (city_name,id_state) VALUES ('itapagipe','3');
INSERT INTO ciudad (city_name,id_state) VALUES ('mairi','10');
INSERT INTO ciudad (city_name,id_state) VALUES ('ipiranga de goias','8');
INSERT INTO ciudad (city_name,id_state) VALUES ('areial','22');
INSERT INTO ciudad (city_name,id_state) VALUES ('morro vermelho','3');
INSERT INTO ciudad (city_name,id_state) VALUES ('senador modestino goncalves','3');
INSERT INTO ciudad (city_name,id_state) VALUES ('pereiro','13');
INSERT INTO ciudad (city_name,id_state) VALUES ('inimutaba','3');
INSERT INTO ciudad (city_name,id_state) VALUES ('solanea','22');
INSERT INTO ciudad (city_name,id_state) VALUES ('santa rita da floresta','5');
INSERT INTO ciudad (city_name,id_state) VALUES ('sao bras do suacui','3');
INSERT INTO ciudad (city_name,id_state) VALUES ('morro do ferro','3');
INSERT INTO ciudad (city_name,id_state) VALUES ('jaragua','8');
INSERT INTO ciudad (city_name,id_state) VALUES ('muquem do sao francisco','10');
INSERT INTO ciudad (city_name,id_state) VALUES ('colorado','6');
INSERT INTO ciudad (city_name,id_state) VALUES ('guadalupe','24');
INSERT INTO ciudad (city_name,id_state) VALUES ('vereda','10');
INSERT INTO ciudad (city_name,id_state) VALUES ('sao miguel do araguaia','8');
INSERT INTO ciudad (city_name,id_state) VALUES ('parapua','1');
INSERT INTO ciudad (city_name,id_state) VALUES ('nova soure','10');
INSERT INTO ciudad (city_name,id_state) VALUES ('rio do oeste','2');
INSERT INTO ciudad (city_name,id_state) VALUES ('santo amaro das brotas','26');
INSERT INTO ciudad (city_name,id_state) VALUES ('colina','1');
INSERT INTO ciudad (city_name,id_state) VALUES ('ritapolis','3');
INSERT INTO ciudad (city_name,id_state) VALUES ('santo antonio do rio abaixo','3');
INSERT INTO ciudad (city_name,id_state) VALUES ('goiana','16');
INSERT INTO ciudad (city_name,id_state) VALUES ('belo vale','3');
INSERT INTO ciudad (city_name,id_state) VALUES ('urandi','10');
INSERT INTO ciudad (city_name,id_state) VALUES ('itambe','16');
INSERT INTO ciudad (city_name,id_state) VALUES ('sao sebastiao do alto','5');
INSERT INTO ciudad (city_name,id_state) VALUES ('sao jose do belmonte','16');
INSERT INTO ciudad (city_name,id_state) VALUES ('santa monica','4');
INSERT INTO ciudad (city_name,id_state) VALUES ('santa fe de minas','3');
INSERT INTO ciudad (city_name,id_state) VALUES ('elisio medrado','10');
INSERT INTO ciudad (city_name,id_state) VALUES ('brejolandia','10');
INSERT INTO ciudad (city_name,id_state) VALUES ('paranacity','4');
INSERT INTO ciudad (city_name,id_state) VALUES ('alto rio novo','9');
INSERT INTO ciudad (city_name,id_state) VALUES ('sao benedito','3');
INSERT INTO ciudad (city_name,id_state) VALUES ('barros cassal','6');
INSERT INTO ciudad (city_name,id_state) VALUES ('bofete','1');
INSERT INTO ciudad (city_name,id_state) VALUES ('canto do buriti','24');
INSERT INTO ciudad (city_name,id_state) VALUES ('pianco','22');
INSERT INTO ciudad (city_name,id_state) VALUES ('rio das antas','2');
INSERT INTO ciudad (city_name,id_state) VALUES ('goianesia do para','7');
INSERT INTO ciudad (city_name,id_state) VALUES ('sape','22');
INSERT INTO ciudad (city_name,id_state) VALUES ('mombuca','1');
INSERT INTO ciudad (city_name,id_state) VALUES ('rianapolis','8');
INSERT INTO ciudad (city_name,id_state) VALUES ('ipe','6');
INSERT INTO ciudad (city_name,id_state) VALUES ('vila nelita','9');
INSERT INTO ciudad (city_name,id_state) VALUES ('ferros','3');
INSERT INTO ciudad (city_name,id_state) VALUES ('barra de santo antonio','20');
INSERT INTO ciudad (city_name,id_state) VALUES ('potiragua','10');
INSERT INTO ciudad (city_name,id_state) VALUES ('sao francisco de paula','3');
INSERT INTO ciudad (city_name,id_state) VALUES ('osvaldo kroeff','6');
INSERT INTO ciudad (city_name,id_state) VALUES ('rio verde','4');
INSERT INTO ciudad (city_name,id_state) VALUES ('iguatama','3');
INSERT INTO ciudad (city_name,id_state) VALUES ('estrela do sul','3');
INSERT INTO ciudad (city_name,id_state) VALUES ('buique','16');
INSERT INTO ciudad (city_name,id_state) VALUES ('pequizeiro','23');
INSERT INTO ciudad (city_name,id_state) VALUES ('montauri','6');
INSERT INTO ciudad (city_name,id_state) VALUES ('fatima','23');
INSERT INTO ciudad (city_name,id_state) VALUES ('morro de sao paulo','10');
INSERT INTO ciudad (city_name,id_state) VALUES ('novo barreiro','6');
INSERT INTO ciudad (city_name,id_state) VALUES ('campo azul','3');
INSERT INTO ciudad (city_name,id_state) VALUES ('restinga seca','6');
INSERT INTO ciudad (city_name,id_state) VALUES ('lago verde','11');
INSERT INTO ciudad (city_name,id_state) VALUES ('paranapua','1');
INSERT INTO ciudad (city_name,id_state) VALUES ('santa mercedes','1');
INSERT INTO ciudad (city_name,id_state) VALUES ('campinapolis','17');
INSERT INTO ciudad (city_name,id_state) VALUES ('dom pedrito','6');
INSERT INTO ciudad (city_name,id_state) VALUES ('nossa senhora da gloria','26');
INSERT INTO ciudad (city_name,id_state) VALUES ('guapiacu','1');
INSERT INTO ciudad (city_name,id_state) VALUES ('joviania','8');
INSERT INTO ciudad (city_name,id_state) VALUES ('holambra ii','1');
INSERT INTO ciudad (city_name,id_state) VALUES ('oliveira dos brejinhos','10');
INSERT INTO ciudad (city_name,id_state) VALUES ('realeza','4');
INSERT INTO ciudad (city_name,id_state) VALUES ('riacho das almas','16');
INSERT INTO ciudad (city_name,id_state) VALUES ('nova petropolis','6');
INSERT INTO ciudad (city_name,id_state) VALUES ('nova alvorada','6');
INSERT INTO ciudad (city_name,id_state) VALUES ('agua doce','2');
INSERT INTO ciudad (city_name,id_state) VALUES ('seringueiras','21');
INSERT INTO ciudad (city_name,id_state) VALUES ('planalto','4');
INSERT INTO ciudad (city_name,id_state) VALUES ('cambara do sul','6');
INSERT INTO ciudad (city_name,id_state) VALUES ('massape','13');
INSERT INTO ciudad (city_name,id_state) VALUES ('sao domingos do prata','3');
INSERT INTO ciudad (city_name,id_state) VALUES ('conceicao do coite','10');
INSERT INTO ciudad (city_name,id_state) VALUES ('natercia','3');
INSERT INTO ciudad (city_name,id_state) VALUES ('renascenca','4');
INSERT INTO ciudad (city_name,id_state) VALUES ('formigueiro','6');
INSERT INTO ciudad (city_name,id_state) VALUES ('herculandia','1');
INSERT INTO ciudad (city_name,id_state) VALUES ('carire','13');
INSERT INTO ciudad (city_name,id_state) VALUES ('inhauma','3');
INSERT INTO ciudad (city_name,id_state) VALUES ('areia branca dos assis','4');
INSERT INTO ciudad (city_name,id_state) VALUES ('major vieira','2');
INSERT INTO ciudad (city_name,id_state) VALUES ('sao benedito do sul','16');
INSERT INTO ciudad (city_name,id_state) VALUES ('bocaina','1');
INSERT INTO ciudad (city_name,id_state) VALUES ('passa tempo','3');
INSERT INTO ciudad (city_name,id_state) VALUES ('gentio do ouro','10');
INSERT INTO ciudad (city_name,id_state) VALUES ('serafina correa','6');
INSERT INTO ciudad (city_name,id_state) VALUES ('conceicao da ibitipoca','3');
INSERT INTO ciudad (city_name,id_state) VALUES ('pedreiras','11');
INSERT INTO ciudad (city_name,id_state) VALUES ('merces','3');
INSERT INTO ciudad (city_name,id_state) VALUES ('condeuba','10');
INSERT INTO ciudad (city_name,id_state) VALUES ('antonina do norte','13');
INSERT INTO ciudad (city_name,id_state) VALUES ('morada nova','7');
INSERT INTO ciudad (city_name,id_state) VALUES ('bugre','3');
INSERT INTO ciudad (city_name,id_state) VALUES ('baixa grande do ribeiro','24');
INSERT INTO ciudad (city_name,id_state) VALUES ('nonoai','6');
INSERT INTO ciudad (city_name,id_state) VALUES ('pedro afonso','23');
INSERT INTO ciudad (city_name,id_state) VALUES ('nova canaa','10');
INSERT INTO ciudad (city_name,id_state) VALUES ('frei martinho','22');
INSERT INTO ciudad (city_name,id_state) VALUES ('novo machado','6');
INSERT INTO ciudad (city_name,id_state) VALUES ('pau dos ferros','15');
INSERT INTO ciudad (city_name,id_state) VALUES ('presidente tancredo neves','10');
INSERT INTO ciudad (city_name,id_state) VALUES ('boninal','10');
INSERT INTO ciudad (city_name,id_state) VALUES ('doutor camargo','4');
INSERT INTO ciudad (city_name,id_state) VALUES ('bueno brandao','3');
INSERT INTO ciudad (city_name,id_state) VALUES ('muniz freire','9');
INSERT INTO ciudad (city_name,id_state) VALUES ('damianopolis','8');
INSERT INTO ciudad (city_name,id_state) VALUES ('pedra branca','13');
INSERT INTO ciudad (city_name,id_state) VALUES ('tabocas do brejo velho','10');
INSERT INTO ciudad (city_name,id_state) VALUES ('santana','10');
INSERT INTO ciudad (city_name,id_state) VALUES ('maiquinique','10');
INSERT INTO ciudad (city_name,id_state) VALUES ('ibateguara','20');
INSERT INTO ciudad (city_name,id_state) VALUES ('engenheiro beltrao','4');
INSERT INTO ciudad (city_name,id_state) VALUES ('brazopolis','3');
INSERT INTO ciudad (city_name,id_state) VALUES ('varzea','22');
INSERT INTO ciudad (city_name,id_state) VALUES ('governador lindenberg','9');
INSERT INTO ciudad (city_name,id_state) VALUES ('dona euzebia','3');
INSERT INTO ciudad (city_name,id_state) VALUES ('angelica','12');
INSERT INTO ciudad (city_name,id_state) VALUES ('carvalhopolis','3');
INSERT INTO ciudad (city_name,id_state) VALUES ('sao joao do sobrado','9');
INSERT INTO ciudad (city_name,id_state) VALUES ('peritiba','2');
INSERT INTO ciudad (city_name,id_state) VALUES ('quilombo','2');
INSERT INTO ciudad (city_name,id_state) VALUES ('monte verde','3');
INSERT INTO ciudad (city_name,id_state) VALUES ('pinheiro','11');
INSERT INTO ciudad (city_name,id_state) VALUES ('sao sebastiao do rio verde','3');
INSERT INTO ciudad (city_name,id_state) VALUES ('tocantins','3');
INSERT INTO ciudad (city_name,id_state) VALUES ('brasil novo','7');
INSERT INTO ciudad (city_name,id_state) VALUES ('timbe do sul','2');
INSERT INTO ciudad (city_name,id_state) VALUES ('aramina','1');
INSERT INTO ciudad (city_name,id_state) VALUES ('itupiranga','7');
INSERT INTO ciudad (city_name,id_state) VALUES ('ipixuna do para','7');
INSERT INTO ciudad (city_name,id_state) VALUES ('bras pires','3');
INSERT INTO ciudad (city_name,id_state) VALUES ('neropolis','8');
INSERT INTO ciudad (city_name,id_state) VALUES ('varzea alegre','13');
INSERT INTO ciudad (city_name,id_state) VALUES ('irai','6');
INSERT INTO ciudad (city_name,id_state) VALUES ('pocoes de paineiras','3');
INSERT INTO ciudad (city_name,id_state) VALUES ('paudalho','16');
INSERT INTO ciudad (city_name,id_state) VALUES ('aracuai','3');
INSERT INTO ciudad (city_name,id_state) VALUES ('montalvania','3');
INSERT INTO ciudad (city_name,id_state) VALUES ('alvares florence','1');
INSERT INTO ciudad (city_name,id_state) VALUES ('rubineia','1');
INSERT INTO ciudad (city_name,id_state) VALUES ('corumbatai','1');
INSERT INTO ciudad (city_name,id_state) VALUES ('tacaratu','16');
INSERT INTO ciudad (city_name,id_state) VALUES ('pantano grande','6');
INSERT INTO ciudad (city_name,id_state) VALUES ('jatauba','16');
INSERT INTO ciudad (city_name,id_state) VALUES ('diamantino','17');
INSERT INTO ciudad (city_name,id_state) VALUES ('leopoldo de bulhoes','8');
INSERT INTO ciudad (city_name,id_state) VALUES ('maracana','2');
INSERT INTO ciudad (city_name,id_state) VALUES ('terra de areia','6');
INSERT INTO ciudad (city_name,id_state) VALUES ('pacatuba','13');
INSERT INTO ciudad (city_name,id_state) VALUES ('bonito','7');
INSERT INTO ciudad (city_name,id_state) VALUES ('sao vitor','3');
INSERT INTO ciudad (city_name,id_state) VALUES ('pejucara','6');
INSERT INTO ciudad (city_name,id_state) VALUES ('congonhal','3');
INSERT INTO ciudad (city_name,id_state) VALUES ('conceicao do tocantins','23');
INSERT INTO ciudad (city_name,id_state) VALUES ('sao jose do inhacora','6');
INSERT INTO ciudad (city_name,id_state) VALUES ('faxinalzinho','6');
INSERT INTO ciudad (city_name,id_state) VALUES ('ravena','3');
INSERT INTO ciudad (city_name,id_state) VALUES ('afranio','16');
INSERT INTO ciudad (city_name,id_state) VALUES ('ubaporanga','3');
INSERT INTO ciudad (city_name,id_state) VALUES ('santo antonio da platina','4');
INSERT INTO ciudad (city_name,id_state) VALUES ('nova olinda','13');
INSERT INTO ciudad (city_name,id_state) VALUES ('jupi','16');
INSERT INTO ciudad (city_name,id_state) VALUES ('uniao','24');
INSERT INTO ciudad (city_name,id_state) VALUES ('ipira','10');
INSERT INTO ciudad (city_name,id_state) VALUES ('orobo','16');
INSERT INTO ciudad (city_name,id_state) VALUES ('jaguaruna','2');
INSERT INTO ciudad (city_name,id_state) VALUES ('sao domingos do sul','6');
INSERT INTO ciudad (city_name,id_state) VALUES ('carrancas','3');
INSERT INTO ciudad (city_name,id_state) VALUES ('boca da mata','20');
INSERT INTO ciudad (city_name,id_state) VALUES ('morada nova de minas','3');
INSERT INTO ciudad (city_name,id_state) VALUES ('mambai','8');
INSERT INTO ciudad (city_name,id_state) VALUES ('sao felix de minas','3');
INSERT INTO ciudad (city_name,id_state) VALUES ('aquiraz','13');
INSERT INTO ciudad (city_name,id_state) VALUES ('curralinho','7');
INSERT INTO ciudad (city_name,id_state) VALUES ('sao jose do barreiro','1');
INSERT INTO ciudad (city_name,id_state) VALUES ('mendes pimentel','3');
INSERT INTO ciudad (city_name,id_state) VALUES ('volta grande','3');
INSERT INTO ciudad (city_name,id_state) VALUES ('paulistania','1');
INSERT INTO ciudad (city_name,id_state) VALUES ('campinas do sul','6');
INSERT INTO ciudad (city_name,id_state) VALUES ('lagoa do piaui','24');
INSERT INTO ciudad (city_name,id_state) VALUES ('sao miguel do tapuio','24');
INSERT INTO ciudad (city_name,id_state) VALUES ('nova esperanca do sul','6');
INSERT INTO ciudad (city_name,id_state) VALUES ('descoberto','3');
INSERT INTO ciudad (city_name,id_state) VALUES ('sao luis do paraitinga','1');
INSERT INTO ciudad (city_name,id_state) VALUES ('campo do brito','26');
INSERT INTO ciudad (city_name,id_state) VALUES ('lagoao','6');
INSERT INTO ciudad (city_name,id_state) VALUES ('paial','2');
INSERT INTO ciudad (city_name,id_state) VALUES ('cajuri','3');
INSERT INTO ciudad (city_name,id_state) VALUES ('diorama','8');
INSERT INTO ciudad (city_name,id_state) VALUES ('joaima','3');
INSERT INTO ciudad (city_name,id_state) VALUES ('inaja','4');
INSERT INTO ciudad (city_name,id_state) VALUES ('vieiras','3');
INSERT INTO ciudad (city_name,id_state) VALUES ('roque gonzales','6');
INSERT INTO ciudad (city_name,id_state) VALUES ('mocajuba','7');
INSERT INTO ciudad (city_name,id_state) VALUES ('bom jardim','16');
INSERT INTO ciudad (city_name,id_state) VALUES ('riachao do jacuipe','10');
INSERT INTO ciudad (city_name,id_state) VALUES ('governador mangabeira','10');
INSERT INTO ciudad (city_name,id_state) VALUES ('avelino lopes','24');
INSERT INTO ciudad (city_name,id_state) VALUES ('ipora','4');
INSERT INTO ciudad (city_name,id_state) VALUES ('ararica','6');
INSERT INTO ciudad (city_name,id_state) VALUES ('mariapolis','1');
INSERT INTO ciudad (city_name,id_state) VALUES ('capao do leao','6');
INSERT INTO ciudad (city_name,id_state) VALUES ('sao sebastiao da serra','1');
INSERT INTO ciudad (city_name,id_state) VALUES ('igaci','20');
INSERT INTO ciudad (city_name,id_state) VALUES ('alvorada do gurgueia','24');
INSERT INTO ciudad (city_name,id_state) VALUES ('anita garibaldi','2');
INSERT INTO ciudad (city_name,id_state) VALUES ('rio manso','3');
INSERT INTO ciudad (city_name,id_state) VALUES ('barro alto','10');
INSERT INTO ciudad (city_name,id_state) VALUES ('fundao','9');
INSERT INTO ciudad (city_name,id_state) VALUES ('inhapi','20');
INSERT INTO ciudad (city_name,id_state) VALUES ('mussurepe','5');
INSERT INTO ciudad (city_name,id_state) VALUES ('entre-ijuis','6');
INSERT INTO ciudad (city_name,id_state) VALUES ('pedralva','3');
INSERT INTO ciudad (city_name,id_state) VALUES ('gravatal','2');
INSERT INTO ciudad (city_name,id_state) VALUES ('traipu','20');
INSERT INTO ciudad (city_name,id_state) VALUES ('nova campina','1');
INSERT INTO ciudad (city_name,id_state) VALUES ('inubia paulista','1');
INSERT INTO ciudad (city_name,id_state) VALUES ('breves','7');
INSERT INTO ciudad (city_name,id_state) VALUES ('sao miguel das matas','10');
INSERT INTO ciudad (city_name,id_state) VALUES ('presidente dutra','10');
INSERT INTO ciudad (city_name,id_state) VALUES ('sao goncalo do amarante','15');
INSERT INTO ciudad (city_name,id_state) VALUES ('cambiasca','5');
INSERT INTO ciudad (city_name,id_state) VALUES ('comercinho','3');
INSERT INTO ciudad (city_name,id_state) VALUES ('narandiba','1');
INSERT INTO ciudad (city_name,id_state) VALUES ('alto boa vista','17');
INSERT INTO ciudad (city_name,id_state) VALUES ('dona francisca','6');
INSERT INTO ciudad (city_name,id_state) VALUES ('andrelandia','3');
INSERT INTO ciudad (city_name,id_state) VALUES ('aramari','10');
INSERT INTO ciudad (city_name,id_state) VALUES ('santa maria do salto','3');
INSERT INTO ciudad (city_name,id_state) VALUES ('arealva','1');
INSERT INTO ciudad (city_name,id_state) VALUES ('boa vista da aparecida','4');
INSERT INTO ciudad (city_name,id_state) VALUES ('piau','3');
INSERT INTO ciudad (city_name,id_state) VALUES ('pardinho','1');
INSERT INTO ciudad (city_name,id_state) VALUES ('caldas do jorro','10');
INSERT INTO ciudad (city_name,id_state) VALUES ('acaiaca','3');
INSERT INTO ciudad (city_name,id_state) VALUES ('bento de abreu','1');
INSERT INTO ciudad (city_name,id_state) VALUES ('nova guarita','17');
INSERT INTO ciudad (city_name,id_state) VALUES ('iacri','1');
INSERT INTO ciudad (city_name,id_state) VALUES ('esperantinopolis','11');
INSERT INTO ciudad (city_name,id_state) VALUES ('cavalcante','8');
INSERT INTO ciudad (city_name,id_state) VALUES ('vera cruz','1');
INSERT INTO ciudad (city_name,id_state) VALUES ('triunfo','16');
INSERT INTO ciudad (city_name,id_state) VALUES ('jacuizinho','6');
INSERT INTO ciudad (city_name,id_state) VALUES ('recreio','3');
INSERT INTO ciudad (city_name,id_state) VALUES ('quixabeira','10');
INSERT INTO ciudad (city_name,id_state) VALUES ('iati','16');
INSERT INTO ciudad (city_name,id_state) VALUES ('pindobacu','10');
INSERT INTO ciudad (city_name,id_state) VALUES ('indiapora','1');
INSERT INTO ciudad (city_name,id_state) VALUES ('planura','3');
INSERT INTO ciudad (city_name,id_state) VALUES ('bom jesus','2');
INSERT INTO ciudad (city_name,id_state) VALUES ('mamonas','3');
INSERT INTO ciudad (city_name,id_state) VALUES ('imigrante','6');
INSERT INTO ciudad (city_name,id_state) VALUES ('rio pomba','3');
INSERT INTO ciudad (city_name,id_state) VALUES ('aguas claras','6');
INSERT INTO ciudad (city_name,id_state) VALUES ('ronda alta','6');
INSERT INTO ciudad (city_name,id_state) VALUES ('carbonita','3');
INSERT INTO ciudad (city_name,id_state) VALUES ('pedro ii','24');
INSERT INTO ciudad (city_name,id_state) VALUES ('pinheiros','9');
INSERT INTO ciudad (city_name,id_state) VALUES ('nossa senhora de lourdes','26');
INSERT INTO ciudad (city_name,id_state) VALUES ('pindai','10');
INSERT INTO ciudad (city_name,id_state) VALUES ('santana','4');
INSERT INTO ciudad (city_name,id_state) VALUES ('divino das laranjeiras','3');
INSERT INTO ciudad (city_name,id_state) VALUES ('mundo novo','10');
INSERT INTO ciudad (city_name,id_state) VALUES ('curvelandia','17');
INSERT INTO ciudad (city_name,id_state) VALUES ('agua comprida','3');
INSERT INTO ciudad (city_name,id_state) VALUES ('general salgado','1');
INSERT INTO ciudad (city_name,id_state) VALUES ('solonopole','13');
INSERT INTO ciudad (city_name,id_state) VALUES ('santa fe','4');
INSERT INTO ciudad (city_name,id_state) VALUES ('sao jose do divino','3');
INSERT INTO ciudad (city_name,id_state) VALUES ('dom vicoso','3');
INSERT INTO ciudad (city_name,id_state) VALUES ('casa nova','10');
INSERT INTO ciudad (city_name,id_state) VALUES ('barbosa ferraz','4');
INSERT INTO ciudad (city_name,id_state) VALUES ('alvaro de carvalho','1');
INSERT INTO ciudad (city_name,id_state) VALUES ('sanclerlandia','8');
INSERT INTO ciudad (city_name,id_state) VALUES ('andarai','10');
INSERT INTO ciudad (city_name,id_state) VALUES ('japira','4');
INSERT INTO ciudad (city_name,id_state) VALUES ('taquarivai','1');
INSERT INTO ciudad (city_name,id_state) VALUES ('bequimao','11');
INSERT INTO ciudad (city_name,id_state) VALUES ('uniao da serra','6');
INSERT INTO ciudad (city_name,id_state) VALUES ('irara','10');
INSERT INTO ciudad (city_name,id_state) VALUES ('lagoa de sao francisco','24');
INSERT INTO ciudad (city_name,id_state) VALUES ('galia','1');
INSERT INTO ciudad (city_name,id_state) VALUES ('carmo do rio verde','8');
INSERT INTO ciudad (city_name,id_state) VALUES ('machadinho','6');
INSERT INTO ciudad (city_name,id_state) VALUES ('mae dagua','22');
INSERT INTO ciudad (city_name,id_state) VALUES ('monte gordo','10');
INSERT INTO ciudad (city_name,id_state) VALUES ('santa maria','5');
INSERT INTO ciudad (city_name,id_state) VALUES ('altonia','4');
INSERT INTO ciudad (city_name,id_state) VALUES ('cumaru','16');
INSERT INTO ciudad (city_name,id_state) VALUES ('bom jardim','11');
INSERT INTO ciudad (city_name,id_state) VALUES ('palmeira','2');
INSERT INTO ciudad (city_name,id_state) VALUES ('capela do alto','1');
INSERT INTO ciudad (city_name,id_state) VALUES ('inocencia','12');
INSERT INTO ciudad (city_name,id_state) VALUES ('portalegre','15');
INSERT INTO ciudad (city_name,id_state) VALUES ('novo progresso','7');
INSERT INTO ciudad (city_name,id_state) VALUES ('araruna','22');
INSERT INTO ciudad (city_name,id_state) VALUES ('nova boa vista','6');
INSERT INTO ciudad (city_name,id_state) VALUES ('apiuna','2');
INSERT INTO ciudad (city_name,id_state) VALUES ('sangao','2');
INSERT INTO ciudad (city_name,id_state) VALUES ('capela','26');
INSERT INTO ciudad (city_name,id_state) VALUES ('senhora dos remedios','3');
INSERT INTO ciudad (city_name,id_state) VALUES ('vila bela da santissima trindade','17');
INSERT INTO ciudad (city_name,id_state) VALUES ('catas altas','3');
INSERT INTO ciudad (city_name,id_state) VALUES ('santa rita de jacutinga','3');
INSERT INTO ciudad (city_name,id_state) VALUES ('reserva do iguacu','4');
INSERT INTO ciudad (city_name,id_state) VALUES ('itaituba','7');
INSERT INTO ciudad (city_name,id_state) VALUES ('pedras altas','6');
INSERT INTO ciudad (city_name,id_state) VALUES ('vicosa','20');
INSERT INTO ciudad (city_name,id_state) VALUES ('tailandia','7');
INSERT INTO ciudad (city_name,id_state) VALUES ('pau darco','7');
INSERT INTO ciudad (city_name,id_state) VALUES ('monte carlo','2');
INSERT INTO ciudad (city_name,id_state) VALUES ('jeronimo monteiro','9');
INSERT INTO ciudad (city_name,id_state) VALUES ('itacarambi','3');
INSERT INTO ciudad (city_name,id_state) VALUES ('jacigua','9');
INSERT INTO ciudad (city_name,id_state) VALUES ('coronel sapucaia','12');
INSERT INTO ciudad (city_name,id_state) VALUES ('engenheiro navarro','3');
INSERT INTO ciudad (city_name,id_state) VALUES ('sao joao batista','11');
INSERT INTO ciudad (city_name,id_state) VALUES ('novo oriente de minas','3');
INSERT INTO ciudad (city_name,id_state) VALUES ('colmeia','23');
INSERT INTO ciudad (city_name,id_state) VALUES ('ibicoara','10');
INSERT INTO ciudad (city_name,id_state) VALUES ('antunes','3');
INSERT INTO ciudad (city_name,id_state) VALUES ('fontoura xavier','6');
INSERT INTO ciudad (city_name,id_state) VALUES ('aguas de santa barbara','1');
INSERT INTO ciudad (city_name,id_state) VALUES ('salto veloso','2');
INSERT INTO ciudad (city_name,id_state) VALUES ('maracacume','11');
INSERT INTO ciudad (city_name,id_state) VALUES ('palmeiras de goias','8');
INSERT INTO ciudad (city_name,id_state) VALUES ('itaquitinga','16');
INSERT INTO ciudad (city_name,id_state) VALUES ('laje do muriae','5');
INSERT INTO ciudad (city_name,id_state) VALUES ('angulo','4');
INSERT INTO ciudad (city_name,id_state) VALUES ('capoeiras','16');
INSERT INTO ciudad (city_name,id_state) VALUES ('jaupaci','8');
INSERT INTO ciudad (city_name,id_state) VALUES ('isaias coelho','24');
INSERT INTO ciudad (city_name,id_state) VALUES ('olho dagua das cunhas','11');
INSERT INTO ciudad (city_name,id_state) VALUES ('flores de goias','8');
INSERT INTO ciudad (city_name,id_state) VALUES ('barreirinhas','11');
INSERT INTO ciudad (city_name,id_state) VALUES ('tejupa','1');
INSERT INTO ciudad (city_name,id_state) VALUES ('jaciara','17');
INSERT INTO ciudad (city_name,id_state) VALUES ('oeiras','24');
INSERT INTO ciudad (city_name,id_state) VALUES ('boa esperanca','5');
INSERT INTO ciudad (city_name,id_state) VALUES ('buriti do tocantins','23');
INSERT INTO ciudad (city_name,id_state) VALUES ('bandeirantes doeste','1');
INSERT INTO ciudad (city_name,id_state) VALUES ('ibitita','10');
INSERT INTO ciudad (city_name,id_state) VALUES ('tabira','16');
INSERT INTO ciudad (city_name,id_state) VALUES ('mato leitao','6');
INSERT INTO ciudad (city_name,id_state) VALUES ('figueira','4');
INSERT INTO ciudad (city_name,id_state) VALUES ('fazenda nova','8');
INSERT INTO ciudad (city_name,id_state) VALUES ('pindorama','1');
INSERT INTO ciudad (city_name,id_state) VALUES ('lagoa do ouro','16');
INSERT INTO ciudad (city_name,id_state) VALUES ('aratiba','6');
INSERT INTO ciudad (city_name,id_state) VALUES ('sao pedro da uniao','3');
INSERT INTO ciudad (city_name,id_state) VALUES ('ciriaco','6');
INSERT INTO ciudad (city_name,id_state) VALUES ('turmalina','1');
INSERT INTO ciudad (city_name,id_state) VALUES ('jardim de piranhas','15');
INSERT INTO ciudad (city_name,id_state) VALUES ('santa maria do suacui','3');
INSERT INTO ciudad (city_name,id_state) VALUES ('sao jose do piaui','24');
INSERT INTO ciudad (city_name,id_state) VALUES ('santo antonio das queimadas','16');
INSERT INTO ciudad (city_name,id_state) VALUES ('nova itaberaba','2');
INSERT INTO ciudad (city_name,id_state) VALUES ('irai de minas','3');
INSERT INTO ciudad (city_name,id_state) VALUES ('grandes rios','4');
INSERT INTO ciudad (city_name,id_state) VALUES ('sao joao do itaperiu','2');
INSERT INTO ciudad (city_name,id_state) VALUES ('gloria do goita','16');
INSERT INTO ciudad (city_name,id_state) VALUES ('cha de alegria','16');
INSERT INTO ciudad (city_name,id_state) VALUES ('palmeira d oeste','1');
INSERT INTO ciudad (city_name,id_state) VALUES ('lupercio','1');
INSERT INTO ciudad (city_name,id_state) VALUES ('serrita','16');
INSERT INTO ciudad (city_name,id_state) VALUES ('itarana','9');
INSERT INTO ciudad (city_name,id_state) VALUES ('ipueiras','13');
INSERT INTO ciudad (city_name,id_state) VALUES ('perpetuo socorro','3');
INSERT INTO ciudad (city_name,id_state) VALUES ('pontalina','8');
INSERT INTO ciudad (city_name,id_state) VALUES ('cristiano otoni','3');
INSERT INTO ciudad (city_name,id_state) VALUES ('pedro de toledo','1');
INSERT INTO ciudad (city_name,id_state) VALUES ('pinhal da serra','6');
INSERT INTO ciudad (city_name,id_state) VALUES ('vera cruz','15');
INSERT INTO ciudad (city_name,id_state) VALUES ('agua limpa','8');
INSERT INTO ciudad (city_name,id_state) VALUES ('ivai','4');
INSERT INTO ciudad (city_name,id_state) VALUES ('valentim gentil','1');
INSERT INTO ciudad (city_name,id_state) VALUES ('estevao de araujo','3');
INSERT INTO ciudad (city_name,id_state) VALUES ('cedral','11');
INSERT INTO ciudad (city_name,id_state) VALUES ('cristopolis','10');
INSERT INTO ciudad (city_name,id_state) VALUES ('florai','4');
INSERT INTO ciudad (city_name,id_state) VALUES ('capetinga','3');
INSERT INTO ciudad (city_name,id_state) VALUES ('andre da rocha','6');
INSERT INTO ciudad (city_name,id_state) VALUES ('lencois','10');
INSERT INTO ciudad (city_name,id_state) VALUES ('sabaudia','4');
INSERT INTO ciudad (city_name,id_state) VALUES ('abadiania','8');
INSERT INTO ciudad (city_name,id_state) VALUES ('candido godoi','6');
INSERT INTO ciudad (city_name,id_state) VALUES ('arara','22');
INSERT INTO ciudad (city_name,id_state) VALUES ('coluna','3');
INSERT INTO ciudad (city_name,id_state) VALUES ('sarapui','1');
INSERT INTO ciudad (city_name,id_state) VALUES ('sao jose do hortencio','6');
INSERT INTO ciudad (city_name,id_state) VALUES ('luziapolis','20');
INSERT INTO ciudad (city_name,id_state) VALUES ('jiquirica','10');
INSERT INTO ciudad (city_name,id_state) VALUES ('acucena','3');
INSERT INTO ciudad (city_name,id_state) VALUES ('quixada','16');
INSERT INTO ciudad (city_name,id_state) VALUES ('pirangi','1');
INSERT INTO ciudad (city_name,id_state) VALUES ('jerico','22');
INSERT INTO ciudad (city_name,id_state) VALUES ('coronel domingos soares','4');
INSERT INTO ciudad (city_name,id_state) VALUES ('padre paraiso','3');
INSERT INTO ciudad (city_name,id_state) VALUES ('rio dos indios','6');
INSERT INTO ciudad (city_name,id_state) VALUES ('laurentino','2');
INSERT INTO ciudad (city_name,id_state) VALUES ('arneiroz','13');
INSERT INTO ciudad (city_name,id_state) VALUES ('castro alves','10');
INSERT INTO ciudad (city_name,id_state) VALUES ('altinho','16');
INSERT INTO ciudad (city_name,id_state) VALUES ('ipecaeta','10');
INSERT INTO ciudad (city_name,id_state) VALUES ('piratini','6');
INSERT INTO ciudad (city_name,id_state) VALUES ('carmo de minas','3');
INSERT INTO ciudad (city_name,id_state) VALUES ('praia norte','23');
INSERT INTO ciudad (city_name,id_state) VALUES ('salto do ceu','17');
INSERT INTO ciudad (city_name,id_state) VALUES ('coronel martins','2');
INSERT INTO ciudad (city_name,id_state) VALUES ('itabirinha','3');
INSERT INTO ciudad (city_name,id_state) VALUES ('fazenda vilanova','6');
INSERT INTO ciudad (city_name,id_state) VALUES ('picui','22');
INSERT INTO ciudad (city_name,id_state) VALUES ('jatoba','16');
INSERT INTO ciudad (city_name,id_state) VALUES ('rio branco','17');
INSERT INTO ciudad (city_name,id_state) VALUES ('carmopolis','26');
INSERT INTO ciudad (city_name,id_state) VALUES ('progresso','6');
INSERT INTO ciudad (city_name,id_state) VALUES ('wenceslau guimaraes','10');
INSERT INTO ciudad (city_name,id_state) VALUES ('perobal','4');
INSERT INTO ciudad (city_name,id_state) VALUES ('venturosa','16');
INSERT INTO ciudad (city_name,id_state) VALUES ('nazare','10');
INSERT INTO ciudad (city_name,id_state) VALUES ('japaraiba','3');
INSERT INTO ciudad (city_name,id_state) VALUES ('pirapo','4');
INSERT INTO ciudad (city_name,id_state) VALUES ('curuca','7');
INSERT INTO ciudad (city_name,id_state) VALUES ('vitoria do jari','19');
INSERT INTO ciudad (city_name,id_state) VALUES ('altos','24');
INSERT INTO ciudad (city_name,id_state) VALUES ('porto rico','4');
INSERT INTO ciudad (city_name,id_state) VALUES ('nova padua','6');
INSERT INTO ciudad (city_name,id_state) VALUES ('mara rosa','8');
INSERT INTO ciudad (city_name,id_state) VALUES ('aribice','10');
INSERT INTO ciudad (city_name,id_state) VALUES ('itau','15');
INSERT INTO ciudad (city_name,id_state) VALUES ('doce grande','4');
INSERT INTO ciudad (city_name,id_state) VALUES ('tapurah','17');
INSERT INTO ciudad (city_name,id_state) VALUES ('pedrao','10');
INSERT INTO ciudad (city_name,id_state) VALUES ('pinhao','26');
INSERT INTO ciudad (city_name,id_state) VALUES ('campo do tenente','4');
INSERT INTO ciudad (city_name,id_state) VALUES ('sao joao da parauna','8');
INSERT INTO ciudad (city_name,id_state) VALUES ('sao jose do rio claro','17');
INSERT INTO ciudad (city_name,id_state) VALUES ('santa lucia','1');
INSERT INTO ciudad (city_name,id_state) VALUES ('monte alegre','7');
INSERT INTO ciudad (city_name,id_state) VALUES ('aquidauana','12');
INSERT INTO ciudad (city_name,id_state) VALUES ('senador amaral','3');
INSERT INTO ciudad (city_name,id_state) VALUES ('piacu','9');
INSERT INTO ciudad (city_name,id_state) VALUES ('ipiacu','3');
INSERT INTO ciudad (city_name,id_state) VALUES ('maristela','1');
INSERT INTO ciudad (city_name,id_state) VALUES ('miravania','3');
INSERT INTO ciudad (city_name,id_state) VALUES ('caetes','16');
INSERT INTO ciudad (city_name,id_state) VALUES ('erico cardoso','10');
INSERT INTO ciudad (city_name,id_state) VALUES ('guaraciaba do norte','13');
INSERT INTO ciudad (city_name,id_state) VALUES ('macaubal','1');
INSERT INTO ciudad (city_name,id_state) VALUES ('pimenta','3');
INSERT INTO ciudad (city_name,id_state) VALUES ('quarai','6');
INSERT INTO ciudad (city_name,id_state) VALUES ('paraiso do sul','6');
INSERT INTO ciudad (city_name,id_state) VALUES ('brotas de macaubas','10');
INSERT INTO ciudad (city_name,id_state) VALUES ('maua da serra','4');
INSERT INTO ciudad (city_name,id_state) VALUES ('macambira','26');
INSERT INTO ciudad (city_name,id_state) VALUES ('oroco','16');
INSERT INTO ciudad (city_name,id_state) VALUES ('verissimo','3');
INSERT INTO ciudad (city_name,id_state) VALUES ('planaltina do parana','4');
INSERT INTO ciudad (city_name,id_state) VALUES ('contenda','4');
INSERT INTO ciudad (city_name,id_state) VALUES ('castanheira','17');
INSERT INTO ciudad (city_name,id_state) VALUES ('araponga','3');
INSERT INTO ciudad (city_name,id_state) VALUES ('alto alegre','4');
INSERT INTO ciudad (city_name,id_state) VALUES ('vitoria das missoes','6');
INSERT INTO ciudad (city_name,id_state) VALUES ('estreito','11');
INSERT INTO ciudad (city_name,id_state) VALUES ('sao goncalo do abaete','3');
INSERT INTO ciudad (city_name,id_state) VALUES ('garrafao do norte','7');
INSERT INTO ciudad (city_name,id_state) VALUES ('lagoa real','10');
INSERT INTO ciudad (city_name,id_state) VALUES ('serrania','3');
INSERT INTO ciudad (city_name,id_state) VALUES ('congonhinhas','4');
INSERT INTO ciudad (city_name,id_state) VALUES ('fragosos','2');
INSERT INTO ciudad (city_name,id_state) VALUES ('gouveia','3');
INSERT INTO ciudad (city_name,id_state) VALUES ('madalena','13');
INSERT INTO ciudad (city_name,id_state) VALUES ('colonia jordaozinho','4');
INSERT INTO ciudad (city_name,id_state) VALUES ('jaguaquara','10');
INSERT INTO ciudad (city_name,id_state) VALUES ('macambara','6');
INSERT INTO ciudad (city_name,id_state) VALUES ('missi','13');
INSERT INTO ciudad (city_name,id_state) VALUES ('parai','6');
INSERT INTO ciudad (city_name,id_state) VALUES ('murucupi','7');
INSERT INTO ciudad (city_name,id_state) VALUES ('romelandia','2');
INSERT INTO ciudad (city_name,id_state) VALUES ('ribeirao branco','1');
INSERT INTO ciudad (city_name,id_state) VALUES ('cajari','11');
INSERT INTO ciudad (city_name,id_state) VALUES ('novo lino','20');
INSERT INTO ciudad (city_name,id_state) VALUES ('barra do jacare','4');
INSERT INTO ciudad (city_name,id_state) VALUES ('lagoa do mato','13');
INSERT INTO ciudad (city_name,id_state) VALUES ('novo planalto','8');
INSERT INTO ciudad (city_name,id_state) VALUES ('francisco sa','3');
INSERT INTO ciudad (city_name,id_state) VALUES ('guia lopes da laguna','12');
INSERT INTO ciudad (city_name,id_state) VALUES ('paineiras','3');
INSERT INTO ciudad (city_name,id_state) VALUES ('bom jesus','24');
INSERT INTO ciudad (city_name,id_state) VALUES ('sao joao do sabugi','15');
INSERT INTO ciudad (city_name,id_state) VALUES ('quatituba','3');
INSERT INTO ciudad (city_name,id_state) VALUES ('monte santo','10');
INSERT INTO ciudad (city_name,id_state) VALUES ('epitaciolandia','25');
INSERT INTO ciudad (city_name,id_state) VALUES ('inhapim','3');
INSERT INTO ciudad (city_name,id_state) VALUES ('pedranopolis','1');
INSERT INTO ciudad (city_name,id_state) VALUES ('campo alegre de minas','3');
INSERT INTO ciudad (city_name,id_state) VALUES ('itabi','26');
INSERT INTO ciudad (city_name,id_state) VALUES ('rodelas','10');
INSERT INTO ciudad (city_name,id_state) VALUES ('mira estrela','1');
INSERT INTO ciudad (city_name,id_state) VALUES ('sao domingos','3');
INSERT INTO ciudad (city_name,id_state) VALUES ('santa luzia','22');
INSERT INTO ciudad (city_name,id_state) VALUES ('araripe','13');
INSERT INTO ciudad (city_name,id_state) VALUES ('tiros','3');
INSERT INTO ciudad (city_name,id_state) VALUES ('denise','17');
INSERT INTO ciudad (city_name,id_state) VALUES ('coronel murta','3');
INSERT INTO ciudad (city_name,id_state) VALUES ('romaria','3');
INSERT INTO ciudad (city_name,id_state) VALUES ('paraiso','2');
INSERT INTO ciudad (city_name,id_state) VALUES ('mesquita','3');
INSERT INTO ciudad (city_name,id_state) VALUES ('engenheiro balduino','1');
INSERT INTO ciudad (city_name,id_state) VALUES ('guaraciaba','3');
INSERT INTO ciudad (city_name,id_state) VALUES ('jatoba','11');
INSERT INTO ciudad (city_name,id_state) VALUES ('guaraci','1');
INSERT INTO ciudad (city_name,id_state) VALUES ('pontes gestal','1');
INSERT INTO ciudad (city_name,id_state) VALUES ('tanque novo','10');
INSERT INTO ciudad (city_name,id_state) VALUES ('rubelita','3');
INSERT INTO ciudad (city_name,id_state) VALUES ('moncao','11');
INSERT INTO ciudad (city_name,id_state) VALUES ('cardoso moreira','5');
INSERT INTO ciudad (city_name,id_state) VALUES ('agisse','1');
INSERT INTO ciudad (city_name,id_state) VALUES ('rondon','4');
INSERT INTO ciudad (city_name,id_state) VALUES ('cocos','10');
INSERT INTO ciudad (city_name,id_state) VALUES ('marilandia do sul','4');
INSERT INTO ciudad (city_name,id_state) VALUES ('goianapolis','8');
INSERT INTO ciudad (city_name,id_state) VALUES ('massaranduba','2');
INSERT INTO ciudad (city_name,id_state) VALUES ('sao francisco','1');
INSERT INTO ciudad (city_name,id_state) VALUES ('miranda','12');
INSERT INTO ciudad (city_name,id_state) VALUES ('itiuba','10');
INSERT INTO ciudad (city_name,id_state) VALUES ('bossoroca','6');
INSERT INTO ciudad (city_name,id_state) VALUES ('salgado filho','4');
INSERT INTO ciudad (city_name,id_state) VALUES ('alexandrita','3');
INSERT INTO ciudad (city_name,id_state) VALUES ('ribeira do pombal','10');
INSERT INTO ciudad (city_name,id_state) VALUES ('heliopolis','10');
INSERT INTO ciudad (city_name,id_state) VALUES ('anitapolis','2');
INSERT INTO ciudad (city_name,id_state) VALUES ('pocoes','10');
INSERT INTO ciudad (city_name,id_state) VALUES ('carmopolis de minas','3');
INSERT INTO ciudad (city_name,id_state) VALUES ('sao joao da mata','3');
INSERT INTO ciudad (city_name,id_state) VALUES ('tibau do sul','15');
INSERT INTO ciudad (city_name,id_state) VALUES ('santo antonio de goias','8');
INSERT INTO ciudad (city_name,id_state) VALUES ('conceicao da aparecida','3');
INSERT INTO ciudad (city_name,id_state) VALUES ('jaguaruana','13');
INSERT INTO ciudad (city_name,id_state) VALUES ('brasilandia','12');
INSERT INTO ciudad (city_name,id_state) VALUES ('santana do itarare','4');
INSERT INTO ciudad (city_name,id_state) VALUES ('ipuiuna','3');
INSERT INTO ciudad (city_name,id_state) VALUES ('alvorada doeste','21');
INSERT INTO ciudad (city_name,id_state) VALUES ('jacarau','22');
INSERT INTO ciudad (city_name,id_state) VALUES ('estrela d oeste','1');
INSERT INTO ciudad (city_name,id_state) VALUES ('santa fe de goias','8');
INSERT INTO ciudad (city_name,id_state) VALUES ('mallet','4');
INSERT INTO ciudad (city_name,id_state) VALUES ('perola independente','4');
INSERT INTO ciudad (city_name,id_state) VALUES ('tecainda','1');
INSERT INTO ciudad (city_name,id_state) VALUES ('manfrinopolis','4');
INSERT INTO ciudad (city_name,id_state) VALUES ('ouro verde do oeste','4');
INSERT INTO ciudad (city_name,id_state) VALUES ('rio grande do piaui','24');
INSERT INTO ciudad (city_name,id_state) VALUES ('campestre','3');
INSERT INTO ciudad (city_name,id_state) VALUES ('oleo','1');
INSERT INTO ciudad (city_name,id_state) VALUES ('sao paulo das missoes','6');
INSERT INTO ciudad (city_name,id_state) VALUES ('porto de pedras','20');
INSERT INTO ciudad (city_name,id_state) VALUES ('caracol','12');
INSERT INTO ciudad (city_name,id_state) VALUES ('central de santa helena','3');
INSERT INTO ciudad (city_name,id_state) VALUES ('sao mateus do maranhao','11');
INSERT INTO ciudad (city_name,id_state) VALUES ('dom basilio','10');
INSERT INTO ciudad (city_name,id_state) VALUES ('iomere','2');
INSERT INTO ciudad (city_name,id_state) VALUES ('tuparece','3');
INSERT INTO ciudad (city_name,id_state) VALUES ('santa leopoldina','9');
INSERT INTO ciudad (city_name,id_state) VALUES ('vicosa','15');
INSERT INTO ciudad (city_name,id_state) VALUES ('igarape-acu','7');
INSERT INTO ciudad (city_name,id_state) VALUES ('altinopolis','1');
INSERT INTO ciudad (city_name,id_state) VALUES ('novais','1');
INSERT INTO ciudad (city_name,id_state) VALUES ('aparecida de monte alto','1');
INSERT INTO ciudad (city_name,id_state) VALUES ('sao geraldo do baguari','3');
INSERT INTO ciudad (city_name,id_state) VALUES ('salinas da margarida','10');
INSERT INTO ciudad (city_name,id_state) VALUES ('marilena','4');
INSERT INTO ciudad (city_name,id_state) VALUES ('sao miguel do guama','7');
INSERT INTO ciudad (city_name,id_state) VALUES ('ibicare','2');
INSERT INTO ciudad (city_name,id_state) VALUES ('itajuipe','10');
INSERT INTO ciudad (city_name,id_state) VALUES ('amapora','4');
INSERT INTO ciudad (city_name,id_state) VALUES ('ribeirao claro','4');
INSERT INTO ciudad (city_name,id_state) VALUES ('rio maria','7');
INSERT INTO ciudad (city_name,id_state) VALUES ('antonio goncalves','10');
INSERT INTO ciudad (city_name,id_state) VALUES ('marechal deodoro','20');
INSERT INTO ciudad (city_name,id_state) VALUES ('entre rios de minas','3');
INSERT INTO ciudad (city_name,id_state) VALUES ('sao domingos','16');
INSERT INTO ciudad (city_name,id_state) VALUES ('botelho','1');
INSERT INTO ciudad (city_name,id_state) VALUES ('novo mundo','17');
INSERT INTO ciudad (city_name,id_state) VALUES ('campo grande do piaui','24');
INSERT INTO ciudad (city_name,id_state) VALUES ('materlandia','3');
INSERT INTO ciudad (city_name,id_state) VALUES ('americano do brasil','8');
INSERT INTO ciudad (city_name,id_state) VALUES ('indiara','8');
INSERT INTO ciudad (city_name,id_state) VALUES ('sao jorge do patrocinio','4');
INSERT INTO ciudad (city_name,id_state) VALUES ('tamandare','16');
INSERT INTO ciudad (city_name,id_state) VALUES ('porto dos gauchos','17');
INSERT INTO ciudad (city_name,id_state) VALUES ('irapua','1');
INSERT INTO ciudad (city_name,id_state) VALUES ('oiapoque','19');
INSERT INTO ciudad (city_name,id_state) VALUES ('vila nova do sul','6');
INSERT INTO ciudad (city_name,id_state) VALUES ('planaltino','10');
INSERT INTO ciudad (city_name,id_state) VALUES ('sao fernando','15');
INSERT INTO ciudad (city_name,id_state) VALUES ('salvador do sul','6');
INSERT INTO ciudad (city_name,id_state) VALUES ('santa izabel do oeste','4');
INSERT INTO ciudad (city_name,id_state) VALUES ('cocalzinho de goias','8');
INSERT INTO ciudad (city_name,id_state) VALUES ('anhumas','1');
INSERT INTO ciudad (city_name,id_state) VALUES ('cruz machado','4');
INSERT INTO ciudad (city_name,id_state) VALUES ('barra do choca','10');
INSERT INTO ciudad (city_name,id_state) VALUES ('padre gonzales','6');
INSERT INTO ciudad (city_name,id_state) VALUES ('bandeirantes do tocantins','23');
INSERT INTO ciudad (city_name,id_state) VALUES ('bocaina','24');
INSERT INTO ciudad (city_name,id_state) VALUES ('macaparana','16');
INSERT INTO ciudad (city_name,id_state) VALUES ('alvorada do norte','8');
INSERT INTO ciudad (city_name,id_state) VALUES ('carlinda','17');
INSERT INTO ciudad (city_name,id_state) VALUES ('iretama','4');
INSERT INTO ciudad (city_name,id_state) VALUES ('lindoeste','4');
INSERT INTO ciudad (city_name,id_state) VALUES ('ipaporanga','13');
INSERT INTO ciudad (city_name,id_state) VALUES ('taboquinhas','10');
INSERT INTO ciudad (city_name,id_state) VALUES ('meruoca','13');
INSERT INTO ciudad (city_name,id_state) VALUES ('santa maria da serra','1');
INSERT INTO ciudad (city_name,id_state) VALUES ('mucuge','10');
INSERT INTO ciudad (city_name,id_state) VALUES ('sao bento','11');
INSERT INTO ciudad (city_name,id_state) VALUES ('capitao poco','7');
INSERT INTO ciudad (city_name,id_state) VALUES ('areias','1');
INSERT INTO ciudad (city_name,id_state) VALUES ('buriti alegre','8');
INSERT INTO ciudad (city_name,id_state) VALUES ('murutinga do sul','1');
INSERT INTO ciudad (city_name,id_state) VALUES ('terra rica','4');
INSERT INTO ciudad (city_name,id_state) VALUES ('vila langaro','6');
INSERT INTO ciudad (city_name,id_state) VALUES ('cacaulandia','21');
INSERT INTO ciudad (city_name,id_state) VALUES ('itarantim','10');
INSERT INTO ciudad (city_name,id_state) VALUES ('santana do cariri','13');
INSERT INTO ciudad (city_name,id_state) VALUES ('pium','23');
INSERT INTO ciudad (city_name,id_state) VALUES ('varzea grande','24');
INSERT INTO ciudad (city_name,id_state) VALUES ('tiradentes','3');
INSERT INTO ciudad (city_name,id_state) VALUES ('ministro andreazza','21');
INSERT INTO ciudad (city_name,id_state) VALUES ('caseiros','6');
INSERT INTO ciudad (city_name,id_state) VALUES ('porto grande','19');
INSERT INTO ciudad (city_name,id_state) VALUES ('caicara do norte','15');
INSERT INTO ciudad (city_name,id_state) VALUES ('ceilandia','14');
INSERT INTO ciudad (city_name,id_state) VALUES ('paranatinga','17');
INSERT INTO ciudad (city_name,id_state) VALUES ('vicosa do ceara','13');
INSERT INTO ciudad (city_name,id_state) VALUES ('visconde de maua','5');
INSERT INTO ciudad (city_name,id_state) VALUES ('pirambu','26');
INSERT INTO ciudad (city_name,id_state) VALUES ('placas','7');
INSERT INTO ciudad (city_name,id_state) VALUES ('barreira','13');
INSERT INTO ciudad (city_name,id_state) VALUES ('santana da boa vista','6');
INSERT INTO ciudad (city_name,id_state) VALUES ('alto caparao','3');
INSERT INTO ciudad (city_name,id_state) VALUES ('joaquim pires','24');
INSERT INTO ciudad (city_name,id_state) VALUES ('corguinho','12');
INSERT INTO ciudad (city_name,id_state) VALUES ('matutina','3');
INSERT INTO ciudad (city_name,id_state) VALUES ('jaborandi','1');
INSERT INTO ciudad (city_name,id_state) VALUES ('ita','2');
INSERT INTO ciudad (city_name,id_state) VALUES ('riacho dos machados','3');
INSERT INTO ciudad (city_name,id_state) VALUES ('doutor ulysses','4');
INSERT INTO ciudad (city_name,id_state) VALUES ('leandro ferreira','3');
INSERT INTO ciudad (city_name,id_state) VALUES ('pingo-dagua','3');
INSERT INTO ciudad (city_name,id_state) VALUES ('barra do rio azul','6');
INSERT INTO ciudad (city_name,id_state) VALUES ('teixeira soares','4');
INSERT INTO ciudad (city_name,id_state) VALUES ('pavao','3');
INSERT INTO ciudad (city_name,id_state) VALUES ('caldeirao grande do piaui','24');
INSERT INTO ciudad (city_name,id_state) VALUES ('jaguarao','6');
INSERT INTO ciudad (city_name,id_state) VALUES ('entre folhas','3');
INSERT INTO ciudad (city_name,id_state) VALUES ('mundo novo','8');
INSERT INTO ciudad (city_name,id_state) VALUES ('angical','10');
INSERT INTO ciudad (city_name,id_state) VALUES ('pindare mirim','11');
INSERT INTO ciudad (city_name,id_state) VALUES ('apiacas','17');
INSERT INTO ciudad (city_name,id_state) VALUES ('nova floresta','22');
INSERT INTO ciudad (city_name,id_state) VALUES ('coroaci','3');
INSERT INTO ciudad (city_name,id_state) VALUES ('conceicao do rio verde','3');
INSERT INTO ciudad (city_name,id_state) VALUES ('cumari','8');
INSERT INTO ciudad (city_name,id_state) VALUES ('antonio cardoso','10');
INSERT INTO ciudad (city_name,id_state) VALUES ('governador portela','5');
INSERT INTO ciudad (city_name,id_state) VALUES ('foz do jordao','4');
INSERT INTO ciudad (city_name,id_state) VALUES ('bela vista do paraiso','4');
INSERT INTO ciudad (city_name,id_state) VALUES ('bias fortes','3');
INSERT INTO ciudad (city_name,id_state) VALUES ('lagoa salgada','15');
INSERT INTO ciudad (city_name,id_state) VALUES ('morrinhos','13');
INSERT INTO ciudad (city_name,id_state) VALUES ('parnamirim','16');
INSERT INTO ciudad (city_name,id_state) VALUES ('ribeirao vermelho','3');
INSERT INTO ciudad (city_name,id_state) VALUES ('jaraguari','12');
INSERT INTO ciudad (city_name,id_state) VALUES ('ibiai','3');
INSERT INTO ciudad (city_name,id_state) VALUES ('bora','1');
INSERT INTO ciudad (city_name,id_state) VALUES ('pedras de fogo','22');
INSERT INTO ciudad (city_name,id_state) VALUES ('palmopolis','3');
INSERT INTO ciudad (city_name,id_state) VALUES ('palhano','13');
INSERT INTO ciudad (city_name,id_state) VALUES ('luiziana','4');
INSERT INTO ciudad (city_name,id_state) VALUES ('campo bonito','4');
INSERT INTO ciudad (city_name,id_state) VALUES ('campina do monte alegre','1');
INSERT INTO ciudad (city_name,id_state) VALUES ('cravolandia','10');
INSERT INTO ciudad (city_name,id_state) VALUES ('selbach','6');
INSERT INTO ciudad (city_name,id_state) VALUES ('santa barbara d oeste','1');
INSERT INTO ciudad (city_name,id_state) VALUES ('amarante','24');
INSERT INTO ciudad (city_name,id_state) VALUES ('anadia','20');
INSERT INTO ciudad (city_name,id_state) VALUES ('humildes','10');
INSERT INTO ciudad (city_name,id_state) VALUES ('apuarema','10');
INSERT INTO ciudad (city_name,id_state) VALUES ('alto alegre do pindare','11');
INSERT INTO ciudad (city_name,id_state) VALUES ('puxinana','22');
INSERT INTO ciudad (city_name,id_state) VALUES ('ibitioca','5');
INSERT INTO ciudad (city_name,id_state) VALUES ('avai','1');
INSERT INTO ciudad (city_name,id_state) VALUES ('matrincha','8');
INSERT INTO ciudad (city_name,id_state) VALUES ('segredo','6');
INSERT INTO ciudad (city_name,id_state) VALUES ('esperantina','23');
INSERT INTO ciudad (city_name,id_state) VALUES ('sao martinho','2');
INSERT INTO ciudad (city_name,id_state) VALUES ('rio real','10');
INSERT INTO ciudad (city_name,id_state) VALUES ('jucas','13');
INSERT INTO ciudad (city_name,id_state) VALUES ('tamarana','4');
INSERT INTO ciudad (city_name,id_state) VALUES ('altamira do parana','4');
INSERT INTO ciudad (city_name,id_state) VALUES ('garuva','2');
INSERT INTO ciudad (city_name,id_state) VALUES ('sao pedro dos ferros','3');
INSERT INTO ciudad (city_name,id_state) VALUES ('sao joao de pirabas','7');
INSERT INTO ciudad (city_name,id_state) VALUES ('monsenhor paulo','3');
INSERT INTO ciudad (city_name,id_state) VALUES ('guapiara','1');
INSERT INTO ciudad (city_name,id_state) VALUES ('senhora de oliveira','3');
INSERT INTO ciudad (city_name,id_state) VALUES ('porto lucena','6');
INSERT INTO ciudad (city_name,id_state) VALUES ('alto paraiso','4');
INSERT INTO ciudad (city_name,id_state) VALUES ('serra dourada','10');
INSERT INTO ciudad (city_name,id_state) VALUES ('campina das missoes','6');
INSERT INTO ciudad (city_name,id_state) VALUES ('wenceslau braz','4');
INSERT INTO ciudad (city_name,id_state) VALUES ('rio bonito do iguacu','4');
INSERT INTO ciudad (city_name,id_state) VALUES ('campo florido','3');
INSERT INTO ciudad (city_name,id_state) VALUES ('alto sao joao','4');
INSERT INTO ciudad (city_name,id_state) VALUES ('pirauba','3');
INSERT INTO ciudad (city_name,id_state) VALUES ('ladainha','3');
INSERT INTO ciudad (city_name,id_state) VALUES ('jaqueira','16');
INSERT INTO ciudad (city_name,id_state) VALUES ('nova brescia','6');
INSERT INTO ciudad (city_name,id_state) VALUES ('chaval','13');
INSERT INTO ciudad (city_name,id_state) VALUES ('marilac','3');
INSERT INTO ciudad (city_name,id_state) VALUES ('sao benedito','13');
INSERT INTO ciudad (city_name,id_state) VALUES ('chaveslandia','3');
INSERT INTO ciudad (city_name,id_state) VALUES ('turvania','8');
INSERT INTO ciudad (city_name,id_state) VALUES ('sao jose da laje','20');
INSERT INTO ciudad (city_name,id_state) VALUES ('paripiranga','10');
INSERT INTO ciudad (city_name,id_state) VALUES ('monte belo do sul','6');
INSERT INTO ciudad (city_name,id_state) VALUES ('ribas do rio pardo','12');
INSERT INTO ciudad (city_name,id_state) VALUES ('aracatu','10');
INSERT INTO ciudad (city_name,id_state) VALUES ('guape','3');
INSERT INTO ciudad (city_name,id_state) VALUES ('cedro do abaete','3');
INSERT INTO ciudad (city_name,id_state) VALUES ('santa maria da boa vista','16');
INSERT INTO ciudad (city_name,id_state) VALUES ('padre bernardo','8');
INSERT INTO ciudad (city_name,id_state) VALUES ('florida','4');
INSERT INTO ciudad (city_name,id_state) VALUES ('buritirama','10');
INSERT INTO ciudad (city_name,id_state) VALUES ('xapuri','25');
INSERT INTO ciudad (city_name,id_state) VALUES ('carajas','7');
INSERT INTO ciudad (city_name,id_state) VALUES ('boquira','10');
INSERT INTO ciudad (city_name,id_state) VALUES ('virgolandia','3');
INSERT INTO ciudad (city_name,id_state) VALUES ('nova erechim','2');
INSERT INTO ciudad (city_name,id_state) VALUES ('joao camara','15');
INSERT INTO ciudad (city_name,id_state) VALUES ('nazario','8');
INSERT INTO ciudad (city_name,id_state) VALUES ('carolina','11');
INSERT INTO ciudad (city_name,id_state) VALUES ('riachao das neves','10');
INSERT INTO ciudad (city_name,id_state) VALUES ('guaraciaba','2');
INSERT INTO ciudad (city_name,id_state) VALUES ('arraial d ajuda','10');
INSERT INTO ciudad (city_name,id_state) VALUES ('brejo bonito','3');
INSERT INTO ciudad (city_name,id_state) VALUES ('capela do alto alegre','10');
INSERT INTO ciudad (city_name,id_state) VALUES ('barro','13');
INSERT INTO ciudad (city_name,id_state) VALUES ('valparaiso','1');
INSERT INTO ciudad (city_name,id_state) VALUES ('porangaba','1');
INSERT INTO ciudad (city_name,id_state) VALUES ('estrela velha','6');
INSERT INTO ciudad (city_name,id_state) VALUES ('coronel freitas','2');
INSERT INTO ciudad (city_name,id_state) VALUES ('barrolandia','23');
INSERT INTO ciudad (city_name,id_state) VALUES ('carutapera','11');
INSERT INTO ciudad (city_name,id_state) VALUES ('itaguacu','8');
INSERT INTO ciudad (city_name,id_state) VALUES ('matriz de camaragibe','20');
INSERT INTO ciudad (city_name,id_state) VALUES ('alianca do tocantins','23');
INSERT INTO ciudad (city_name,id_state) VALUES ('rio rufino','2');
INSERT INTO ciudad (city_name,id_state) VALUES ('jequia da praia','20');
INSERT INTO ciudad (city_name,id_state) VALUES ('amapa do maranhao','11');
INSERT INTO ciudad (city_name,id_state) VALUES ('barro preto','10');
INSERT INTO ciudad (city_name,id_state) VALUES ('lourdes','1');
INSERT INTO ciudad (city_name,id_state) VALUES ('salto do itarare','4');
INSERT INTO ciudad (city_name,id_state) VALUES ('sambaiba','11');
INSERT INTO ciudad (city_name,id_state) VALUES ('fruta de leite','3');
INSERT INTO ciudad (city_name,id_state) VALUES ('lunardelli','4');
INSERT INTO ciudad (city_name,id_state) VALUES ('laranjal do jari','19');
INSERT INTO ciudad (city_name,id_state) VALUES ('goncalves','3');
INSERT INTO ciudad (city_name,id_state) VALUES ('passos maia','2');
INSERT INTO ciudad (city_name,id_state) VALUES ('demerval lobao','24');
INSERT INTO ciudad (city_name,id_state) VALUES ('ilha grande','24');
INSERT INTO ciudad (city_name,id_state) VALUES ('palmeira doeste','1');
INSERT INTO ciudad (city_name,id_state) VALUES ('buritizal','1');
INSERT INTO ciudad (city_name,id_state) VALUES ('cururupu','11');
INSERT INTO ciudad (city_name,id_state) VALUES ('miraima','13');
INSERT INTO ciudad (city_name,id_state) VALUES ('santa brigida','10');
INSERT INTO ciudad (city_name,id_state) VALUES ('santana do deserto','3');
INSERT INTO ciudad (city_name,id_state) VALUES ('ribeiropolis','26');
INSERT INTO ciudad (city_name,id_state) VALUES ('colonia castrolanda','4');
INSERT INTO ciudad (city_name,id_state) VALUES ('sao felix do araguaia','17');
INSERT INTO ciudad (city_name,id_state) VALUES ('moeda','3');
INSERT INTO ciudad (city_name,id_state) VALUES ('curaca','10');
INSERT INTO ciudad (city_name,id_state) VALUES ('balneario gaivota','2');
INSERT INTO ciudad (city_name,id_state) VALUES ('taquarucu do sul','6');
INSERT INTO ciudad (city_name,id_state) VALUES ('divisa nova','3');
INSERT INTO ciudad (city_name,id_state) VALUES ('igrapiuna','10');
INSERT INTO ciudad (city_name,id_state) VALUES ('guzolandia','1');
INSERT INTO ciudad (city_name,id_state) VALUES ('ponte alta do norte','2');
INSERT INTO ciudad (city_name,id_state) VALUES ('amanari','13');
INSERT INTO ciudad (city_name,id_state) VALUES ('elisiario','1');
INSERT INTO ciudad (city_name,id_state) VALUES ('morro agudo de goias','8');
INSERT INTO ciudad (city_name,id_state) VALUES ('cipo','10');
INSERT INTO ciudad (city_name,id_state) VALUES ('vicentinopolis','8');
INSERT INTO ciudad (city_name,id_state) VALUES ('jaguarembe','5');
INSERT INTO ciudad (city_name,id_state) VALUES ('divinopolis do tocantins','23');
INSERT INTO ciudad (city_name,id_state) VALUES ('japoata','26');
INSERT INTO ciudad (city_name,id_state) VALUES ('pastos bons','11');
INSERT INTO ciudad (city_name,id_state) VALUES ('nova esperanca do sudoeste','4');
INSERT INTO ciudad (city_name,id_state) VALUES ('gaviao peixoto','1');
INSERT INTO ciudad (city_name,id_state) VALUES ('santana do capivari','3');
INSERT INTO ciudad (city_name,id_state) VALUES ('sao felix','10');
INSERT INTO ciudad (city_name,id_state) VALUES ('ataleia','3');
INSERT INTO ciudad (city_name,id_state) VALUES ('sao desiderio','10');
INSERT INTO ciudad (city_name,id_state) VALUES ('santa maria','15');
INSERT INTO ciudad (city_name,id_state) VALUES ('vale do sol','6');
INSERT INTO ciudad (city_name,id_state) VALUES ('morro grande','2');
INSERT INTO ciudad (city_name,id_state) VALUES ('ubai','3');
INSERT INTO ciudad (city_name,id_state) VALUES ('itapetim','16');
INSERT INTO ciudad (city_name,id_state) VALUES ('capitao eneas','3');
INSERT INTO ciudad (city_name,id_state) VALUES ('rio negro','12');
INSERT INTO ciudad (city_name,id_state) VALUES ('novo oriente do piaui','24');
INSERT INTO ciudad (city_name,id_state) VALUES ('dobrada','1');
INSERT INTO ciudad (city_name,id_state) VALUES ('uruburetama','13');
INSERT INTO ciudad (city_name,id_state) VALUES ('aurora do para','7');
INSERT INTO ciudad (city_name,id_state) VALUES ('canarana','10');
INSERT INTO ciudad (city_name,id_state) VALUES ('nova veneza','8');
INSERT INTO ciudad (city_name,id_state) VALUES ('tenente ananias','15');
INSERT INTO ciudad (city_name,id_state) VALUES ('gabriel monteiro','1');
INSERT INTO ciudad (city_name,id_state) VALUES ('ipigua','1');
INSERT INTO ciudad (city_name,id_state) VALUES ('itaparica','10');
INSERT INTO ciudad (city_name,id_state) VALUES ('martinho campos','3');
INSERT INTO ciudad (city_name,id_state) VALUES ('itaperucu','4');
INSERT INTO ciudad (city_name,id_state) VALUES ('planalto','1');
INSERT INTO ciudad (city_name,id_state) VALUES ('novo brasil','9');
INSERT INTO ciudad (city_name,id_state) VALUES ('cabixi','21');
INSERT INTO ciudad (city_name,id_state) VALUES ('entre rios do oeste','4');
INSERT INTO ciudad (city_name,id_state) VALUES ('taiacu','1');
INSERT INTO ciudad (city_name,id_state) VALUES ('barrocas','10');
INSERT INTO ciudad (city_name,id_state) VALUES ('silvanopolis','23');
INSERT INTO ciudad (city_name,id_state) VALUES ('almas','23');
INSERT INTO ciudad (city_name,id_state) VALUES ('sao sebastiao da amoreira','4');
INSERT INTO ciudad (city_name,id_state) VALUES ('ribeiro junqueira','3');
INSERT INTO ciudad (city_name,id_state) VALUES ('agrestina','16');
INSERT INTO ciudad (city_name,id_state) VALUES ('pintadas','10');
INSERT INTO ciudad (city_name,id_state) VALUES ('pequi','3');
INSERT INTO ciudad (city_name,id_state) VALUES ('campo alegre do fidalgo','24');
INSERT INTO ciudad (city_name,id_state) VALUES ('teresina de goias','8');
INSERT INTO ciudad (city_name,id_state) VALUES ('teixeira','22');
INSERT INTO ciudad (city_name,id_state) VALUES ('sao francisco do brejao','11');
INSERT INTO ciudad (city_name,id_state) VALUES ('iapu','3');
INSERT INTO ciudad (city_name,id_state) VALUES ('mata grande','20');
INSERT INTO ciudad (city_name,id_state) VALUES ('coite do noia','20');
INSERT INTO ciudad (city_name,id_state) VALUES ('coqueiros do sul','6');
INSERT INTO ciudad (city_name,id_state) VALUES ('tracunhaem','16');
INSERT INTO ciudad (city_name,id_state) VALUES ('amontada','13');
INSERT INTO ciudad (city_name,id_state) VALUES ('itaoca','1');
INSERT INTO ciudad (city_name,id_state) VALUES ('cachoeira do brumado','3');
INSERT INTO ciudad (city_name,id_state) VALUES ('maragogipe','10');
INSERT INTO ciudad (city_name,id_state) VALUES ('sao bras','20');
INSERT INTO ciudad (city_name,id_state) VALUES ('capim branco','3');
INSERT INTO ciudad (city_name,id_state) VALUES ('uniao do oeste','2');
INSERT INTO ciudad (city_name,id_state) VALUES ('pau darco','20');
INSERT INTO ciudad (city_name,id_state) VALUES ('fatima','10');
INSERT INTO ciudad (city_name,id_state) VALUES ('areia','22');
INSERT INTO ciudad (city_name,id_state) VALUES ('barao','6');
INSERT INTO ciudad (city_name,id_state) VALUES ('pirpirituba','22');
INSERT INTO ciudad (city_name,id_state) VALUES ('acari','15');
INSERT INTO ciudad (city_name,id_state) VALUES ('dois irmaos do buriti','12');
INSERT INTO ciudad (city_name,id_state) VALUES ('coroados','1');
INSERT INTO ciudad (city_name,id_state) VALUES ('posto da mata','10');
INSERT INTO ciudad (city_name,id_state) VALUES ('conselheiro mairinck','4');
INSERT INTO ciudad (city_name,id_state) VALUES ('sao miguel do anta','3');
INSERT INTO ciudad (city_name,id_state) VALUES ('caraibas','10');
INSERT INTO ciudad (city_name,id_state) VALUES ('america dourada','10');
INSERT INTO ciudad (city_name,id_state) VALUES ('hulha negra','6');
INSERT INTO ciudad (city_name,id_state) VALUES ('dias d avila','10');
INSERT INTO ciudad (city_name,id_state) VALUES ('carnaiba do sertao','10');
INSERT INTO ciudad (city_name,id_state) VALUES ('travesseiro','6');
INSERT INTO ciudad (city_name,id_state) VALUES ('jesupolis','8');
INSERT INTO ciudad (city_name,id_state) VALUES ('ourilandia do norte','7');
INSERT INTO ciudad (city_name,id_state) VALUES ('goianinha','15');
INSERT INTO ciudad (city_name,id_state) VALUES ('sao jose do divino','24');
INSERT INTO ciudad (city_name,id_state) VALUES ('senador salgado filho','6');
INSERT INTO ciudad (city_name,id_state) VALUES ('aguas vermelhas','3');
INSERT INTO ciudad (city_name,id_state) VALUES ('frei lagonegro','3');
INSERT INTO ciudad (city_name,id_state) VALUES ('sapucaia','3');
INSERT INTO ciudad (city_name,id_state) VALUES ('oscar bressane','1');
INSERT INTO ciudad (city_name,id_state) VALUES ('carnauba dos dantas','15');
INSERT INTO ciudad (city_name,id_state) VALUES ('sao domingos do maranhao','11');
INSERT INTO ciudad (city_name,id_state) VALUES ('monte alegre de sergipe','26');
INSERT INTO ciudad (city_name,id_state) VALUES ('nova roma','8');
INSERT INTO ciudad (city_name,id_state) VALUES ('terra nova','16');
INSERT INTO ciudad (city_name,id_state) VALUES ('cujubim','21');
INSERT INTO ciudad (city_name,id_state) VALUES ('orizania','3');
INSERT INTO ciudad (city_name,id_state) VALUES ('ibiajara','10');
INSERT INTO ciudad (city_name,id_state) VALUES ('tunas do parana','4');
INSERT INTO ciudad (city_name,id_state) VALUES ('riqueza','2');
INSERT INTO ciudad (city_name,id_state) VALUES ('duas barras','5');
INSERT INTO ciudad (city_name,id_state) VALUES ('perola doeste','4');
INSERT INTO ciudad (city_name,id_state) VALUES ('campo magro','4');
INSERT INTO ciudad (city_name,id_state) VALUES ('sao miguel dos campos','20');
INSERT INTO ciudad (city_name,id_state) VALUES ('ponto do marambaia','3');
INSERT INTO ciudad (city_name,id_state) VALUES ('baldim','3');
INSERT INTO ciudad (city_name,id_state) VALUES ('sao francisco do gloria','3');
INSERT INTO ciudad (city_name,id_state) VALUES ('sao roque de minas','3');
INSERT INTO ciudad (city_name,id_state) VALUES ('feliz deserto','20');
INSERT INTO ciudad (city_name,id_state) VALUES ('barra longa','3');
INSERT INTO ciudad (city_name,id_state) VALUES ('arari','11');
INSERT INTO ciudad (city_name,id_state) VALUES ('aracoiaba','16');
INSERT INTO ciudad (city_name,id_state) VALUES ('sertania','16');
INSERT INTO ciudad (city_name,id_state) VALUES ('arvoredo','2');
INSERT INTO ciudad (city_name,id_state) VALUES ('pouso novo','6');
INSERT INTO ciudad (city_name,id_state) VALUES ('guatapara','1');
INSERT INTO ciudad (city_name,id_state) VALUES ('milagres','13');
INSERT INTO ciudad (city_name,id_state) VALUES ('pocao','16');
INSERT INTO ciudad (city_name,id_state) VALUES ('florania','15');
INSERT INTO ciudad (city_name,id_state) VALUES ('borrazopolis','4');
INSERT INTO ciudad (city_name,id_state) VALUES ('rechan','1');
INSERT INTO ciudad (city_name,id_state) VALUES ('rio espera','3');
INSERT INTO ciudad (city_name,id_state) VALUES ('virginia','3');
INSERT INTO ciudad (city_name,id_state) VALUES ('itaguara','3');
INSERT INTO ciudad (city_name,id_state) VALUES ('salobro','10');
INSERT INTO ciudad (city_name,id_state) VALUES ('neves paulista','1');
INSERT INTO ciudad (city_name,id_state) VALUES ('mombaca','13');
INSERT INTO ciudad (city_name,id_state) VALUES ('lutecia','1');
INSERT INTO ciudad (city_name,id_state) VALUES ('varzelandia','3');
INSERT INTO ciudad (city_name,id_state) VALUES ('itaara','6');
INSERT INTO ciudad (city_name,id_state) VALUES ('claraval','3');
INSERT INTO ciudad (city_name,id_state) VALUES ('agua branca','22');
INSERT INTO ciudad (city_name,id_state) VALUES ('itatim','10');
INSERT INTO ciudad (city_name,id_state) VALUES ('lavrinhas','1');
INSERT INTO ciudad (city_name,id_state) VALUES ('gongogi','10');
INSERT INTO ciudad (city_name,id_state) VALUES ('santa maria','14');
INSERT INTO ciudad (city_name,id_state) VALUES ('sao domingos das dores','3');
INSERT INTO ciudad (city_name,id_state) VALUES ('santa barbara do para','7');
INSERT INTO ciudad (city_name,id_state) VALUES ('sao vicente ferrer','16');
INSERT INTO ciudad (city_name,id_state) VALUES ('sao pedro do sul','6');
INSERT INTO ciudad (city_name,id_state) VALUES ('sao jose dos quatro marcos','17');
INSERT INTO ciudad (city_name,id_state) VALUES ('caiana','3');
INSERT INTO ciudad (city_name,id_state) VALUES ('sericita','3');
INSERT INTO ciudad (city_name,id_state) VALUES ('guarapua','1');
INSERT INTO ciudad (city_name,id_state) VALUES ('campo alegre','2');
INSERT INTO ciudad (city_name,id_state) VALUES ('sao bonifacio','2');
INSERT INTO ciudad (city_name,id_state) VALUES ('seberi','6');
INSERT INTO ciudad (city_name,id_state) VALUES ('alagoa nova','22');
INSERT INTO ciudad (city_name,id_state) VALUES ('vicente dutra','6');
INSERT INTO ciudad (city_name,id_state) VALUES ('palmares paulista','1');
INSERT INTO ciudad (city_name,id_state) VALUES ('feliz natal','17');
INSERT INTO ciudad (city_name,id_state) VALUES ('jequeri','3');
INSERT INTO ciudad (city_name,id_state) VALUES ('erere','13');
INSERT INTO ciudad (city_name,id_state) VALUES ('urucania','3');
INSERT INTO ciudad (city_name,id_state) VALUES ('vicencia','16');
INSERT INTO ciudad (city_name,id_state) VALUES ('aguia branca','9');
INSERT INTO ciudad (city_name,id_state) VALUES ('adrianopolis','4');
INSERT INTO ciudad (city_name,id_state) VALUES ('centro novo do maranhao','11');
INSERT INTO ciudad (city_name,id_state) VALUES ('santo expedito','1');
INSERT INTO ciudad (city_name,id_state) VALUES ('goiandira','8');
INSERT INTO ciudad (city_name,id_state) VALUES ('galinhos','15');
INSERT INTO ciudad (city_name,id_state) VALUES ('nova ipixuna','7');
INSERT INTO ciudad (city_name,id_state) VALUES ('francisco dumont','3');
INSERT INTO ciudad (city_name,id_state) VALUES ('santa cruz de salinas','3');
INSERT INTO ciudad (city_name,id_state) VALUES ('piao','5');
INSERT INTO ciudad (city_name,id_state) VALUES ('assuncao','22');
INSERT INTO ciudad (city_name,id_state) VALUES ('guaraci','4');
INSERT INTO ciudad (city_name,id_state) VALUES ('flores','13');
INSERT INTO ciudad (city_name,id_state) VALUES ('dom macedo costa','10');
INSERT INTO ciudad (city_name,id_state) VALUES ('divino de sao lourenco','9');
INSERT INTO ciudad (city_name,id_state) VALUES ('itatiaiucu','3');
INSERT INTO ciudad (city_name,id_state) VALUES ('nortelandia','17');
INSERT INTO ciudad (city_name,id_state) VALUES ('santo eduardo','5');
INSERT INTO ciudad (city_name,id_state) VALUES ('sao joao das missoes','3');
INSERT INTO ciudad (city_name,id_state) VALUES ('poco redondo','26');
INSERT INTO ciudad (city_name,id_state) VALUES ('sao francisco do conde','10');
INSERT INTO ciudad (city_name,id_state) VALUES ('datas','3');
INSERT INTO ciudad (city_name,id_state) VALUES ('palmital','4');
INSERT INTO ciudad (city_name,id_state) VALUES ('jabora','2');
INSERT INTO ciudad (city_name,id_state) VALUES ('bertopolis','3');
INSERT INTO ciudad (city_name,id_state) VALUES ('candeal','10');
INSERT INTO ciudad (city_name,id_state) VALUES ('filadelfia','10');
INSERT INTO ciudad (city_name,id_state) VALUES ('magda','1');
INSERT INTO ciudad (city_name,id_state) VALUES ('presidente juscelino','11');
INSERT INTO ciudad (city_name,id_state) VALUES ('alexandra','4');
INSERT INTO ciudad (city_name,id_state) VALUES ('coari','18');
INSERT INTO ciudad (city_name,id_state) VALUES ('sao vicente ferrer','11');
INSERT INTO ciudad (city_name,id_state) VALUES ('silveira martins','6');
INSERT INTO ciudad (city_name,id_state) VALUES ('barao de cotegipe','6');
INSERT INTO ciudad (city_name,id_state) VALUES ('luminarias','3');
INSERT INTO ciudad (city_name,id_state) VALUES ('urucuia','3');
INSERT INTO ciudad (city_name,id_state) VALUES ('pindoretama','13');
INSERT INTO ciudad (city_name,id_state) VALUES ('nova palma','6');
INSERT INTO ciudad (city_name,id_state) VALUES ('sao benedito do rio preto','11');
INSERT INTO ciudad (city_name,id_state) VALUES ('paraju','9');
INSERT INTO ciudad (city_name,id_state) VALUES ('jacuipe','10');
INSERT INTO ciudad (city_name,id_state) VALUES ('tres irmaos','5');
INSERT INTO ciudad (city_name,id_state) VALUES ('bonfim','27');
INSERT INTO ciudad (city_name,id_state) VALUES ('ouro','2');
INSERT INTO ciudad (city_name,id_state) VALUES ('corrego fundo','3');
INSERT INTO ciudad (city_name,id_state) VALUES ('bom retiro','2');
INSERT INTO ciudad (city_name,id_state) VALUES ('britania','8');
INSERT INTO ciudad (city_name,id_state) VALUES ('retirolandia','10');
INSERT INTO ciudad (city_name,id_state) VALUES ('patis','3');
INSERT INTO ciudad (city_name,id_state) VALUES ('euclides da cunha','10');
INSERT INTO ciudad (city_name,id_state) VALUES ('sebastiao leal','24');
INSERT INTO ciudad (city_name,id_state) VALUES ('ipiranga','6');
INSERT INTO ciudad (city_name,id_state) VALUES ('itapissuma','16');
INSERT INTO ciudad (city_name,id_state) VALUES ('estrela doeste','1');
INSERT INTO ciudad (city_name,id_state) VALUES ('maranhaozinho','11');
INSERT INTO ciudad (city_name,id_state) VALUES ('jataizinho','4');
INSERT INTO ciudad (city_name,id_state) VALUES ('marcelino vieira','15');
INSERT INTO ciudad (city_name,id_state) VALUES ('redencao do gurgueia','24');
INSERT INTO ciudad (city_name,id_state) VALUES ('francisco dantas','15');
INSERT INTO ciudad (city_name,id_state) VALUES ('boa ventura','5');
INSERT INTO ciudad (city_name,id_state) VALUES ('conceicao do jacuipe','10');
INSERT INTO ciudad (city_name,id_state) VALUES ('arroio do tigre','6');
INSERT INTO ciudad (city_name,id_state) VALUES ('coruripe','20');
INSERT INTO ciudad (city_name,id_state) VALUES ('francisco badaro','3');
INSERT INTO ciudad (city_name,id_state) VALUES ('berilo','3');
INSERT INTO ciudad (city_name,id_state) VALUES ('nova santa rita','24');
INSERT INTO ciudad (city_name,id_state) VALUES ('angustura','3');
INSERT INTO ciudad (city_name,id_state) VALUES ('sao pedro do butia','6');
INSERT INTO ciudad (city_name,id_state) VALUES ('atalanta','2');
INSERT INTO ciudad (city_name,id_state) VALUES ('carnaubal','13');
INSERT INTO ciudad (city_name,id_state) VALUES ('miraguai','6');
INSERT INTO ciudad (city_name,id_state) VALUES ('santo antonio do pinhal','1');
INSERT INTO ciudad (city_name,id_state) VALUES ('martinesia','3');
INSERT INTO ciudad (city_name,id_state) VALUES ('prudencio thomaz','12');
INSERT INTO ciudad (city_name,id_state) VALUES ('agrolandia','2');
INSERT INTO ciudad (city_name,id_state) VALUES ('candido sales','10');
INSERT INTO ciudad (city_name,id_state) VALUES ('flora rica','1');
INSERT INTO ciudad (city_name,id_state) VALUES ('confins','3');
INSERT INTO ciudad (city_name,id_state) VALUES ('riachuelo','26');
INSERT INTO ciudad (city_name,id_state) VALUES ('lagoa nova','15');
INSERT INTO ciudad (city_name,id_state) VALUES ('sao tome','4');
INSERT INTO ciudad (city_name,id_state) VALUES ('satubinha','11');
INSERT INTO ciudad (city_name,id_state) VALUES ('major porto','3');
INSERT INTO ciudad (city_name,id_state) VALUES ('olindina','10');
INSERT INTO ciudad (city_name,id_state) VALUES ('irupi','9');
INSERT INTO ciudad (city_name,id_state) VALUES ('jaboti','4');
INSERT INTO ciudad (city_name,id_state) VALUES ('lebon regis','2');
INSERT INTO ciudad (city_name,id_state) VALUES ('uniao dos palmares','20');
INSERT INTO ciudad (city_name,id_state) VALUES ('boraceia','1');
INSERT INTO ciudad (city_name,id_state) VALUES ('agua clara','12');
INSERT INTO ciudad (city_name,id_state) VALUES ('areiopolis','1');
INSERT INTO ciudad (city_name,id_state) VALUES ('ipueira','15');
INSERT INTO ciudad (city_name,id_state) VALUES ('ubirajara','1');
INSERT INTO ciudad (city_name,id_state) VALUES ('itagi','10');
INSERT INTO ciudad (city_name,id_state) VALUES ('santo hipolito','3');
INSERT INTO ciudad (city_name,id_state) VALUES ('conceicao do formoso','3');
INSERT INTO ciudad (city_name,id_state) VALUES ('santa cruz','16');
INSERT INTO ciudad (city_name,id_state) VALUES ('luisburgo','3');
INSERT INTO ciudad (city_name,id_state) VALUES ('silvano','3');
INSERT INTO ciudad (city_name,id_state) VALUES ('sitio novo','11');
INSERT INTO ciudad (city_name,id_state) VALUES ('lagoa dos patos','3');
INSERT INTO ciudad (city_name,id_state) VALUES ('estrela do indaia','3');
INSERT INTO ciudad (city_name,id_state) VALUES ('fonseca','3');
INSERT INTO ciudad (city_name,id_state) VALUES ('sao jose do serido','15');
INSERT INTO ciudad (city_name,id_state) VALUES ('vargeao','2');
INSERT INTO ciudad (city_name,id_state) VALUES ('onda verde','1');
INSERT INTO ciudad (city_name,id_state) VALUES ('ipiranga do sul','6');
INSERT INTO ciudad (city_name,id_state) VALUES ('serra azul','1');
INSERT INTO ciudad (city_name,id_state) VALUES ('vera','17');
INSERT INTO ciudad (city_name,id_state) VALUES ('jardim olinda','4');
INSERT INTO ciudad (city_name,id_state) VALUES ('santo antonio do canaa','9');
INSERT INTO ciudad (city_name,id_state) VALUES ('boa vista do gurupi','11');
INSERT INTO ciudad (city_name,id_state) VALUES ('goiabeira','3');
INSERT INTO ciudad (city_name,id_state) VALUES ('santa cruz do piaui','24');
INSERT INTO ciudad (city_name,id_state) VALUES ('itapirapua paulista','1');
INSERT INTO ciudad (city_name,id_state) VALUES ('coronel macedo','1');
INSERT INTO ciudad (city_name,id_state) VALUES ('nova luzitania','1');
INSERT INTO ciudad (city_name,id_state) VALUES ('ouro verde de goias','8');
INSERT INTO ciudad (city_name,id_state) VALUES ('acajutiba','10');
INSERT INTO ciudad (city_name,id_state) VALUES ('anhembi','1');
INSERT INTO ciudad (city_name,id_state) VALUES ('itagimirim','10');
INSERT INTO ciudad (city_name,id_state) VALUES ('rubim','3');
INSERT INTO ciudad (city_name,id_state) VALUES ('belmonte','2');
INSERT INTO ciudad (city_name,id_state) VALUES ('garruchos','6');
INSERT INTO ciudad (city_name,id_state) VALUES ('coracao de maria','10');
INSERT INTO ciudad (city_name,id_state) VALUES ('anhandui','12');
INSERT INTO ciudad (city_name,id_state) VALUES ('presidente lucena','6');
INSERT INTO ciudad (city_name,id_state) VALUES ('doverlandia','8');
INSERT INTO ciudad (city_name,id_state) VALUES ('pio ix','24');
INSERT INTO ciudad (city_name,id_state) VALUES ('cupira','16');
INSERT INTO ciudad (city_name,id_state) VALUES ('ouvidor','8');
INSERT INTO ciudad (city_name,id_state) VALUES ('boa esperanca do iguacu','4');
INSERT INTO ciudad (city_name,id_state) VALUES ('alto alegre','6');
INSERT INTO ciudad (city_name,id_state) VALUES ('alegria','6');
INSERT INTO ciudad (city_name,id_state) VALUES ('jucurucu','10');
INSERT INTO ciudad (city_name,id_state) VALUES ('itaguari','8');
INSERT INTO ciudad (city_name,id_state) VALUES ('guinda','3');
INSERT INTO ciudad (city_name,id_state) VALUES ('viseu','7');
INSERT INTO ciudad (city_name,id_state) VALUES ('alto santo','13');
INSERT INTO ciudad (city_name,id_state) VALUES ('esmeralda','6');
INSERT INTO ciudad (city_name,id_state) VALUES ('lages','13');
INSERT INTO ciudad (city_name,id_state) VALUES ('jandaira','15');
INSERT INTO ciudad (city_name,id_state) VALUES ('hidrolandia','8');
INSERT INTO ciudad (city_name,id_state) VALUES ('igarape-miri','7');
INSERT INTO ciudad (city_name,id_state) VALUES ('mineiros do tiete','1');
INSERT INTO ciudad (city_name,id_state) VALUES ('montadas','22');
INSERT INTO ciudad (city_name,id_state) VALUES ('alegrete do piaui','24');
INSERT INTO ciudad (city_name,id_state) VALUES ('mauriti','13');
INSERT INTO ciudad (city_name,id_state) VALUES ('santo antonio','15');
INSERT INTO ciudad (city_name,id_state) VALUES ('miradouro','3');
INSERT INTO ciudad (city_name,id_state) VALUES ('luz','3');
INSERT INTO ciudad (city_name,id_state) VALUES ('peixe','23');
INSERT INTO ciudad (city_name,id_state) VALUES ('juru','22');
INSERT INTO ciudad (city_name,id_state) VALUES ('julio mesquita','1');
INSERT INTO ciudad (city_name,id_state) VALUES ('ribeiraozinho','17');
INSERT INTO ciudad (city_name,id_state) VALUES ('amparo da serra','3');
INSERT INTO ciudad (city_name,id_state) VALUES ('pedra preta','15');
INSERT INTO ciudad (city_name,id_state) VALUES ('campo alegre de lourdes','10');
INSERT INTO ciudad (city_name,id_state) VALUES ('cascalho rico','3');
INSERT INTO ciudad (city_name,id_state) VALUES ('apora','10');
INSERT INTO ciudad (city_name,id_state) VALUES ('cha grande','16');
INSERT INTO ciudad (city_name,id_state) VALUES ('poco de pedra','15');
INSERT INTO ciudad (city_name,id_state) VALUES ('roca sales','6');
INSERT INTO ciudad (city_name,id_state) VALUES ('jandaia','8');
INSERT INTO ciudad (city_name,id_state) VALUES ('treviso','2');
INSERT INTO ciudad (city_name,id_state) VALUES ('sete de setembro','6');
INSERT INTO ciudad (city_name,id_state) VALUES ('mantenopolis','9');
INSERT INTO ciudad (city_name,id_state) VALUES ('sao clemente','4');
INSERT INTO ciudad (city_name,id_state) VALUES ('santa cecilia do pavao','4');
INSERT INTO ciudad (city_name,id_state) VALUES ('abaira','10');
INSERT INTO ciudad (city_name,id_state) VALUES ('alagoinha','22');
INSERT INTO ciudad (city_name,id_state) VALUES ('itapicuru','10');
INSERT INTO ciudad (city_name,id_state) VALUES ('cerro grande do sul','6');
INSERT INTO ciudad (city_name,id_state) VALUES ('salto grande','1');
INSERT INTO ciudad (city_name,id_state) VALUES ('cotegipe','10');
INSERT INTO ciudad (city_name,id_state) VALUES ('pinhotiba','3');
INSERT INTO ciudad (city_name,id_state) VALUES ('celso ramos','2');
INSERT INTO ciudad (city_name,id_state) VALUES ('divinesia','3');
INSERT INTO ciudad (city_name,id_state) VALUES ('guassusse','13');
INSERT INTO ciudad (city_name,id_state) VALUES ('cabeceiras','8');
INSERT INTO ciudad (city_name,id_state) VALUES ('planalto','10');
INSERT INTO ciudad (city_name,id_state) VALUES ('mascote','10');
INSERT INTO ciudad (city_name,id_state) VALUES ('tuparendi','6');
INSERT INTO ciudad (city_name,id_state) VALUES ('ipaumirim','13');
INSERT INTO ciudad (city_name,id_state) VALUES ('guabiju','6');
INSERT INTO ciudad (city_name,id_state) VALUES ('rancho queimado','2');
INSERT INTO ciudad (city_name,id_state) VALUES ('campo alegre de goias','8');
INSERT INTO ciudad (city_name,id_state) VALUES ('espirito santo do turvo','1');
INSERT INTO ciudad (city_name,id_state) VALUES ('caiua','1');
INSERT INTO ciudad (city_name,id_state) VALUES ('conquista doeste','17');
INSERT INTO ciudad (city_name,id_state) VALUES ('santa cecilia','22');
INSERT INTO ciudad (city_name,id_state) VALUES ('augustinopolis','23');
INSERT INTO ciudad (city_name,id_state) VALUES ('monte alverne','6');
INSERT INTO ciudad (city_name,id_state) VALUES ('aracitaba','3');
INSERT INTO ciudad (city_name,id_state) VALUES ('itaguaru','8');
INSERT INTO ciudad (city_name,id_state) VALUES ('felicio dos santos','3');
INSERT INTO ciudad (city_name,id_state) VALUES ('leoberto leal','2');
INSERT INTO ciudad (city_name,id_state) VALUES ('lagoa santa','8');
INSERT INTO ciudad (city_name,id_state) VALUES ('ibitira','10');
INSERT INTO ciudad (city_name,id_state) VALUES ('serra branca','22');
INSERT INTO ciudad (city_name,id_state) VALUES ('sao jose do ribeirao','5');
INSERT INTO ciudad (city_name,id_state) VALUES ('alcantara','11');
INSERT INTO ciudad (city_name,id_state) VALUES ('padre carvalho','3');
INSERT INTO ciudad (city_name,id_state) VALUES ('mata','6');
INSERT INTO ciudad (city_name,id_state) VALUES ('vargem grande do soturno','9');
INSERT INTO ciudad (city_name,id_state) VALUES ('caxambu do sul','2');
INSERT INTO ciudad (city_name,id_state) VALUES ('braunas','3');
INSERT INTO ciudad (city_name,id_state) VALUES ('monte alegre','15');
INSERT INTO ciudad (city_name,id_state) VALUES ('alianca','16');
INSERT INTO ciudad (city_name,id_state) VALUES ('leopolis','4');
INSERT INTO ciudad (city_name,id_state) VALUES ('cacimbinhas','20');
INSERT INTO ciudad (city_name,id_state) VALUES ('belmonte','10');
INSERT INTO ciudad (city_name,id_state) VALUES ('vila pereira','3');
INSERT INTO ciudad (city_name,id_state) VALUES ('quipapa','16');
INSERT INTO ciudad (city_name,id_state) VALUES ('gramado dos loureiros','6');
INSERT INTO ciudad (city_name,id_state) VALUES ('macieira','2');
INSERT INTO ciudad (city_name,id_state) VALUES ('bacaxa','5');
INSERT INTO ciudad (city_name,id_state) VALUES ('paranhos','12');
INSERT INTO ciudad (city_name,id_state) VALUES ('lamarao','10');
INSERT INTO ciudad (city_name,id_state) VALUES ('mundo novo','12');
INSERT INTO ciudad (city_name,id_state) VALUES ('bodo','15');
INSERT INTO ciudad (city_name,id_state) VALUES ('pontao','6');
INSERT INTO ciudad (city_name,id_state) VALUES ('douradina','4');
INSERT INTO ciudad (city_name,id_state) VALUES ('cachoeira dourada','3');
INSERT INTO ciudad (city_name,id_state) VALUES ('querencia do norte','4');
INSERT INTO ciudad (city_name,id_state) VALUES ('sao domingos','10');
INSERT INTO ciudad (city_name,id_state) VALUES ('nova aurora','8');
INSERT INTO ciudad (city_name,id_state) VALUES ('sertao santana','6');
INSERT INTO ciudad (city_name,id_state) VALUES ('canaa','3');
INSERT INTO ciudad (city_name,id_state) VALUES ('bela vista do maranhao','11');
INSERT INTO ciudad (city_name,id_state) VALUES ('magalhaes de almeida','11');
INSERT INTO ciudad (city_name,id_state) VALUES ('ichu','10');
INSERT INTO ciudad (city_name,id_state) VALUES ('vitoria do mearim','11');
INSERT INTO ciudad (city_name,id_state) VALUES ('redencao da serra','1');
INSERT INTO ciudad (city_name,id_state) VALUES ('bom sucesso','4');
INSERT INTO ciudad (city_name,id_state) VALUES ('capinzal do norte','11');
INSERT INTO ciudad (city_name,id_state) VALUES ('jacareacanga','7');
INSERT INTO ciudad (city_name,id_state) VALUES ('vespasiano correa','6');
INSERT INTO ciudad (city_name,id_state) VALUES ('sao felipe','10');
INSERT INTO ciudad (city_name,id_state) VALUES ('jeriquara','1');
INSERT INTO ciudad (city_name,id_state) VALUES ('sucesso','13');
INSERT INTO ciudad (city_name,id_state) VALUES ('paraibano','11');
INSERT INTO ciudad (city_name,id_state) VALUES ('echapora','1');
INSERT INTO ciudad (city_name,id_state) VALUES ('balsa nova','4');
INSERT INTO ciudad (city_name,id_state) VALUES ('teodoro sampaio','10');
INSERT INTO ciudad (city_name,id_state) VALUES ('kalore','4');
INSERT INTO ciudad (city_name,id_state) VALUES ('sao jorge doeste','4');
INSERT INTO ciudad (city_name,id_state) VALUES ('jundiai do sul','4');
INSERT INTO ciudad (city_name,id_state) VALUES ('pugmil','23');
INSERT INTO ciudad (city_name,id_state) VALUES ('dezesseis de novembro','6');
INSERT INTO ciudad (city_name,id_state) VALUES ('uirauna','22');
INSERT INTO ciudad (city_name,id_state) VALUES ('anguera','10');
INSERT INTO ciudad (city_name,id_state) VALUES ('pirajuba','3');
INSERT INTO ciudad (city_name,id_state) VALUES ('barao ataliba nogueira','1');
INSERT INTO ciudad (city_name,id_state) VALUES ('passira','16');
INSERT INTO ciudad (city_name,id_state) VALUES ('ibiracu','9');
INSERT INTO ciudad (city_name,id_state) VALUES ('santa teresinha','10');
INSERT INTO ciudad (city_name,id_state) VALUES ('mogi-mirim','1');
INSERT INTO ciudad (city_name,id_state) VALUES ('ajapi','1');
INSERT INTO ciudad (city_name,id_state) VALUES ('crominia','8');
INSERT INTO ciudad (city_name,id_state) VALUES ('laranjal','4');
INSERT INTO ciudad (city_name,id_state) VALUES ('guariroba','1');
INSERT INTO ciudad (city_name,id_state) VALUES ('itabatan','10');
INSERT INTO ciudad (city_name,id_state) VALUES ('flores','16');
INSERT INTO ciudad (city_name,id_state) VALUES ('juruti','7');
INSERT INTO ciudad (city_name,id_state) VALUES ('parnarama','11');
INSERT INTO ciudad (city_name,id_state) VALUES ('baguari','3');
INSERT INTO ciudad (city_name,id_state) VALUES ('trabiju','1');
INSERT INTO ciudad (city_name,id_state) VALUES ('candoi','4');
INSERT INTO ciudad (city_name,id_state) VALUES ('guairaca','4');
INSERT INTO ciudad (city_name,id_state) VALUES ('pau brasil','10');
INSERT INTO ciudad (city_name,id_state) VALUES ('tururu','13');
INSERT INTO ciudad (city_name,id_state) VALUES ('ibarama','6');
INSERT INTO ciudad (city_name,id_state) VALUES ('lucena','22');
INSERT INTO ciudad (city_name,id_state) VALUES ('ilicinea','3');
INSERT INTO ciudad (city_name,id_state) VALUES ('nova ubirata','17');
INSERT INTO ciudad (city_name,id_state) VALUES ('aurora','2');
INSERT INTO ciudad (city_name,id_state) VALUES ('abare','10');
INSERT INTO ciudad (city_name,id_state) VALUES ('banzae','10');
INSERT INTO ciudad (city_name,id_state) VALUES ('itiquira','17');
INSERT INTO ciudad (city_name,id_state) VALUES ('coronel joao pessoa','15');
INSERT INTO ciudad (city_name,id_state) VALUES ('tumiritinga','3');
INSERT INTO ciudad (city_name,id_state) VALUES ('jardim alegre','4');
INSERT INTO ciudad (city_name,id_state) VALUES ('sede alvorada','4');
INSERT INTO ciudad (city_name,id_state) VALUES ('piracema','3');
INSERT INTO ciudad (city_name,id_state) VALUES ('camacho','3');
INSERT INTO ciudad (city_name,id_state) VALUES ('ribeira do amparo','10');
INSERT INTO ciudad (city_name,id_state) VALUES ('jaua','10');
INSERT INTO ciudad (city_name,id_state) VALUES ('delfim moreira','3');
INSERT INTO ciudad (city_name,id_state) VALUES ('porteiras','13');
INSERT INTO ciudad (city_name,id_state) VALUES ('palminopolis','8');
INSERT INTO ciudad (city_name,id_state) VALUES ('mariental','4');
INSERT INTO ciudad (city_name,id_state) VALUES ('canudos','10');
INSERT INTO ciudad (city_name,id_state) VALUES ('pedra menina','3');
INSERT INTO ciudad (city_name,id_state) VALUES ('itaguaje','4');
INSERT INTO ciudad (city_name,id_state) VALUES ('lagoa danta','15');
INSERT INTO ciudad (city_name,id_state) VALUES ('ibitiuva','1');
INSERT INTO ciudad (city_name,id_state) VALUES ('tapinas','1');
INSERT INTO ciudad (city_name,id_state) VALUES ('fortim','13');
INSERT INTO ciudad (city_name,id_state) VALUES ('terenos','12');
INSERT INTO ciudad (city_name,id_state) VALUES ('senador la rocque','11');
INSERT INTO ciudad (city_name,id_state) VALUES ('formoso','8');
INSERT INTO ciudad (city_name,id_state) VALUES ('caparao','3');
INSERT INTO ciudad (city_name,id_state) VALUES ('planaltina de goias','8');
INSERT INTO ciudad (city_name,id_state) VALUES ('graccho cardoso','26');
INSERT INTO ciudad (city_name,id_state) VALUES ('brejo','11');
INSERT INTO ciudad (city_name,id_state) VALUES ('sao jose do campestre','15');
INSERT INTO ciudad (city_name,id_state) VALUES ('sao patricio','8');
INSERT INTO ciudad (city_name,id_state) VALUES ('vermelho novo','3');
INSERT INTO ciudad (city_name,id_state) VALUES ('buritis','21');
INSERT INTO ciudad (city_name,id_state) VALUES ('sitio novo','15');
INSERT INTO ciudad (city_name,id_state) VALUES ('ilha dos valadares','4');
INSERT INTO ciudad (city_name,id_state) VALUES ('flor da serra do sul','4');
INSERT INTO ciudad (city_name,id_state) VALUES ('pirai do norte','10');
INSERT INTO ciudad (city_name,id_state) VALUES ('antonio martins','15');
INSERT INTO ciudad (city_name,id_state) VALUES ('tacuru','12');
INSERT INTO ciudad (city_name,id_state) VALUES ('claro dos pocoes','3');
INSERT INTO ciudad (city_name,id_state) VALUES ('guapirama','4');
INSERT INTO ciudad (city_name,id_state) VALUES ('brasileia','25');
INSERT INTO ciudad (city_name,id_state) VALUES ('araguana','11');
INSERT INTO ciudad (city_name,id_state) VALUES ('varzea nova','10');
INSERT INTO ciudad (city_name,id_state) VALUES ('morro da garca','3');
INSERT INTO ciudad (city_name,id_state) VALUES ('penedo','5');
INSERT INTO ciudad (city_name,id_state) VALUES ('ferreiros','16');
INSERT INTO ciudad (city_name,id_state) VALUES ('nova crixas','8');
INSERT INTO ciudad (city_name,id_state) VALUES ('mutum parana','21');
INSERT INTO ciudad (city_name,id_state) VALUES ('pacuja','13');
INSERT INTO ciudad (city_name,id_state) VALUES ('mucurici','9');
INSERT INTO ciudad (city_name,id_state) VALUES ('porto murtinho','12');
INSERT INTO ciudad (city_name,id_state) VALUES ('cezarina','8');
INSERT INTO ciudad (city_name,id_state) VALUES ('itaju do colonia','10');
INSERT INTO ciudad (city_name,id_state) VALUES ('assare','13');
INSERT INTO ciudad (city_name,id_state) VALUES ('frecheirinha','13');
INSERT INTO ciudad (city_name,id_state) VALUES ('umburanas','10');
INSERT INTO ciudad (city_name,id_state) VALUES ('atalaia','20');
INSERT INTO ciudad (city_name,id_state) VALUES ('itape','10');
INSERT INTO ciudad (city_name,id_state) VALUES ('pilar','22');
INSERT INTO ciudad (city_name,id_state) VALUES ('nova america','8');
INSERT INTO ciudad (city_name,id_state) VALUES ('picarras','2');
INSERT INTO ciudad (city_name,id_state) VALUES ('rodeiro','3');
INSERT INTO ciudad (city_name,id_state) VALUES ('barracao','4');
INSERT INTO ciudad (city_name,id_state) VALUES ('floresta do araguaia','7');
INSERT INTO ciudad (city_name,id_state) VALUES ('rio tinto','22');
INSERT INTO ciudad (city_name,id_state) VALUES ('acegua','6');
INSERT INTO ciudad (city_name,id_state) VALUES ('caldas brandao','22');
INSERT INTO ciudad (city_name,id_state) VALUES ('desterro de entre rios','3');
INSERT INTO ciudad (city_name,id_state) VALUES ('itarema','13');
INSERT INTO ciudad (city_name,id_state) VALUES ('tutoia','11');
INSERT INTO ciudad (city_name,id_state) VALUES ('patrocinio paulista','1');
INSERT INTO ciudad (city_name,id_state) VALUES ('guamiranga','4');
INSERT INTO ciudad (city_name,id_state) VALUES ('carmesia','3');
INSERT INTO ciudad (city_name,id_state) VALUES ('caetanos','10');
INSERT INTO ciudad (city_name,id_state) VALUES ('chapadao do lageado','2');
INSERT INTO ciudad (city_name,id_state) VALUES ('icaraima','4');
INSERT INTO ciudad (city_name,id_state) VALUES ('matias olimpio','24');
INSERT INTO ciudad (city_name,id_state) VALUES ('caem','10');
INSERT INTO ciudad (city_name,id_state) VALUES ('paula freitas','4');
INSERT INTO ciudad (city_name,id_state) VALUES ('tavares','6');
INSERT INTO ciudad (city_name,id_state) VALUES ('sao miguel do cambui','4');
INSERT INTO ciudad (city_name,id_state) VALUES ('arantina','3');
INSERT INTO ciudad (city_name,id_state) VALUES ('icatu','11');
INSERT INTO ciudad (city_name,id_state) VALUES ('martins','15');
INSERT INTO ciudad (city_name,id_state) VALUES ('pinto bandeira','6');
INSERT INTO ciudad (city_name,id_state) VALUES ('arataca','10');
INSERT INTO ciudad (city_name,id_state) VALUES ('caputira','3');
INSERT INTO ciudad (city_name,id_state) VALUES ('loreto','11');
INSERT INTO ciudad (city_name,id_state) VALUES ('dom cavati','3');
INSERT INTO ciudad (city_name,id_state) VALUES ('dona emma','2');
INSERT INTO ciudad (city_name,id_state) VALUES ('aiuaba','13');
INSERT INTO ciudad (city_name,id_state) VALUES ('serro','3');
INSERT INTO ciudad (city_name,id_state) VALUES ('crucilandia','3');
INSERT INTO ciudad (city_name,id_state) VALUES ('embauba','1');
INSERT INTO ciudad (city_name,id_state) VALUES ('morro do pilar','3');
INSERT INTO ciudad (city_name,id_state) VALUES ('mucambo','13');
INSERT INTO ciudad (city_name,id_state) VALUES ('paranapoema','4');
INSERT INTO ciudad (city_name,id_state) VALUES ('vitorinos','3');
INSERT INTO ciudad (city_name,id_state) VALUES ('brasopolis','3');
INSERT INTO ciudad (city_name,id_state) VALUES ('nova santa barbara','4');
INSERT INTO ciudad (city_name,id_state) VALUES ('sento se','10');
INSERT INTO ciudad (city_name,id_state) VALUES ('ponto novo','10');
INSERT INTO ciudad (city_name,id_state) VALUES ('picada cafe','6');
INSERT INTO ciudad (city_name,id_state) VALUES ('atilio vivacqua','9');
INSERT INTO ciudad (city_name,id_state) VALUES ('erebango','6');
INSERT INTO ciudad (city_name,id_state) VALUES ('corrego do ouro','5');
INSERT INTO ciudad (city_name,id_state) VALUES ('nova fatima','10');
INSERT INTO ciudad (city_name,id_state) VALUES ('bom jardim de goias','8');
INSERT INTO ciudad (city_name,id_state) VALUES ('caxingo','24');
INSERT INTO ciudad (city_name,id_state) VALUES ('santana de pirapama','3');
INSERT INTO ciudad (city_name,id_state) VALUES ('jaquirana','6');
INSERT INTO ciudad (city_name,id_state) VALUES ('santa lucia','4');
INSERT INTO ciudad (city_name,id_state) VALUES ('ibiassuce','10');
INSERT INTO ciudad (city_name,id_state) VALUES ('novo itacolomi','4');
INSERT INTO ciudad (city_name,id_state) VALUES ('juripiranga','22');
INSERT INTO ciudad (city_name,id_state) VALUES ('itatiba do sul','6');
INSERT INTO ciudad (city_name,id_state) VALUES ('pitanga de estrada','22');
INSERT INTO ciudad (city_name,id_state) VALUES ('novo alegre','23');
INSERT INTO ciudad (city_name,id_state) VALUES ('monteiro lobato','1');
INSERT INTO ciudad (city_name,id_state) VALUES ('maquine','6');
INSERT INTO ciudad (city_name,id_state) VALUES ('cairu','10');
INSERT INTO ciudad (city_name,id_state) VALUES ('barro alto','8');
INSERT INTO ciudad (city_name,id_state) VALUES ('ipupiara','10');
INSERT INTO ciudad (city_name,id_state) VALUES ('bocaiuva do sul','4');
INSERT INTO ciudad (city_name,id_state) VALUES ('capistrano','13');
INSERT INTO ciudad (city_name,id_state) VALUES ('nova redencao','10');
INSERT INTO ciudad (city_name,id_state) VALUES ('santa maria do herval','6');
INSERT INTO ciudad (city_name,id_state) VALUES ('pitimbu','22');
INSERT INTO ciudad (city_name,id_state) VALUES ('pedra lavrada','22');
INSERT INTO ciudad (city_name,id_state) VALUES ('triunfo','22');
INSERT INTO ciudad (city_name,id_state) VALUES ('brejo do cruz','22');
INSERT INTO ciudad (city_name,id_state) VALUES ('quatro pontes','4');
INSERT INTO ciudad (city_name,id_state) VALUES ('lajeado grande','2');
INSERT INTO ciudad (city_name,id_state) VALUES ('coreau','13');
INSERT INTO ciudad (city_name,id_state) VALUES ('groairas','13');
INSERT INTO ciudad (city_name,id_state) VALUES ('alto piquiri','4');
INSERT INTO ciudad (city_name,id_state) VALUES ('pescador','3');
INSERT INTO ciudad (city_name,id_state) VALUES ('presidente medici','11');
INSERT INTO ciudad (city_name,id_state) VALUES ('presidente nereu','2');
INSERT INTO ciudad (city_name,id_state) VALUES ('alpestre','6');
INSERT INTO ciudad (city_name,id_state) VALUES ('pombos','16');
INSERT INTO ciudad (city_name,id_state) VALUES ('nova resende','3');
INSERT INTO ciudad (city_name,id_state) VALUES ('ibitiara','10');
INSERT INTO ciudad (city_name,id_state) VALUES ('ibicuitinga','13');
INSERT INTO ciudad (city_name,id_state) VALUES ('termas de ibira','1');
INSERT INTO ciudad (city_name,id_state) VALUES ('vila reis','4');
INSERT INTO ciudad (city_name,id_state) VALUES ('malhador','26');
INSERT INTO ciudad (city_name,id_state) VALUES ('varzea do poco','10');
INSERT INTO ciudad (city_name,id_state) VALUES ('baixa grande','10');
INSERT INTO ciudad (city_name,id_state) VALUES ('cerro negro','2');
INSERT INTO ciudad (city_name,id_state) VALUES ('itambaraca','4');
INSERT INTO ciudad (city_name,id_state) VALUES ('pirapemas','11');
INSERT INTO ciudad (city_name,id_state) VALUES ('itacurussa','5');
INSERT INTO ciudad (city_name,id_state) VALUES ('porto firme','3');
INSERT INTO ciudad (city_name,id_state) VALUES ('porto alegre do norte','17');
INSERT INTO ciudad (city_name,id_state) VALUES ('americo de campos','1');
INSERT INTO ciudad (city_name,id_state) VALUES ('nobres','17');
INSERT INTO ciudad (city_name,id_state) VALUES ('pereiras','1');
INSERT INTO ciudad (city_name,id_state) VALUES ('vicentina','12');
INSERT INTO ciudad (city_name,id_state) VALUES ('tome-acu','7');
INSERT INTO ciudad (city_name,id_state) VALUES ('berizal','3');
INSERT INTO ciudad (city_name,id_state) VALUES ('tamboara','4');
INSERT INTO ciudad (city_name,id_state) VALUES ('agua preta','16');
INSERT INTO ciudad (city_name,id_state) VALUES ('jampruca','3');
INSERT INTO ciudad (city_name,id_state) VALUES ('arapua','3');
INSERT INTO ciudad (city_name,id_state) VALUES ('sao luiz do norte','8');
INSERT INTO ciudad (city_name,id_state) VALUES ('rosario do ivai','4');
INSERT INTO ciudad (city_name,id_state) VALUES ('cassia dos coqueiros','1');
INSERT INTO ciudad (city_name,id_state) VALUES ('arame','11');
INSERT INTO ciudad (city_name,id_state) VALUES ('santo antonio do aventureiro','3');
INSERT INTO ciudad (city_name,id_state) VALUES ('centenario','23');
INSERT INTO ciudad (city_name,id_state) VALUES ('boa vista do burica','6');
INSERT INTO ciudad (city_name,id_state) VALUES ('itanhanga','17');
INSERT INTO ciudad (city_name,id_state) VALUES ('meridiano','1');
INSERT INTO ciudad (city_name,id_state) VALUES ('pedra branca','22');
INSERT INTO ciudad (city_name,id_state) VALUES ('minas do leao','6');
INSERT INTO ciudad (city_name,id_state) VALUES ('livramento','22');
INSERT INTO ciudad (city_name,id_state) VALUES ('palmital de minas','3');
INSERT INTO ciudad (city_name,id_state) VALUES ('lagoa do carro','16');
INSERT INTO ciudad (city_name,id_state) VALUES ('manoel urbano','25');
INSERT INTO ciudad (city_name,id_state) VALUES ('paulista','22');
INSERT INTO ciudad (city_name,id_state) VALUES ('jardim abc de goias','8');
INSERT INTO ciudad (city_name,id_state) VALUES ('santa rosa do sul','2');
INSERT INTO ciudad (city_name,id_state) VALUES ('capivari do sul','6');
INSERT INTO ciudad (city_name,id_state) VALUES ('tunapolis','2');
INSERT INTO ciudad (city_name,id_state) VALUES ('vila flor','15');
INSERT INTO ciudad (city_name,id_state) VALUES ('lagoa','22');
INSERT INTO ciudad (city_name,id_state) VALUES ('ingai','3');
INSERT INTO ciudad (city_name,id_state) VALUES ('montividiu do norte','8');
INSERT INTO ciudad (city_name,id_state) VALUES ('medicilandia','7');
INSERT INTO ciudad (city_name,id_state) VALUES ('dourado','13');
INSERT INTO ciudad (city_name,id_state) VALUES ('santa cruz de goias','8');
INSERT INTO ciudad (city_name,id_state) VALUES ('gloria de dourados','12');
INSERT INTO ciudad (city_name,id_state) VALUES ('tabuleiro do norte','13');
INSERT INTO ciudad (city_name,id_state) VALUES ('carmolandia','23');
INSERT INTO ciudad (city_name,id_state) VALUES ('joao dourado','10');
INSERT INTO ciudad (city_name,id_state) VALUES ('bodoco','16');
INSERT INTO ciudad (city_name,id_state) VALUES ('santa isabel do rio preto','5');
INSERT INTO ciudad (city_name,id_state) VALUES ('missao velha','13');
INSERT INTO ciudad (city_name,id_state) VALUES ('herveiras','6');
INSERT INTO ciudad (city_name,id_state) VALUES ('ourem','7');
INSERT INTO ciudad (city_name,id_state) VALUES ('liberato salzano','6');
INSERT INTO ciudad (city_name,id_state) VALUES ('santo antonio do planalto','6');
INSERT INTO ciudad (city_name,id_state) VALUES ('santo inacio','4');
INSERT INTO ciudad (city_name,id_state) VALUES ('tangara','2');
INSERT INTO ciudad (city_name,id_state) VALUES ('jaguapita','4');
INSERT INTO ciudad (city_name,id_state) VALUES ('messias targino','15');
INSERT INTO ciudad (city_name,id_state) VALUES ('curral de cima','22');
INSERT INTO ciudad (city_name,id_state) VALUES ('trombas','8');
INSERT INTO ciudad (city_name,id_state) VALUES ('pinheiros','1');
INSERT INTO ciudad (city_name,id_state) VALUES ('pio xii','11');
INSERT INTO ciudad (city_name,id_state) VALUES ('marcos parente','24');
INSERT INTO ciudad (city_name,id_state) VALUES ('santo antonio do leste','17');
INSERT INTO ciudad (city_name,id_state) VALUES ('calmon','2');
INSERT INTO ciudad (city_name,id_state) VALUES ('laranja da terra','9');
INSERT INTO ciudad (city_name,id_state) VALUES ('montanhas','15');
INSERT INTO ciudad (city_name,id_state) VALUES ('cidelandia','11');
INSERT INTO ciudad (city_name,id_state) VALUES ('correntes','16');
INSERT INTO ciudad (city_name,id_state) VALUES ('pires ferreira','13');
INSERT INTO ciudad (city_name,id_state) VALUES ('piquerobi','1');
INSERT INTO ciudad (city_name,id_state) VALUES ('passo de camaragibe','20');
INSERT INTO ciudad (city_name,id_state) VALUES ('marques de souza','6');
INSERT INTO ciudad (city_name,id_state) VALUES ('general maynard','26');
INSERT INTO ciudad (city_name,id_state) VALUES ('cerrito','6');
INSERT INTO ciudad (city_name,id_state) VALUES ('felisburgo','3');
INSERT INTO ciudad (city_name,id_state) VALUES ('estiva','3');
INSERT INTO ciudad (city_name,id_state) VALUES ('santa amelia','4');
INSERT INTO ciudad (city_name,id_state) VALUES ('agua nova','15');
INSERT INTO ciudad (city_name,id_state) VALUES ('prata','22');
INSERT INTO ciudad (city_name,id_state) VALUES ('mendonca','3');
INSERT INTO ciudad (city_name,id_state) VALUES ('nova esperanca do piria','7');
INSERT INTO ciudad (city_name,id_state) VALUES ('adhemar de barros','4');
INSERT INTO ciudad (city_name,id_state) VALUES ('picarra','7');
INSERT INTO ciudad (city_name,id_state) VALUES ('sao nicolau','6');
INSERT INTO ciudad (city_name,id_state) VALUES ('campos verdes','8');
INSERT INTO ciudad (city_name,id_state) VALUES ('benedito leite','11');
INSERT INTO ciudad (city_name,id_state) VALUES ('sao sebastiao do paraiba','5');
INSERT INTO ciudad (city_name,id_state) VALUES ('pacotuba','9');
INSERT INTO ciudad (city_name,id_state) VALUES ('olhos dagua','3');
INSERT INTO ciudad (city_name,id_state) VALUES ('balbinos','1');
INSERT INTO ciudad (city_name,id_state) VALUES ('serra bonita','3');
INSERT INTO ciudad (city_name,id_state) VALUES ('venda branca','1');
INSERT INTO ciudad (city_name,id_state) VALUES ('sanga puita','12');
INSERT INTO ciudad (city_name,id_state) VALUES ('natividade','23');
INSERT INTO ciudad (city_name,id_state) VALUES ('queiroz','1');
INSERT INTO ciudad (city_name,id_state) VALUES ('siriji','16');
INSERT INTO ciudad (city_name,id_state) VALUES ('natividade da serra','1');
INSERT INTO ciudad (city_name,id_state) VALUES ('monte bonito','6');
INSERT INTO ciudad (city_name,id_state) VALUES ('sao rafael','15');
INSERT INTO ciudad (city_name,id_state) VALUES ('eugenio de castro','6');

select * from ciudad

INSERT INTO ciudad (id_city,city_name,id_state) VALUES ('15','guarulhos','1');
INSERT INTO ciudad (id_city,city_name,id_state) VALUES ('127','votorantim','1');
INSERT INTO ciudad (id_city,city_name,id_state) VALUES ('9','belo horizonte','3');
INSERT INTO ciudad (id_city,city_name,id_state) VALUES ('74','foz do iguacu','4');
INSERT INTO ciudad (id_city,city_name,id_state) VALUES ('3','sao paulo','1');
INSERT INTO ciudad (id_city,city_name,id_state) VALUES ('121','taboao da serra','1');
INSERT INTO ciudad (id_city,city_name,id_state) VALUES ('454','betim','3');
INSERT INTO ciudad (id_city,city_name,id_state) VALUES ('17','florianopolis','2');
INSERT INTO ciudad (id_city,city_name,id_state) VALUES ('31','ribeirao preto','1');
INSERT INTO ciudad (id_city,city_name,id_state) VALUES ('669','praia grande','1');
INSERT INTO ciudad (id_city,city_name,id_state) VALUES ('50','sao goncalo','5');
INSERT INTO ciudad (id_city,city_name,id_state) VALUES ('227','concordia','2');
INSERT INTO ciudad (id_city,city_name,id_state) VALUES ('11','rio de janeiro','5');
INSERT INTO ciudad (id_city,city_name,id_state) VALUES ('577','ibitinga','1');
INSERT INTO ciudad (id_city,city_name,id_state) VALUES ('609','penapolis','1');
INSERT INTO ciudad (id_city,city_name,id_state) VALUES ('448','guariba','1');
INSERT INTO ciudad (id_city,city_name,id_state) VALUES ('41','brasilia','14');
INSERT INTO ciudad (id_city,city_name,id_state) VALUES ('29','sao jose','2');
INSERT INTO ciudad (id_city,city_name,id_state) VALUES ('290','indaiatuba','1');
INSERT INTO ciudad (id_city,city_name,id_state) VALUES ('22','sao jose dos campos','1');
INSERT INTO ciudad (id_city,city_name,id_state) VALUES ('351','jacarei','1');
INSERT INTO ciudad (id_city,city_name,id_state) VALUES ('161','aracatuba','1');
INSERT INTO ciudad (id_city,city_name,id_state) VALUES ('4179','monteiro lobato','1');
INSERT INTO ciudad (id_city,city_name,id_state) VALUES ('8','curitiba','4');
INSERT INTO ciudad (id_city,city_name,id_state) VALUES ('44','salto','1');
INSERT INTO ciudad (id_city,city_name,id_state) VALUES ('164','araraquara','1');
INSERT INTO ciudad (id_city,city_name,id_state) VALUES ('65','carapicuiba','1');
INSERT INTO ciudad (id_city,city_name,id_state) VALUES ('69','sao jose do rio preto','1');
INSERT INTO ciudad (id_city,city_name,id_state) VALUES ('1320','paty do alferes','5');
INSERT INTO ciudad (id_city,city_name,id_state) VALUES ('128','itatiaia','5');
INSERT INTO ciudad (id_city,city_name,id_state) VALUES ('19','santo andre','1');
INSERT INTO ciudad (id_city,city_name,id_state) VALUES ('199','rolandia','4');
INSERT INTO ciudad (id_city,city_name,id_state) VALUES ('644','jequie','10');
INSERT INTO ciudad (id_city,city_name,id_state) VALUES ('817','pontal','1');
INSERT INTO ciudad (id_city,city_name,id_state) VALUES ('134','salvador','10');
INSERT INTO ciudad (id_city,city_name,id_state) VALUES ('2565','corrente','24');
INSERT INTO ciudad (id_city,city_name,id_state) VALUES ('297','januaria','3');
INSERT INTO ciudad (id_city,city_name,id_state) VALUES ('167','barra mansa','5');
INSERT INTO ciudad (id_city,city_name,id_state) VALUES ('572','esteio','6');
INSERT INTO ciudad (id_city,city_name,id_state) VALUES ('10','montes claros','3');
INSERT INTO ciudad (id_city,city_name,id_state) VALUES ('711','itapetininga','1');
INSERT INTO ciudad (id_city,city_name,id_state) VALUES ('956','medeiros neto','10');
INSERT INTO ciudad (id_city,city_name,id_state) VALUES ('3144','santa rita de jacutinga','3');
INSERT INTO ciudad (id_city,city_name,id_state) VALUES ('229','sorocaba','1');
INSERT INTO ciudad (id_city,city_name,id_state) VALUES ('790','catanduva','1');
INSERT INTO ciudad (id_city,city_name,id_state) VALUES ('659','congonhas','3');
INSERT INTO ciudad (id_city,city_name,id_state) VALUES ('117','macae','5');
INSERT INTO ciudad (id_city,city_name,id_state) VALUES ('1421','brumadinho','3');
INSERT INTO ciudad (id_city,city_name,id_state) VALUES ('2','sao bernardo do campo','1');
INSERT INTO ciudad (id_city,city_name,id_state) VALUES ('91','guaruja','1');
INSERT INTO ciudad (id_city,city_name,id_state) VALUES ('377','cariacica','9');
INSERT INTO ciudad (id_city,city_name,id_state) VALUES ('124','diadema','1');
INSERT INTO ciudad (id_city,city_name,id_state) VALUES ('560','monte mor','1');
INSERT INTO ciudad (id_city,city_name,id_state) VALUES ('345','londrina','4');
INSERT INTO ciudad (id_city,city_name,id_state) VALUES ('294','petrolina','16');
INSERT INTO ciudad (id_city,city_name,id_state) VALUES ('503','bonfim paulista','1');

/*==============================================================*/
/* Insert: ubicacion                                            */
/*==============================================================*/


INSERT INTO ubicacion (zip_code_prefix,id_city) VALUES ('7133','15');
INSERT INTO ubicacion (zip_code_prefix,id_city) VALUES ('18110','127');
INSERT INTO ubicacion (zip_code_prefix,id_city) VALUES ('31255','9');
INSERT INTO ubicacion (zip_code_prefix,id_city) VALUES ('85851','74');
INSERT INTO ubicacion (zip_code_prefix,id_city) VALUES ('4403','3');
INSERT INTO ubicacion (zip_code_prefix,id_city) VALUES ('2016','3');
INSERT INTO ubicacion (zip_code_prefix,id_city) VALUES ('6764','121');
INSERT INTO ubicacion (zip_code_prefix,id_city) VALUES ('3702','3');
INSERT INTO ubicacion (zip_code_prefix,id_city) VALUES ('2968','3');
INSERT INTO ubicacion (zip_code_prefix,id_city) VALUES ('32604','454');
INSERT INTO ubicacion (zip_code_prefix,id_city) VALUES ('88056','17');
INSERT INTO ubicacion (zip_code_prefix,id_city) VALUES ('14092','31');
INSERT INTO ubicacion (zip_code_prefix,id_city) VALUES ('4773','3');
INSERT INTO ubicacion (zip_code_prefix,id_city) VALUES ('11701','669');
INSERT INTO ubicacion (zip_code_prefix,id_city) VALUES ('24451','50');
INSERT INTO ubicacion (zip_code_prefix,id_city) VALUES ('4461','3');
INSERT INTO ubicacion (zip_code_prefix,id_city) VALUES ('89701','227');
INSERT INTO ubicacion (zip_code_prefix,id_city) VALUES ('7097','15');
INSERT INTO ubicacion (zip_code_prefix,id_city) VALUES ('21840','11');
INSERT INTO ubicacion (zip_code_prefix,id_city) VALUES ('14050','31');
INSERT INTO ubicacion (zip_code_prefix,id_city) VALUES ('14940','577');
INSERT INTO ubicacion (zip_code_prefix,id_city) VALUES ('16301','609');
INSERT INTO ubicacion (zip_code_prefix,id_city) VALUES ('14840','448');
INSERT INTO ubicacion (zip_code_prefix,id_city) VALUES ('8250','3');
INSERT INTO ubicacion (zip_code_prefix,id_city) VALUES ('71070','41');
INSERT INTO ubicacion (zip_code_prefix,id_city) VALUES ('88115','29');
INSERT INTO ubicacion (zip_code_prefix,id_city) VALUES ('31710','9');
INSERT INTO ubicacion (zip_code_prefix,id_city) VALUES ('13330','290');
INSERT INTO ubicacion (zip_code_prefix,id_city) VALUES ('5849','3');
INSERT INTO ubicacion (zip_code_prefix,id_city) VALUES ('12233','22');
INSERT INTO ubicacion (zip_code_prefix,id_city) VALUES ('12327','351');
INSERT INTO ubicacion (zip_code_prefix,id_city) VALUES ('3679','3');
INSERT INTO ubicacion (zip_code_prefix,id_city) VALUES ('4102','3');
INSERT INTO ubicacion (zip_code_prefix,id_city) VALUES ('16012','161');
INSERT INTO ubicacion (zip_code_prefix,id_city) VALUES ('12250','4179');
INSERT INTO ubicacion (zip_code_prefix,id_city) VALUES ('4782','3');
INSERT INTO ubicacion (zip_code_prefix,id_city) VALUES ('80610','8');
INSERT INTO ubicacion (zip_code_prefix,id_city) VALUES ('13324','44');
INSERT INTO ubicacion (zip_code_prefix,id_city) VALUES ('5186','3');
INSERT INTO ubicacion (zip_code_prefix,id_city) VALUES ('3204','3');
INSERT INTO ubicacion (zip_code_prefix,id_city) VALUES ('3694','3');
INSERT INTO ubicacion (zip_code_prefix,id_city) VALUES ('14802','164');
INSERT INTO ubicacion (zip_code_prefix,id_city) VALUES ('14020','31');
INSERT INTO ubicacion (zip_code_prefix,id_city) VALUES ('6380','65');
INSERT INTO ubicacion (zip_code_prefix,id_city) VALUES ('3448','3');
INSERT INTO ubicacion (zip_code_prefix,id_city) VALUES ('23535','11');
INSERT INTO ubicacion (zip_code_prefix,id_city) VALUES ('15053','69');
INSERT INTO ubicacion (zip_code_prefix,id_city) VALUES ('21830','11');
INSERT INTO ubicacion (zip_code_prefix,id_city) VALUES ('22450','11');
INSERT INTO ubicacion (zip_code_prefix,id_city) VALUES ('26950','1320');
INSERT INTO ubicacion (zip_code_prefix,id_city) VALUES ('27580','128');
INSERT INTO ubicacion (zip_code_prefix,id_city) VALUES ('9051','19');
INSERT INTO ubicacion (zip_code_prefix,id_city) VALUES ('86604','199');
INSERT INTO ubicacion (zip_code_prefix,id_city) VALUES ('5330','3');
INSERT INTO ubicacion (zip_code_prefix,id_city) VALUES ('45208','644');
INSERT INTO ubicacion (zip_code_prefix,id_city) VALUES ('14180','817');
INSERT INTO ubicacion (zip_code_prefix,id_city) VALUES ('31742','9');
INSERT INTO ubicacion (zip_code_prefix,id_city) VALUES ('41230','134');
INSERT INTO ubicacion (zip_code_prefix,id_city) VALUES ('64980','2565');
INSERT INTO ubicacion (zip_code_prefix,id_city) VALUES ('39480','297');
INSERT INTO ubicacion (zip_code_prefix,id_city) VALUES ('27345','167');
INSERT INTO ubicacion (zip_code_prefix,id_city) VALUES ('7175','15');
INSERT INTO ubicacion (zip_code_prefix,id_city) VALUES ('81130','8');
INSERT INTO ubicacion (zip_code_prefix,id_city) VALUES ('2435','3');
INSERT INTO ubicacion (zip_code_prefix,id_city) VALUES ('93260','572');
INSERT INTO ubicacion (zip_code_prefix,id_city) VALUES ('39401','10');
INSERT INTO ubicacion (zip_code_prefix,id_city) VALUES ('18210','711');
INSERT INTO ubicacion (zip_code_prefix,id_city) VALUES ('45960','956');
INSERT INTO ubicacion (zip_code_prefix,id_city) VALUES ('3704','3');
INSERT INTO ubicacion (zip_code_prefix,id_city) VALUES ('36135','3144');
INSERT INTO ubicacion (zip_code_prefix,id_city) VALUES ('21870','11');
INSERT INTO ubicacion (zip_code_prefix,id_city) VALUES ('18053','229');
INSERT INTO ubicacion (zip_code_prefix,id_city) VALUES ('15807','790');
INSERT INTO ubicacion (zip_code_prefix,id_city) VALUES ('36415','659');
INSERT INTO ubicacion (zip_code_prefix,id_city) VALUES ('27933','117');
INSERT INTO ubicacion (zip_code_prefix,id_city) VALUES ('30260','9');
INSERT INTO ubicacion (zip_code_prefix,id_city) VALUES ('35460','1421');
INSERT INTO ubicacion (zip_code_prefix,id_city) VALUES ('9613','2');
INSERT INTO ubicacion (zip_code_prefix,id_city) VALUES ('3044','3');
INSERT INTO ubicacion (zip_code_prefix,id_city) VALUES ('1230','3');
INSERT INTO ubicacion (zip_code_prefix,id_city) VALUES ('3807','3');
INSERT INTO ubicacion (zip_code_prefix,id_city) VALUES ('21330','11');
INSERT INTO ubicacion (zip_code_prefix,id_city) VALUES ('11420','91');
INSERT INTO ubicacion (zip_code_prefix,id_city) VALUES ('29150','377');
INSERT INTO ubicacion (zip_code_prefix,id_city) VALUES ('9931','124');
INSERT INTO ubicacion (zip_code_prefix,id_city) VALUES ('13190','560');
INSERT INTO ubicacion (zip_code_prefix,id_city) VALUES ('86056','345');
INSERT INTO ubicacion (zip_code_prefix,id_city) VALUES ('56328','294');
INSERT INTO ubicacion (zip_code_prefix,id_city) VALUES ('7055','15');
INSERT INTO ubicacion (zip_code_prefix,id_city) VALUES ('20271','11');
INSERT INTO ubicacion (zip_code_prefix,id_city) VALUES ('14110','503');
INSERT INTO ubicacion (zip_code_prefix,id_city) VALUES ('2409','3');

/*==============================================================*/
/* Insert: estado_orden                                         */
/*==============================================================*/


INSERT INTO estado_orden (STATUS_DESCRIPTION) VALUES ('delivered');
INSERT INTO estado_orden (STATUS_DESCRIPTION) VALUES ('invoiced');
INSERT INTO estado_orden (STATUS_DESCRIPTION) VALUES ('shipped');
INSERT INTO estado_orden (STATUS_DESCRIPTION) VALUES ('processing');
INSERT INTO estado_orden (STATUS_DESCRIPTION) VALUES ('unavailable');
INSERT INTO estado_orden (STATUS_DESCRIPTION) VALUES ('canceled');
INSERT INTO estado_orden (STATUS_DESCRIPTION) VALUES ('created');
INSERT INTO estado_orden (STATUS_DESCRIPTION) VALUES ('approved');

/*==============================================================*/
/* Insert: cliente                                              */
/*==============================================================*/

INSERT INTO cliente (customer_id,customer_unique_id,zip_code_prefix) VALUES ('9561fb5984d862e686beec844488550f','c896a03511f04a65568335fcf3fad642','23535');
INSERT INTO cliente (customer_id,customer_unique_id,zip_code_prefix) VALUES ('ad1e6b608a4dca0dd25bf862939cf3aa','28a1eefd99d5c12b18c9e601df9e811f','15053');
INSERT INTO cliente (customer_id,customer_unique_id,zip_code_prefix) VALUES ('ebf7e7691b7e62b2df6bbb5621bf6557','b2830cdace9a7b48c770d307caa2a222','21830');
INSERT INTO cliente (customer_id,customer_unique_id,zip_code_prefix) VALUES ('5bb8de60ca2ca8b01a5ce471802fe10b','75a8009b779f5925f34196f17b19962a','22450');
INSERT INTO cliente (customer_id,customer_unique_id,zip_code_prefix) VALUES ('db13a417a95ad304e9674468c17ade85','70f81beee33fd4ac0ebf59d61dee4b1e','26950');
INSERT INTO cliente (customer_id,customer_unique_id,zip_code_prefix) VALUES ('44e8a890084067f1ccc9689987c6d001','5f435bbe57e905e19378fa56b60e9d16','27580');
INSERT INTO cliente (customer_id,customer_unique_id,zip_code_prefix) VALUES ('fb68a5552994d81243302fe6a15291a1','18c76b8716ed445f9fed650f3bce9e73','9051');
INSERT INTO cliente (customer_id,customer_unique_id,zip_code_prefix) VALUES ('2450926e09ca55f960204a2789ed4943','a15a39c94a1934b7e64a5e10c5f9b9d6','86604');
INSERT INTO cliente (customer_id,customer_unique_id,zip_code_prefix) VALUES ('db859dc699009191be7005581c73865d','403da270f61ac988b1ab9c5daaa4612c','5330');
INSERT INTO cliente (customer_id,customer_unique_id,zip_code_prefix) VALUES ('9d53af6298240d4573ca6e52bcfa6c63','b110d5017bf181177474511359c81f46','45208');
INSERT INTO cliente (customer_id,customer_unique_id,zip_code_prefix) VALUES ('79e2cae59c2216c721c54ff9c53ad657','070742717e9b0a917f0823213f3669b2','14180');
INSERT INTO cliente (customer_id,customer_unique_id,zip_code_prefix) VALUES ('be59c56551fe3cef6d7019c7ab1fddb0','496048de8070b6f462aab213d0f54750','31742');
INSERT INTO cliente (customer_id,customer_unique_id,zip_code_prefix) VALUES ('3fecd6727aed19735e06945b7c3e49c9','f51a647a551b866c440921b7f2b5683f','41230');
INSERT INTO cliente (customer_id,customer_unique_id,zip_code_prefix) VALUES ('c17d38e818f10c91ebcd036bc835a648','3b81cc8417be691f3159596da7e08a3c','64980');
INSERT INTO cliente (customer_id,customer_unique_id,zip_code_prefix) VALUES ('ef4b4f3a32448a53c0692f135e4e9bbb','d806b2a50d10abd760f44162c49eea48','39480');
INSERT INTO cliente (customer_id,customer_unique_id,zip_code_prefix) VALUES ('e494ff798e6549f9ba9747f00f5681c2','a2b04fc2ec07fc6fbbdfbf8fd1fe5a30','27345');
INSERT INTO cliente (customer_id,customer_unique_id,zip_code_prefix) VALUES ('e545e697bb9d1b81e0a702121d4e94d5','cdbbafa842e30d5e79dcef5bdc118831','7175');
INSERT INTO cliente (customer_id,customer_unique_id,zip_code_prefix) VALUES ('a72c88547dfde272c230dc57c9f04dda','b9d44225456385fdb50e1446fb599921','81130');
INSERT INTO cliente (customer_id,customer_unique_id,zip_code_prefix) VALUES ('529d3f46584a8fa9027777a9c7d5a1fc','e1881c7d99c20ca24a49cf18f115db40','2435');
INSERT INTO cliente (customer_id,customer_unique_id,zip_code_prefix) VALUES ('30e6e854c81fa16f46a5d7f3ab025e6f','660786ed04a09347d8820938113f1df7','93260');
INSERT INTO cliente (customer_id,customer_unique_id,zip_code_prefix) VALUES ('db3234528c502acda9991fd53d7223d6','ac28756ae14e9bab4d0da284e2ed0724','39401');
INSERT INTO cliente (customer_id,customer_unique_id,zip_code_prefix) VALUES ('05929b58add0a2e46bb430439b7130a9','3cb7760625ccc233fab4e975e0a9c5c1','18210');
INSERT INTO cliente (customer_id,customer_unique_id,zip_code_prefix) VALUES ('ce3e77ff426cf554944d321064dd87f2','cca20bbdb16d521c1f94eaf7209717b6','45960');
INSERT INTO cliente (customer_id,customer_unique_id,zip_code_prefix) VALUES ('b65dda35fa1e480e28ded92bd5efe474','1bcf153b346692b403d5454e3bd3a209','3704');
INSERT INTO cliente (customer_id,customer_unique_id,zip_code_prefix) VALUES ('61a1d82e44d450a06016bb941595446d','37de7bc494e562febe3514ba1ef16d14','36135');
INSERT INTO cliente (customer_id,customer_unique_id,zip_code_prefix) VALUES ('29a48e3e901b5187dae9af8a5563c795','e0faaaa5e888cd42e05f697c6dcb398f','21870');
INSERT INTO cliente (customer_id,customer_unique_id,zip_code_prefix) VALUES ('0315a87fba4dab4865f2071777b98e87','ea86add4caaaf87ef892d12ca1033012','18053');
INSERT INTO cliente (customer_id,customer_unique_id,zip_code_prefix) VALUES ('1b4fbf469a7ab0237b99420da733202e','01e4cddc3a56ea6684510cf09f4d0411','15807');
INSERT INTO cliente (customer_id,customer_unique_id,zip_code_prefix) VALUES ('1f5856eeda57cbd78ba0dcdddd0439e4','b35fe73d885d2fb911e95249814c5785','36415');
INSERT INTO cliente (customer_id,customer_unique_id,zip_code_prefix) VALUES ('2438ba50f3a77cbfd3377900835fb526','8a83acf0dd42f798fb6f421ee13e11b4','27933');
INSERT INTO cliente (customer_id,customer_unique_id,zip_code_prefix) VALUES ('d80952ace947b1e43b7a5d279da00cd3','544b0803441f99ed0fe77314e956ab76','30260');
INSERT INTO cliente (customer_id,customer_unique_id,zip_code_prefix) VALUES ('63572a1269de35c881dc1ca268e20fa0','862c48ca034901de6c270480e9aee0c2','35460');
INSERT INTO cliente (customer_id,customer_unique_id,zip_code_prefix) VALUES ('ccafbef5836bb3f6604cd55c75d54b4b','37787985ad57f421268d1da9e9555eea','9613');
INSERT INTO cliente (customer_id,customer_unique_id,zip_code_prefix) VALUES ('cd6b3de9793104fb781a4908b6f8a0e6','9f72a61e924e76354ec3822192786c12','3044');
INSERT INTO cliente (customer_id,customer_unique_id,zip_code_prefix) VALUES ('8342323ca97ec421480430c2a893aca2','4d76ce9a79540306c7c6a2f94bbd611b','1230');
INSERT INTO cliente (customer_id,customer_unique_id,zip_code_prefix) VALUES ('ef1ed1347404166e73e8f3977ffcbca0','21effa61d72771ba8315ab56ce7fb7ac','3807');
INSERT INTO cliente (customer_id,customer_unique_id,zip_code_prefix) VALUES ('05e86ce92eb1b627c2296627078d237c','480ca1a9f688a4c482177efdeeb5c3a3','21330');
INSERT INTO cliente (customer_id,customer_unique_id,zip_code_prefix) VALUES ('91c6fb2b7b643426eb8f72f1a3e422d1','04d5d81451e0a6378b103c143688ae23','11420');
INSERT INTO cliente (customer_id,customer_unique_id,zip_code_prefix) VALUES ('87c10876090200b63f130ffb699b2e82','f63995310ef953fe62d42ed1a1a7f973','29150');
INSERT INTO cliente (customer_id,customer_unique_id,zip_code_prefix) VALUES ('12a063cae60cd7bc2f0029514b21d24c','672b26e7ff626fde67fe227d535780ba','9931');
INSERT INTO cliente (customer_id,customer_unique_id,zip_code_prefix) VALUES ('d2aa6bef2582c7482ab992fa89f965bd','08b2a675de579ef181675f82c081fca6','13190');
INSERT INTO cliente (customer_id,customer_unique_id,zip_code_prefix) VALUES ('fddbbeff104817044cfe82a0c122f473','24a97b56158eb5f55b2840923c8c90d9','86056');
INSERT INTO cliente (customer_id,customer_unique_id,zip_code_prefix) VALUES ('20a92c393edb6c08801eef97295257f7','17b0188c89ac68aa7fcc43c9d48fd3ff','56328');
INSERT INTO cliente (customer_id,customer_unique_id,zip_code_prefix) VALUES ('659ded3e9b43aaf51cf9586d03033b46','57b1099bb38ee91578d2f1c3ee154082','7055');
INSERT INTO cliente (customer_id,customer_unique_id,zip_code_prefix) VALUES ('15652e306d7c3e9098df857da0db3201','da8618694dda57a7eb9be2611e110f35','20271');
INSERT INTO cliente (customer_id,customer_unique_id,zip_code_prefix) VALUES ('b51db50e74624ee11ec905f6c8cb92c2','a2ba94a4e9d0ab6b5942c6210bd5d16e','14110');
INSERT INTO cliente (customer_id,customer_unique_id,zip_code_prefix) VALUES ('0f3c16514be9fe9bdb840983701d2ce6','a8a5dafb6ee0d2f70241b74f6123374c','2409');


/*==============================================================*/
/* Insert: vendedor                                             */
/*==============================================================*/


INSERT INTO vendedor (seller_id,zip_code_prefix) VALUES ('c826c40d7b19f62a09e2d7c5e7295ee2','7133');
INSERT INTO vendedor (seller_id,zip_code_prefix) VALUES ('cfb1a033743668a192316f3c6d1d2671','18110');
INSERT INTO vendedor (seller_id,zip_code_prefix) VALUES ('dd2bdf855a9172734fbc3744021ae9b9','31255');
INSERT INTO vendedor (seller_id,zip_code_prefix) VALUES ('54965bbe3e4f07ae045b90b0b8541f52','85851');
INSERT INTO vendedor (seller_id,zip_code_prefix) VALUES ('7ddcbb64b5bc1ef36ca8c151f6ec77df','4403');
INSERT INTO vendedor (seller_id,zip_code_prefix) VALUES ('7b07b3c7487f0ea825fc6df75abd658b','2016');
INSERT INTO vendedor (seller_id,zip_code_prefix) VALUES ('8185694b58b2ba6de20fd41ae608bbea','6764');
INSERT INTO vendedor (seller_id,zip_code_prefix) VALUES ('5c243662ce92d84573bfaff24c3e3700','3702');
INSERT INTO vendedor (seller_id,zip_code_prefix) VALUES ('4c2b230173bb36f9b240f2b8ac11786e','2968');
INSERT INTO vendedor (seller_id,zip_code_prefix) VALUES ('0df3984f9dfb3d49ac6366acbd3bbb85','32604');
INSERT INTO vendedor (seller_id,zip_code_prefix) VALUES ('83deb69e889cf80f82be1dc6d5f2d486','88056');
INSERT INTO vendedor (seller_id,zip_code_prefix) VALUES ('bd15ee794d5e640d9dd71b665b2ab15b','14092');
INSERT INTO vendedor (seller_id,zip_code_prefix) VALUES ('318f287a62ab7ac10b703ac37435a231','4773');
INSERT INTO vendedor (seller_id,zip_code_prefix) VALUES ('e9779976487b77c6d4ac45f75ec7afe9','11701');
INSERT INTO vendedor (seller_id,zip_code_prefix) VALUES ('8b2492b7ff4468839593fafeed55bad9','24451');
INSERT INTO vendedor (seller_id,zip_code_prefix) VALUES ('0be8ff43f22e456b4e0371b2245e4d01','4461');
INSERT INTO vendedor (seller_id,zip_code_prefix) VALUES ('c731d18cea9bf687ffee82a241c25b11','89701');
INSERT INTO vendedor (seller_id,zip_code_prefix) VALUES ('beadbee30901a7f61d031b6b686095ad','7097');
INSERT INTO vendedor (seller_id,zip_code_prefix) VALUES ('634964b17796e64304cadf1ad3050fb7','21840');
INSERT INTO vendedor (seller_id,zip_code_prefix) VALUES ('cd68562d3f44870c08922d380acae552','14050');
INSERT INTO vendedor (seller_id,zip_code_prefix) VALUES ('8160255418d5aaa7dbdc9f4c64ebda44','14940');
INSERT INTO vendedor (seller_id,zip_code_prefix) VALUES ('7142540dd4c91e2237acb7e911c4eba2','16301');
INSERT INTO vendedor (seller_id,zip_code_prefix) VALUES ('4869f7a5dfa277a7dca6462dcf3b52b2','14840');
INSERT INTO vendedor (seller_id,zip_code_prefix) VALUES ('2138ccb85b11a4ec1e37afbd1c8eda1f','8250');
INSERT INTO vendedor (seller_id,zip_code_prefix) VALUES ('44073f8b7e41514de3b7815dd0237f4f','71070');
INSERT INTO vendedor (seller_id,zip_code_prefix) VALUES ('aafe36600ce604f205b86b5084d3d767','88115');
INSERT INTO vendedor (seller_id,zip_code_prefix) VALUES ('0509040ea3fe50071181bbc359eb7738','31710');
INSERT INTO vendedor (seller_id,zip_code_prefix) VALUES ('9baf5cb77970f539089d09a38bcec5c3','13330');
INSERT INTO vendedor (seller_id,zip_code_prefix) VALUES ('6560211a19b47992c3666cc44a7e94c0','5849');
INSERT INTO vendedor (seller_id,zip_code_prefix) VALUES ('897060da8b9a21f655304d50fd935913','14092');
INSERT INTO vendedor (seller_id,zip_code_prefix) VALUES ('8e6d7754bc7e0f22c96d255ebda59eba','12233');
INSERT INTO vendedor (seller_id,zip_code_prefix) VALUES ('70a12e78e608ac31179aea7f8422044b','12327');
INSERT INTO vendedor (seller_id,zip_code_prefix) VALUES ('5a413ade68e8f8d93071a7f52a64cb9e','3679');
INSERT INTO vendedor (seller_id,zip_code_prefix) VALUES ('9f505651f4a6abe901a56cdc21508025','4102');
INSERT INTO vendedor (seller_id,zip_code_prefix) VALUES ('efcd8d2104f1a05d028af7bad20d974b','16012');
INSERT INTO vendedor (seller_id,zip_code_prefix) VALUES ('5a93f3ab0ef4c84ed5e1b5dbf23978bc','12250');
INSERT INTO vendedor (seller_id,zip_code_prefix) VALUES ('955fee9216a65b617aa5c0531780ce60','4782');
INSERT INTO vendedor (seller_id,zip_code_prefix) VALUES ('c3cfdc648177fdbbbb35635a37472c53','80610');
INSERT INTO vendedor (seller_id,zip_code_prefix) VALUES ('f8db351d8c4c4c22c6835c19a46f01b0','13324');
INSERT INTO vendedor (seller_id,zip_code_prefix) VALUES ('ce20a2ec1514c25e16f2b5b39bc818f0','5186');
INSERT INTO vendedor (seller_id,zip_code_prefix) VALUES ('1025f0e2d44d7041d6cf58b6550e0bfa','3204');
INSERT INTO vendedor (seller_id,zip_code_prefix) VALUES ('5670f4db5b62c43d542e1b2d56b0cf7c','3694');
INSERT INTO vendedor (seller_id,zip_code_prefix) VALUES ('974cf2cb8f4b7add98709c30df02fe10','14802');
INSERT INTO vendedor (seller_id,zip_code_prefix) VALUES ('5f5a58930c3c35f3b5af264f34fb8c85','14020');
INSERT INTO vendedor (seller_id,zip_code_prefix) VALUES ('270d3ef21830ad0ecf3a6c53d08a533a','6380');
INSERT INTO vendedor (seller_id,zip_code_prefix) VALUES ('8b321bb669392f5163d04c59e235e066','3448');


/*==============================================================*/
/* Insert: producto                                             */
/*==============================================================*/

INSERT INTO producto (product_id,CATEGORY_ID,seller_id,product_name_lenght,product_description_lenght,product_photos_qty,product_weight_g,PRODUCT_LENGHT_CM,PRODUCT_HEIGHT_CM,product_width_cm) VALUES ('ad88641611c35ebd59ecda07a9f17099','07','c826c40d7b19f62a09e2d7c5e7295ee2','0','0','0','450','16','7','11');
INSERT INTO producto (product_id,CATEGORY_ID,seller_id,product_name_lenght,product_description_lenght,product_photos_qty,product_weight_g,PRODUCT_LENGHT_CM,PRODUCT_HEIGHT_CM,product_width_cm) VALUES ('cee96128d25ffe3429e69452233838dd','11','cfb1a033743668a192316f3c6d1d2671','48','417','1','266','28','5','16');
INSERT INTO producto (product_id,CATEGORY_ID,seller_id,product_name_lenght,product_description_lenght,product_photos_qty,product_weight_g,PRODUCT_LENGHT_CM,PRODUCT_HEIGHT_CM,product_width_cm) VALUES ('0d16d327b79bf9a0ccc7a4fa02ff7a83','11','dd2bdf855a9172734fbc3744021ae9b9','50','771','1','400','20','10','20');
INSERT INTO producto (product_id,CATEGORY_ID,seller_id,product_name_lenght,product_description_lenght,product_photos_qty,product_weight_g,PRODUCT_LENGHT_CM,PRODUCT_HEIGHT_CM,product_width_cm) VALUES ('948c22764c5080442c29a9c3da89b40f','11','54965bbe3e4f07ae045b90b0b8541f52','48','729','1','3400','20','30','30');
INSERT INTO producto (product_id,CATEGORY_ID,seller_id,product_name_lenght,product_description_lenght,product_photos_qty,product_weight_g,PRODUCT_LENGHT_CM,PRODUCT_HEIGHT_CM,product_width_cm) VALUES ('4413a608a42bd21bbf9d5abbd58c249a','07','7ddcbb64b5bc1ef36ca8c151f6ec77df','57','1620','1','2350','16','40','16');
INSERT INTO producto (product_id,CATEGORY_ID,seller_id,product_name_lenght,product_description_lenght,product_photos_qty,product_weight_g,PRODUCT_LENGHT_CM,PRODUCT_HEIGHT_CM,product_width_cm) VALUES ('dc84e20150e6742b653dfdd592c4bd42','03','7b07b3c7487f0ea825fc6df75abd658b','56','279','1','175','18','9','16');
INSERT INTO producto (product_id,CATEGORY_ID,seller_id,product_name_lenght,product_description_lenght,product_photos_qty,product_weight_g,PRODUCT_LENGHT_CM,PRODUCT_HEIGHT_CM,product_width_cm) VALUES ('4666663905288ce384a71d096b22e7cd','22','8185694b58b2ba6de20fd41ae608bbea','49','1048','2','1350','11','11','52');
INSERT INTO producto (product_id,CATEGORY_ID,seller_id,product_name_lenght,product_description_lenght,product_photos_qty,product_weight_g,PRODUCT_LENGHT_CM,PRODUCT_HEIGHT_CM,product_width_cm) VALUES ('9453bde60c4ee52155c963641736cfc5','14','5c243662ce92d84573bfaff24c3e3700','44','1056','1','750','30','30','30');
INSERT INTO producto (product_id,CATEGORY_ID,seller_id,product_name_lenght,product_description_lenght,product_photos_qty,product_weight_g,PRODUCT_LENGHT_CM,PRODUCT_HEIGHT_CM,product_width_cm) VALUES ('19421075ae0b585f2dc13ff149e2119d','03','4c2b230173bb36f9b240f2b8ac11786e','32','1797','1','150','16','16','11');
INSERT INTO producto (product_id,CATEGORY_ID,seller_id,product_name_lenght,product_description_lenght,product_photos_qty,product_weight_g,PRODUCT_LENGHT_CM,PRODUCT_HEIGHT_CM,product_width_cm) VALUES ('51afee91e441387a77e232e59c3d6135','14','0df3984f9dfb3d49ac6366acbd3bbb85','43','810','1','175','19','7','12');
INSERT INTO producto (product_id,CATEGORY_ID,seller_id,product_name_lenght,product_description_lenght,product_photos_qty,product_weight_g,PRODUCT_LENGHT_CM,PRODUCT_HEIGHT_CM,product_width_cm) VALUES ('2d72cf7f8c3240028550efb165045073','06','83deb69e889cf80f82be1dc6d5f2d486','53','1016','4','300','25','4','20');
INSERT INTO producto (product_id,CATEGORY_ID,seller_id,product_name_lenght,product_description_lenght,product_photos_qty,product_weight_g,PRODUCT_LENGHT_CM,PRODUCT_HEIGHT_CM,product_width_cm) VALUES ('a76bb75d78ce6aa4a5202051b4f88a83','03','bd15ee794d5e640d9dd71b665b2ab15b','52','460','2','300','19','12','16');
INSERT INTO producto (product_id,CATEGORY_ID,seller_id,product_name_lenght,product_description_lenght,product_photos_qty,product_weight_g,PRODUCT_LENGHT_CM,PRODUCT_HEIGHT_CM,product_width_cm) VALUES ('56b83ac081e4e6ea5f87323b4e46e85c','11','318f287a62ab7ac10b703ac37435a231','47','1343','1','1100','45','8','35');
INSERT INTO producto (product_id,CATEGORY_ID,seller_id,product_name_lenght,product_description_lenght,product_photos_qty,product_weight_g,PRODUCT_LENGHT_CM,PRODUCT_HEIGHT_CM,product_width_cm) VALUES ('ad2037645597db38527fe3afbe226af2','46','e9779976487b77c6d4ac45f75ec7afe9','48','886','2','850','22','17','17');
INSERT INTO producto (product_id,CATEGORY_ID,seller_id,product_name_lenght,product_description_lenght,product_photos_qty,product_weight_g,PRODUCT_LENGHT_CM,PRODUCT_HEIGHT_CM,product_width_cm) VALUES ('c56ecdd06c754c22fc5c5245d9502e30','14','8b2492b7ff4468839593fafeed55bad9','60','1064','2','200','16','8','11');
INSERT INTO producto (product_id,CATEGORY_ID,seller_id,product_name_lenght,product_description_lenght,product_photos_qty,product_weight_g,PRODUCT_LENGHT_CM,PRODUCT_HEIGHT_CM,product_width_cm) VALUES ('55a1e3d39ace9c0b217f6c30b04d43c0','15','0be8ff43f22e456b4e0371b2245e4d01','29','895','2','550','45','15','35');
INSERT INTO producto (product_id,CATEGORY_ID,seller_id,product_name_lenght,product_description_lenght,product_photos_qty,product_weight_g,PRODUCT_LENGHT_CM,PRODUCT_HEIGHT_CM,product_width_cm) VALUES ('72348c2ae355b4d8c6680ca93a8e263a','05','c731d18cea9bf687ffee82a241c25b11','54','419','1','3200','81','7','60');
INSERT INTO producto (product_id,CATEGORY_ID,seller_id,product_name_lenght,product_description_lenght,product_photos_qty,product_weight_g,PRODUCT_LENGHT_CM,PRODUCT_HEIGHT_CM,product_width_cm) VALUES ('e2bab04d6a471ed7a3629fbe2a64b55a','01','beadbee30901a7f61d031b6b686095ad','51','950','1','300','16','19','14');
INSERT INTO producto (product_id,CATEGORY_ID,seller_id,product_name_lenght,product_description_lenght,product_photos_qty,product_weight_g,PRODUCT_LENGHT_CM,PRODUCT_HEIGHT_CM,product_width_cm) VALUES ('bfc0d01be79d9038c7720f983bf954e0','26','634964b17796e64304cadf1ad3050fb7','59','2852','2','950','40','20','12');
INSERT INTO producto (product_id,CATEGORY_ID,seller_id,product_name_lenght,product_description_lenght,product_photos_qty,product_weight_g,PRODUCT_LENGHT_CM,PRODUCT_HEIGHT_CM,product_width_cm) VALUES ('4583e308182e4e78d5b71b5af1804def','04','cd68562d3f44870c08922d380acae552','41','565','1','450','16','12','13');
INSERT INTO producto (product_id,CATEGORY_ID,seller_id,product_name_lenght,product_description_lenght,product_photos_qty,product_weight_g,PRODUCT_LENGHT_CM,PRODUCT_HEIGHT_CM,product_width_cm) VALUES ('7ac5f520abfc0589418bc7c76cea7a7c','11','8160255418d5aaa7dbdc9f4c64ebda44','59','349','2','1550','30','10','30');
INSERT INTO producto (product_id,CATEGORY_ID,seller_id,product_name_lenght,product_description_lenght,product_photos_qty,product_weight_g,PRODUCT_LENGHT_CM,PRODUCT_HEIGHT_CM,product_width_cm) VALUES ('99a0e0cc451b1508edc91dd621c2f66a','18','7142540dd4c91e2237acb7e911c4eba2','60','651','5','4400','78','4','47');
INSERT INTO producto (product_id,CATEGORY_ID,seller_id,product_name_lenght,product_description_lenght,product_photos_qty,product_weight_g,PRODUCT_LENGHT_CM,PRODUCT_HEIGHT_CM,product_width_cm) VALUES ('53b36df67ebb7c41585e8d54d6772e08','26','4869f7a5dfa277a7dca6462dcf3b52b2','33','523','3','584','16','11','13');
INSERT INTO producto (product_id,CATEGORY_ID,seller_id,product_name_lenght,product_description_lenght,product_photos_qty,product_weight_g,PRODUCT_LENGHT_CM,PRODUCT_HEIGHT_CM,product_width_cm) VALUES ('e5da60b217874889dd4becf29412d793','21','2138ccb85b11a4ec1e37afbd1c8eda1f','53','428','1','100','19','3','11');
INSERT INTO producto (product_id,CATEGORY_ID,seller_id,product_name_lenght,product_description_lenght,product_photos_qty,product_weight_g,PRODUCT_LENGHT_CM,PRODUCT_HEIGHT_CM,product_width_cm) VALUES ('fcf4c9a897ae906e5a467ebf4589dffd','04','44073f8b7e41514de3b7815dd0237f4f','60','262','1','987','25','25','25');
INSERT INTO producto (product_id,CATEGORY_ID,seller_id,product_name_lenght,product_description_lenght,product_photos_qty,product_weight_g,PRODUCT_LENGHT_CM,PRODUCT_HEIGHT_CM,product_width_cm) VALUES ('84a87daa85c8b432d90bc1baa0cb4388','04','aafe36600ce604f205b86b5084d3d767','37','1266','3','700','21','10','15');
INSERT INTO producto (product_id,CATEGORY_ID,seller_id,product_name_lenght,product_description_lenght,product_photos_qty,product_weight_g,PRODUCT_LENGHT_CM,PRODUCT_HEIGHT_CM,product_width_cm) VALUES ('6a2909ac21d16b721e4795e7e8ff3e68','03','0509040ea3fe50071181bbc359eb7738','53','618','1','283','24','23','20');
INSERT INTO producto (product_id,CATEGORY_ID,seller_id,product_name_lenght,product_description_lenght,product_photos_qty,product_weight_g,PRODUCT_LENGHT_CM,PRODUCT_HEIGHT_CM,product_width_cm) VALUES ('86b7e59b8c6473f95f439aa2d445d879','05','9baf5cb77970f539089d09a38bcec5c3','54','1150','1','1700','33','12','33');
INSERT INTO producto (product_id,CATEGORY_ID,seller_id,product_name_lenght,product_description_lenght,product_photos_qty,product_weight_g,PRODUCT_LENGHT_CM,PRODUCT_HEIGHT_CM,product_width_cm) VALUES ('7f064525eaaa1ce9d22c085f7ff5413a','26','6560211a19b47992c3666cc44a7e94c0','50','578','3','250','16','2','20');
INSERT INTO producto (product_id,CATEGORY_ID,seller_id,product_name_lenght,product_description_lenght,product_photos_qty,product_weight_g,PRODUCT_LENGHT_CM,PRODUCT_HEIGHT_CM,product_width_cm) VALUES ('b14f3a0990ba90e5ffa3ee7414424b58','13','897060da8b9a21f655304d50fd935913','50','602','1','850','18','15','12');
INSERT INTO producto (product_id,CATEGORY_ID,seller_id,product_name_lenght,product_description_lenght,product_photos_qty,product_weight_g,PRODUCT_LENGHT_CM,PRODUCT_HEIGHT_CM,product_width_cm) VALUES ('f5cb4f19ca215fb34aef190918d45f46','13','8e6d7754bc7e0f22c96d255ebda59eba','47','219','1','200','23','11','15');
INSERT INTO producto (product_id,CATEGORY_ID,seller_id,product_name_lenght,product_description_lenght,product_photos_qty,product_weight_g,PRODUCT_LENGHT_CM,PRODUCT_HEIGHT_CM,product_width_cm) VALUES ('93c480c7d11c68ba0a71e850da61b674','13','70a12e78e608ac31179aea7f8422044b','42','458','4','300','16','4','20');
INSERT INTO producto (product_id,CATEGORY_ID,seller_id,product_name_lenght,product_description_lenght,product_photos_qty,product_weight_g,PRODUCT_LENGHT_CM,PRODUCT_HEIGHT_CM,product_width_cm) VALUES ('24bc2932a12c983f8e76d828b65cf39b','14','5a413ade68e8f8d93071a7f52a64cb9e','12','2411','1','380','17','11','13');
INSERT INTO producto (product_id,CATEGORY_ID,seller_id,product_name_lenght,product_description_lenght,product_photos_qty,product_weight_g,PRODUCT_LENGHT_CM,PRODUCT_HEIGHT_CM,product_width_cm) VALUES ('163da86e86f0089de089399c28c3fcbb','13','9f505651f4a6abe901a56cdc21508025','60','407','3','400','16','3','21');
INSERT INTO producto (product_id,CATEGORY_ID,seller_id,product_name_lenght,product_description_lenght,product_photos_qty,product_weight_g,PRODUCT_LENGHT_CM,PRODUCT_HEIGHT_CM,product_width_cm) VALUES ('4ee0872b98a6a08ce8c8b65e2502842d','23','efcd8d2104f1a05d028af7bad20d974b','37','558','1','100','17','3','12');
INSERT INTO producto (product_id,CATEGORY_ID,seller_id,product_name_lenght,product_description_lenght,product_photos_qty,product_weight_g,PRODUCT_LENGHT_CM,PRODUCT_HEIGHT_CM,product_width_cm) VALUES ('b71ed32edb9ce4684e10a11309011b60','53','5a93f3ab0ef4c84ed5e1b5dbf23978bc','30','690','2','500','25','9','18');
INSERT INTO producto (product_id,CATEGORY_ID,seller_id,product_name_lenght,product_description_lenght,product_photos_qty,product_weight_g,PRODUCT_LENGHT_CM,PRODUCT_HEIGHT_CM,product_width_cm) VALUES ('aca2eb7d00ea1a7b8ebd4e68314663af','08','955fee9216a65b617aa5c0531780ce60','44','903','6','2600','50','10','30');
INSERT INTO producto (product_id,CATEGORY_ID,seller_id,product_name_lenght,product_description_lenght,product_photos_qty,product_weight_g,PRODUCT_LENGHT_CM,PRODUCT_HEIGHT_CM,product_width_cm) VALUES ('ff9fa77f938462abd16b53c0d934099f','03','c3cfdc648177fdbbbb35635a37472c53','57','3469','1','300','21','19','19');
INSERT INTO producto (product_id,CATEGORY_ID,seller_id,product_name_lenght,product_description_lenght,product_photos_qty,product_weight_g,PRODUCT_LENGHT_CM,PRODUCT_HEIGHT_CM,product_width_cm) VALUES ('def59eb2e17b32b980b5341984f6b500','28','f8db351d8c4c4c22c6835c19a46f01b0','50','365','3','300','24','12','12');
INSERT INTO producto (product_id,CATEGORY_ID,seller_id,product_name_lenght,product_description_lenght,product_photos_qty,product_weight_g,PRODUCT_LENGHT_CM,PRODUCT_HEIGHT_CM,product_width_cm) VALUES ('c8b96022819f31119f1404ad2c3c1059','28','ce20a2ec1514c25e16f2b5b39bc818f0','54','1581','2','5450','30','30','30');
INSERT INTO producto (product_id,CATEGORY_ID,seller_id,product_name_lenght,product_description_lenght,product_photos_qty,product_weight_g,PRODUCT_LENGHT_CM,PRODUCT_HEIGHT_CM,product_width_cm) VALUES ('eb8c629f70275fd1c4f809116cce1efc','08','1025f0e2d44d7041d6cf58b6550e0bfa','51','831','1','1400','20','30','20');
INSERT INTO producto (product_id,CATEGORY_ID,seller_id,product_name_lenght,product_description_lenght,product_photos_qty,product_weight_g,PRODUCT_LENGHT_CM,PRODUCT_HEIGHT_CM,product_width_cm) VALUES ('ac8af924237ed4591dc8d9b8c6a935f0','01','5670f4db5b62c43d542e1b2d56b0cf7c','41','2282','4','6100','30','40','30');
INSERT INTO producto (product_id,CATEGORY_ID,seller_id,product_name_lenght,product_description_lenght,product_photos_qty,product_weight_g,PRODUCT_LENGHT_CM,PRODUCT_HEIGHT_CM,product_width_cm) VALUES ('6871a3c157d6f51697e887f3c3598479','13','974cf2cb8f4b7add98709c30df02fe10','58','1923','4','850','25','11','15');
INSERT INTO producto (product_id,CATEGORY_ID,seller_id,product_name_lenght,product_description_lenght,product_photos_qty,product_weight_g,PRODUCT_LENGHT_CM,PRODUCT_HEIGHT_CM,product_width_cm) VALUES ('ba3a7bd4aec1ff58474f768b3446045a','44','5f5a58930c3c35f3b5af264f34fb8c85','51','507','2','750','20','13','21');
INSERT INTO producto (product_id,CATEGORY_ID,seller_id,product_name_lenght,product_description_lenght,product_photos_qty,product_weight_g,PRODUCT_LENGHT_CM,PRODUCT_HEIGHT_CM,product_width_cm) VALUES ('3fdb534dccf5bc9ab0406944b913787d','67','270d3ef21830ad0ecf3a6c53d08a533a','58','634','2','600','21','12','17');
INSERT INTO producto (product_id,CATEGORY_ID,seller_id,product_name_lenght,product_description_lenght,product_photos_qty,product_weight_g,PRODUCT_LENGHT_CM,PRODUCT_HEIGHT_CM,product_width_cm) VALUES ('566a4f2c4385f36d15c00dfcaae132d1','19','8b321bb669392f5163d04c59e235e066','43','391','1','150','25','7','16');

/*==============================================================*/
/* Insert: detalle_orden                                        */
/*==============================================================*/


INSERT INTO detalle_orden (order_item_id,product_id,order_id,shipping_limit_date,price,freight_value,QUANTITY) VALUES ('1','ad88641611c35ebd59ecda07a9f17099','01be2f7ca246adb9112cb75096af2ee0','02/16/2018','157.77','14.85','1');
INSERT INTO detalle_orden (order_item_id,product_id,order_id,shipping_limit_date,price,freight_value,QUANTITY) VALUES ('1','cee96128d25ffe3429e69452233838dd','04db86e3493b3724ac4bd3c9a397e23c','09/05/2017','28.9','11.85','1');
INSERT INTO detalle_orden (order_item_id,product_id,order_id,shipping_limit_date,price,freight_value,QUANTITY) VALUES ('1','0d16d327b79bf9a0ccc7a4fa02ff7a83','05a82511dd29bef74d8003b015912fd6','10/04/2017','39.9','14.1','1');
INSERT INTO detalle_orden (order_item_id,product_id,order_id,shipping_limit_date,price,freight_value,QUANTITY) VALUES ('1','948c22764c5080442c29a9c3da89b40f','0ce9a24111d850192a933fcaab6fbad3','11/30/2017','159.9','28.5','1');
INSERT INTO detalle_orden (order_item_id,product_id,order_id,shipping_limit_date,price,freight_value,QUANTITY) VALUES ('1','4413a608a42bd21bbf9d5abbd58c249a','0dacf04c5ad59fd5a0cc1faa07c34e39','12/26/2017','166.99','21.66','1');
INSERT INTO detalle_orden (order_item_id,product_id,order_id,shipping_limit_date,price,freight_value,QUANTITY) VALUES ('1','dc84e20150e6742b653dfdd592c4bd42','18233451c81fa4cf187fae71d8e8a299','12/06/2017','99.8','15.45','1');
INSERT INTO detalle_orden (order_item_id,product_id,order_id,shipping_limit_date,price,freight_value,QUANTITY) VALUES ('1','4666663905288ce384a71d096b22e7cd','21df4877f402eea02a4c1aab13411b1f','08/08/2018','120','31.86','1');
INSERT INTO detalle_orden (order_item_id,product_id,order_id,shipping_limit_date,price,freight_value,QUANTITY) VALUES ('1','9453bde60c4ee52155c963641736cfc5','2526d08a2985e1b276a405915c2d8be9','02/10/2017','514.99','18.58','1');
INSERT INTO detalle_orden (order_item_id,product_id,order_id,shipping_limit_date,price,freight_value,QUANTITY) VALUES ('1','19421075ae0b585f2dc13ff149e2119d','2e496accb804bb4a59fcd3df574b450c','03/09/2018','45.9','7.78','1');
INSERT INTO detalle_orden (order_item_id,product_id,order_id,shipping_limit_date,price,freight_value,QUANTITY) VALUES ('1','51afee91e441387a77e232e59c3d6135','2eaf8e099d871cd5c22b83b5ea8f6e0e','03/27/2018','24.9','22.06','1');
INSERT INTO detalle_orden (order_item_id,product_id,order_id,shipping_limit_date,price,freight_value,QUANTITY) VALUES ('1','2d72cf7f8c3240028550efb165045073','3597f6476c27b4e1cc2f58588116f8f5','10/10/2017','69.9','15.24','1');
INSERT INTO detalle_orden (order_item_id,product_id,order_id,shipping_limit_date,price,freight_value,QUANTITY) VALUES ('1','a76bb75d78ce6aa4a5202051b4f88a83','37e7875cdce5a9e5b3a692971f370151','05/24/2018','34.9','22.06','1');
INSERT INTO detalle_orden (order_item_id,product_id,order_id,shipping_limit_date,price,freight_value,QUANTITY) VALUES ('1','56b83ac081e4e6ea5f87323b4e46e85c','3c314f50bc654f3c4e317b055681dff9','03/22/2017','59','31.7','1');
INSERT INTO detalle_orden (order_item_id,product_id,order_id,shipping_limit_date,price,freight_value,QUANTITY) VALUES ('1','ad2037645597db38527fe3afbe226af2','421e787a5dec780e5db14facee9bdab5','01/15/2018','55.49','16.15','1');
INSERT INTO detalle_orden (order_item_id,product_id,order_id,shipping_limit_date,price,freight_value,QUANTITY) VALUES ('1','c56ecdd06c754c22fc5c5245d9502e30','4fc44d78867142c627497b60a7e0228a','07/08/2018','51.67','13.57','1');
INSERT INTO detalle_orden (order_item_id,product_id,order_id,shipping_limit_date,price,freight_value,QUANTITY) VALUES ('1','55a1e3d39ace9c0b217f6c30b04d43c0','583174fbe37d3d5f0d6661be3aad1786','08/08/2018','89.9','9.38','1');
INSERT INTO detalle_orden (order_item_id,product_id,order_id,shipping_limit_date,price,freight_value,QUANTITY) VALUES ('1','72348c2ae355b4d8c6680ca93a8e263a','5e6bf5e993fb83ee6af7a9f8a954e807','05/31/2017','156','21.58','1');
INSERT INTO detalle_orden (order_item_id,product_id,order_id,shipping_limit_date,price,freight_value,QUANTITY) VALUES ('1','e2bab04d6a471ed7a3629fbe2a64b55a','677c865b89aa97e7dbeb4bfbb50bbcfd','08/30/2018','85','7.86','1');
INSERT INTO detalle_orden (order_item_id,product_id,order_id,shipping_limit_date,price,freight_value,QUANTITY) VALUES ('1','bfc0d01be79d9038c7720f983bf954e0','68e55ca79d04a79f20d4bfc0146f4b66','03/22/2018','137','17.67','1');
INSERT INTO detalle_orden (order_item_id,product_id,order_id,shipping_limit_date,price,freight_value,QUANTITY) VALUES ('1','4583e308182e4e78d5b71b5af1804def','70a752414a13d09cc1f2b437b914b28e','09/25/2017','153.2','16.83','1');
INSERT INTO detalle_orden (order_item_id,product_id,order_id,shipping_limit_date,price,freight_value,QUANTITY) VALUES ('1','7ac5f520abfc0589418bc7c76cea7a7c','7139cfc52657eafe990b5b23ed163482','02/08/2018','119.9','13.86','1');
INSERT INTO detalle_orden (order_item_id,product_id,order_id,shipping_limit_date,price,freight_value,QUANTITY) VALUES ('1','99a0e0cc451b1508edc91dd621c2f66a','79832b7cb59ac6f887088ffd686e1d5e','11/27/2017','59.9','19.66','1');
INSERT INTO detalle_orden (order_item_id,product_id,order_id,shipping_limit_date,price,freight_value,QUANTITY) VALUES ('1','53b36df67ebb7c41585e8d54d6772e08','7c9956750739a47dba7a6928ba2f0245','09/04/2017','159.9','12.62','1');
INSERT INTO detalle_orden (order_item_id,product_id,order_id,shipping_limit_date,price,freight_value,QUANTITY) VALUES ('1','e5da60b217874889dd4becf29412d793','84cec4f65c7a4f2f54c294a30224a594','06/21/2017','29.99','15.1','1');
INSERT INTO detalle_orden (order_item_id,product_id,order_id,shipping_limit_date,price,freight_value,QUANTITY) VALUES ('1','fcf4c9a897ae906e5a467ebf4589dffd','88096595631e8d26b658306256e3ce34','01/11/2018','278','20.19','1');
INSERT INTO detalle_orden (order_item_id,product_id,order_id,shipping_limit_date,price,freight_value,QUANTITY) VALUES ('1','84a87daa85c8b432d90bc1baa0cb4388','8ba3f3a9292fbc22a8b7dff752bbcd37','07/13/2017','59.9','16.18','1');
INSERT INTO detalle_orden (order_item_id,product_id,order_id,shipping_limit_date,price,freight_value,QUANTITY) VALUES ('1','6a2909ac21d16b721e4795e7e8ff3e68','9bcc43446a687456408f7c92cf486f48','01/16/2018','23.8','15.1','1');
INSERT INTO detalle_orden (order_item_id,product_id,order_id,shipping_limit_date,price,freight_value,QUANTITY) VALUES ('1','86b7e59b8c6473f95f439aa2d445d879','a9953b2f0b1665ac7586cc5a6ac8f58c','09/26/2017','149.99','21.54','1');
INSERT INTO detalle_orden (order_item_id,product_id,order_id,shipping_limit_date,price,freight_value,QUANTITY) VALUES ('1','7f064525eaaa1ce9d22c085f7ff5413a','aad1dcbe4c9fe2e3486e5e04c6649097','04/30/2018','49','18.23','1');
INSERT INTO detalle_orden (order_item_id,product_id,order_id,shipping_limit_date,price,freight_value,QUANTITY) VALUES ('1','b14f3a0990ba90e5ffa3ee7414424b58','ae08a26b052c48419e21581f9f01d47e','01/22/2018','40.52','15.1','1');
INSERT INTO detalle_orden (order_item_id,product_id,order_id,shipping_limit_date,price,freight_value,QUANTITY) VALUES ('1','f5cb4f19ca215fb34aef190918d45f46','ae168dfba236919411fe08f336fefa44','03/05/2018','88.89','15.37','1');
INSERT INTO detalle_orden (order_item_id,product_id,order_id,shipping_limit_date,price,freight_value,QUANTITY) VALUES ('1','93c480c7d11c68ba0a71e850da61b674','af32671d0b8ce510a94d9111d97371d3','03/22/2018','149','13.48','1');
INSERT INTO detalle_orden (order_item_id,product_id,order_id,shipping_limit_date,price,freight_value,QUANTITY) VALUES ('1','24bc2932a12c983f8e76d828b65cf39b','b89b5e15757b5d96e7d67c969324aeca','08/20/2018','55','8.55','1');
INSERT INTO detalle_orden (order_item_id,product_id,order_id,shipping_limit_date,price,freight_value,QUANTITY) VALUES ('1','163da86e86f0089de089399c28c3fcbb','be672f99f61bb90b0430f407ba4378cb','08/23/2018','99','8.85','1');
INSERT INTO detalle_orden (order_item_id,product_id,order_id,shipping_limit_date,price,freight_value,QUANTITY) VALUES ('1','4ee0872b98a6a08ce8c8b65e2502842d','cf73e2cb1f4a9480ed70c154da3d954a','01/18/2018','50','11.85','1');
INSERT INTO detalle_orden (order_item_id,product_id,order_id,shipping_limit_date,price,freight_value,QUANTITY) VALUES ('1','b71ed32edb9ce4684e10a11309011b60','d17ebef6117650c283479ff4dca49c6f','08/03/2017','10','15.1','1');
INSERT INTO detalle_orden (order_item_id,product_id,order_id,shipping_limit_date,price,freight_value,QUANTITY) VALUES ('1','aca2eb7d00ea1a7b8ebd4e68314663af','d28f2bc60aaf4da8d97ff1319fdffab4','03/22/2018','69.9','12.43','1');
INSERT INTO detalle_orden (order_item_id,product_id,order_id,shipping_limit_date,price,freight_value,QUANTITY) VALUES ('1','ff9fa77f938462abd16b53c0d934099f','d39cd8aec30c3829bad1c1b4194b4fd8','09/04/2017','119.9','19.38','1');
INSERT INTO detalle_orden (order_item_id,product_id,order_id,shipping_limit_date,price,freight_value,QUANTITY) VALUES ('1','def59eb2e17b32b980b5341984f6b500','d7bd0e4afdf94846eb73642b4e3e75c3','04/27/2017','22.9','14.61','1');
INSERT INTO detalle_orden (order_item_id,product_id,order_id,shipping_limit_date,price,freight_value,QUANTITY) VALUES ('1','c8b96022819f31119f1404ad2c3c1059','e029f708df3cc108b3264558771605c6','06/11/2018','41','17.34','1');
INSERT INTO detalle_orden (order_item_id,product_id,order_id,shipping_limit_date,price,freight_value,QUANTITY) VALUES ('1','eb8c629f70275fd1c4f809116cce1efc','e1a86e22da680449cba8e136ffa97f8a','12/07/2017','38.4','9.67','1');
INSERT INTO detalle_orden (order_item_id,product_id,order_id,shipping_limit_date,price,freight_value,QUANTITY) VALUES ('1','ac8af924237ed4591dc8d9b8c6a935f0','e2e6ee1ed2d7f2f36b05d234983bd7a0','08/01/2018','682.98','69.23','1');
INSERT INTO detalle_orden (order_item_id,product_id,order_id,shipping_limit_date,price,freight_value,QUANTITY) VALUES ('1','6871a3c157d6f51697e887f3c3598479','e51478e7e277a83743b6f9991dbfa3fb','05/24/2018','89.99','13.07','1');
INSERT INTO detalle_orden (order_item_id,product_id,order_id,shipping_limit_date,price,freight_value,QUANTITY) VALUES ('1','ba3a7bd4aec1ff58474f768b3446045a','eae81d7a6951b80a04eb152e76e3ba55','07/25/2018','139','20.16','1');
INSERT INTO detalle_orden (order_item_id,product_id,order_id,shipping_limit_date,price,freight_value,QUANTITY) VALUES ('1','3fdb534dccf5bc9ab0406944b913787d','fa612a1874826daa30fed5e3073b9d0d','03/01/2018','25','12.69','1');
INSERT INTO detalle_orden (order_item_id,product_id,order_id,shipping_limit_date,price,freight_value,QUANTITY) VALUES ('1','566a4f2c4385f36d15c00dfcaae132d1','ff1581e08b3011021e7c7de592ddc81e','03/27/2018','21.9','8.29','1');



/*==============================================================*/
/* Insert: orden                                                */
/*==============================================================*/


INSERT INTO orden (order_id,customer_id,STATUS_ID,order_purchase_timestamp,order_approved_at,order_delivered_carrier_date,order_delivered_customer_date,order_estimated_delivery_date) VALUES ('01be2f7ca246adb9112cb75096af2ee0','9561fb5984d862e686beec844488550f','1','02/12/2018','02/12/2018','02/16/2018','02/26/2018','03/06/2018');
INSERT INTO orden (order_id,customer_id,STATUS_ID,order_purchase_timestamp,order_approved_at,order_delivered_carrier_date,order_delivered_customer_date,order_estimated_delivery_date) VALUES ('04db86e3493b3724ac4bd3c9a397e23c','ad1e6b608a4dca0dd25bf862939cf3aa','1','08/28/2017','08/30/2017','08/31/2017','09/11/2017','09/14/2017');
INSERT INTO orden (order_id,customer_id,STATUS_ID,order_purchase_timestamp,order_approved_at,order_delivered_carrier_date,order_delivered_customer_date,order_estimated_delivery_date) VALUES ('05a82511dd29bef74d8003b015912fd6','ebf7e7691b7e62b2df6bbb5621bf6557','1','09/11/2017','09/11/2017','09/14/2017','09/25/2017','10/24/2017');
INSERT INTO orden (order_id,customer_id,STATUS_ID,order_purchase_timestamp,order_approved_at,order_delivered_carrier_date,order_delivered_customer_date,order_estimated_delivery_date) VALUES ('0ce9a24111d850192a933fcaab6fbad3','5bb8de60ca2ca8b01a5ce471802fe10b','1','11/24/2017','11/24/2017','12/06/2017','12/13/2017','12/19/2017');
INSERT INTO orden (order_id,customer_id,STATUS_ID,order_purchase_timestamp,order_approved_at,order_delivered_carrier_date,order_delivered_customer_date,order_estimated_delivery_date) VALUES ('0dacf04c5ad59fd5a0cc1faa07c34e39','db13a417a95ad304e9674468c17ade85','1','12/19/2017','12/19/2017','12/20/2017','02/21/2018','01/17/2018');
INSERT INTO orden (order_id,customer_id,STATUS_ID,order_purchase_timestamp,order_approved_at,order_delivered_carrier_date,order_delivered_customer_date,order_estimated_delivery_date) VALUES ('18233451c81fa4cf187fae71d8e8a299','44e8a890084067f1ccc9689987c6d001','1','11/29/2017','11/30/2017','11/30/2017','12/17/2017','12/27/2017');
INSERT INTO orden (order_id,customer_id,STATUS_ID,order_purchase_timestamp,order_approved_at,order_delivered_carrier_date,order_delivered_customer_date,order_estimated_delivery_date) VALUES ('21df4877f402eea02a4c1aab13411b1f','fb68a5552994d81243302fe6a15291a1','1','08/02/2018','08/02/2018','08/07/2018','08/08/2018','08/16/2018');
INSERT INTO orden (order_id,customer_id,STATUS_ID,order_purchase_timestamp,order_approved_at,order_delivered_carrier_date,order_delivered_customer_date,order_estimated_delivery_date) VALUES ('2526d08a2985e1b276a405915c2d8be9','2450926e09ca55f960204a2789ed4943','1','02/04/2017','02/04/2017','02/07/2017','02/14/2017','03/07/2017');
INSERT INTO orden (order_id,customer_id,STATUS_ID,order_purchase_timestamp,order_approved_at,order_delivered_carrier_date,order_delivered_customer_date,order_estimated_delivery_date) VALUES ('2e496accb804bb4a59fcd3df574b450c','db859dc699009191be7005581c73865d','1','03/05/2018','03/05/2018','03/08/2018','03/12/2018','03/15/2018');
INSERT INTO orden (order_id,customer_id,STATUS_ID,order_purchase_timestamp,order_approved_at,order_delivered_carrier_date,order_delivered_customer_date,order_estimated_delivery_date) VALUES ('2eaf8e099d871cd5c22b83b5ea8f6e0e','9d53af6298240d4573ca6e52bcfa6c63','1','03/21/2018','03/21/2018','03/22/2018','03/28/2018','04/11/2018');
INSERT INTO orden (order_id,customer_id,STATUS_ID,order_purchase_timestamp,order_approved_at,order_delivered_carrier_date,order_delivered_customer_date,order_estimated_delivery_date) VALUES ('3597f6476c27b4e1cc2f58588116f8f5','79e2cae59c2216c721c54ff9c53ad657','1','10/03/2017','10/04/2017','10/06/2017','10/23/2017','11/01/2017');
INSERT INTO orden (order_id,customer_id,STATUS_ID,order_purchase_timestamp,order_approved_at,order_delivered_carrier_date,order_delivered_customer_date,order_estimated_delivery_date) VALUES ('37e7875cdce5a9e5b3a692971f370151','3fecd6727aed19735e06945b7c3e49c9','1','05/18/2018','05/18/2018','05/21/2018','06/06/2018','06/14/2018');
INSERT INTO orden (order_id,customer_id,STATUS_ID,order_purchase_timestamp,order_approved_at,order_delivered_carrier_date,order_delivered_customer_date,order_estimated_delivery_date) VALUES ('3c314f50bc654f3c4e317b055681dff9','c17d38e818f10c91ebcd036bc835a648','1','03/16/2017','03/16/2017','03/20/2017','04/24/2017','04/19/2017');
INSERT INTO orden (order_id,customer_id,STATUS_ID,order_purchase_timestamp,order_approved_at,order_delivered_carrier_date,order_delivered_customer_date,order_estimated_delivery_date) VALUES ('421e787a5dec780e5db14facee9bdab5','ef4b4f3a32448a53c0692f135e4e9bbb','1','01/09/2018','01/10/2018','01/11/2018','01/19/2018','02/06/2018');
INSERT INTO orden (order_id,customer_id,STATUS_ID,order_purchase_timestamp,order_approved_at,order_delivered_carrier_date,order_delivered_customer_date,order_estimated_delivery_date) VALUES ('4fc44d78867142c627497b60a7e0228a','e494ff798e6549f9ba9747f00f5681c2','1','07/04/2018','07/05/2018','07/05/2018','07/09/2018','07/23/2018');
INSERT INTO orden (order_id,customer_id,STATUS_ID,order_purchase_timestamp,order_approved_at,order_delivered_carrier_date,order_delivered_customer_date,order_estimated_delivery_date) VALUES ('583174fbe37d3d5f0d6661be3aad1786','e545e697bb9d1b81e0a702121d4e94d5','6','08/04/2018','08/05/2018','08/10/2018','08/10/2018','08/13/2018');
INSERT INTO orden (order_id,customer_id,STATUS_ID,order_purchase_timestamp,order_approved_at,order_delivered_carrier_date,order_delivered_customer_date,order_estimated_delivery_date) VALUES ('5e6bf5e993fb83ee6af7a9f8a954e807','a72c88547dfde272c230dc57c9f04dda','1','05/27/2017','05/27/2017','05/29/2017','06/03/2017','06/21/2017');
INSERT INTO orden (order_id,customer_id,STATUS_ID,order_purchase_timestamp,order_approved_at,order_delivered_carrier_date,order_delivered_customer_date,order_estimated_delivery_date) VALUES ('677c865b89aa97e7dbeb4bfbb50bbcfd','529d3f46584a8fa9027777a9c7d5a1fc','1','08/14/2018','08/14/2018','08/23/2018','08/24/2018','08/31/2018');
INSERT INTO orden (order_id,customer_id,STATUS_ID,order_purchase_timestamp,order_approved_at,order_delivered_carrier_date,order_delivered_customer_date,order_estimated_delivery_date) VALUES ('68e55ca79d04a79f20d4bfc0146f4b66','30e6e854c81fa16f46a5d7f3ab025e6f','1','03/16/2018','03/16/2018','03/20/2018','04/11/2018','04/06/2018');
INSERT INTO orden (order_id,customer_id,STATUS_ID,order_purchase_timestamp,order_approved_at,order_delivered_carrier_date,order_delivered_customer_date,order_estimated_delivery_date) VALUES ('70a752414a13d09cc1f2b437b914b28e','db3234528c502acda9991fd53d7223d6','1','09/19/2017','09/19/2017','09/20/2017','09/28/2017','10/10/2017');
INSERT INTO orden (order_id,customer_id,STATUS_ID,order_purchase_timestamp,order_approved_at,order_delivered_carrier_date,order_delivered_customer_date,order_estimated_delivery_date) VALUES ('7139cfc52657eafe990b5b23ed163482','05929b58add0a2e46bb430439b7130a9','1','02/04/2018','02/04/2018','02/06/2018','02/11/2018','03/01/2018');
INSERT INTO orden (order_id,customer_id,STATUS_ID,order_purchase_timestamp,order_approved_at,order_delivered_carrier_date,order_delivered_customer_date,order_estimated_delivery_date) VALUES ('79832b7cb59ac6f887088ffd686e1d5e','ce3e77ff426cf554944d321064dd87f2','1','11/21/2017','11/21/2017','11/21/2017','12/01/2017','12/15/2017');
INSERT INTO orden (order_id,customer_id,STATUS_ID,order_purchase_timestamp,order_approved_at,order_delivered_carrier_date,order_delivered_customer_date,order_estimated_delivery_date) VALUES ('7c9956750739a47dba7a6928ba2f0245','b65dda35fa1e480e28ded92bd5efe474','1','08/28/2017','08/29/2017','08/29/2017','09/08/2017','09/14/2017');
INSERT INTO orden (order_id,customer_id,STATUS_ID,order_purchase_timestamp,order_approved_at,order_delivered_carrier_date,order_delivered_customer_date,order_estimated_delivery_date) VALUES ('84cec4f65c7a4f2f54c294a30224a594','61a1d82e44d450a06016bb941595446d','1','06/14/2017','06/15/2017','06/16/2017','06/22/2017','07/07/2017');
INSERT INTO orden (order_id,customer_id,STATUS_ID,order_purchase_timestamp,order_approved_at,order_delivered_carrier_date,order_delivered_customer_date,order_estimated_delivery_date) VALUES ('88096595631e8d26b658306256e3ce34','29a48e3e901b5187dae9af8a5563c795','1','01/05/2018','01/05/2018','01/08/2018','02/19/2018','02/06/2018');
INSERT INTO orden (order_id,customer_id,STATUS_ID,order_purchase_timestamp,order_approved_at,order_delivered_carrier_date,order_delivered_customer_date,order_estimated_delivery_date) VALUES ('8ba3f3a9292fbc22a8b7dff752bbcd37','0315a87fba4dab4865f2071777b98e87','1','07/07/2017','07/07/2017','07/08/2017','07/18/2017','07/31/2017');
INSERT INTO orden (order_id,customer_id,STATUS_ID,order_purchase_timestamp,order_approved_at,order_delivered_carrier_date,order_delivered_customer_date,order_estimated_delivery_date) VALUES ('9bcc43446a687456408f7c92cf486f48','1b4fbf469a7ab0237b99420da733202e','1','01/09/2018','01/10/2018','01/10/2018','01/24/2018','02/02/2018');
INSERT INTO orden (order_id,customer_id,STATUS_ID,order_purchase_timestamp,order_approved_at,order_delivered_carrier_date,order_delivered_customer_date,order_estimated_delivery_date) VALUES ('a9953b2f0b1665ac7586cc5a6ac8f58c','1f5856eeda57cbd78ba0dcdddd0439e4','1','09/13/2017','09/13/2017','09/19/2017','10/05/2017','10/11/2017');
INSERT INTO orden (order_id,customer_id,STATUS_ID,order_purchase_timestamp,order_approved_at,order_delivered_carrier_date,order_delivered_customer_date,order_estimated_delivery_date) VALUES ('aad1dcbe4c9fe2e3486e5e04c6649097','2438ba50f3a77cbfd3377900835fb526','1','04/24/2018','04/24/2018','04/25/2018','05/12/2018','05/21/2018');
INSERT INTO orden (order_id,customer_id,STATUS_ID,order_purchase_timestamp,order_approved_at,order_delivered_carrier_date,order_delivered_customer_date,order_estimated_delivery_date) VALUES ('ae08a26b052c48419e21581f9f01d47e','d80952ace947b1e43b7a5d279da00cd3','1','01/12/2018','01/12/2018','01/15/2018','02/20/2018','02/08/2018');
INSERT INTO orden (order_id,customer_id,STATUS_ID,order_purchase_timestamp,order_approved_at,order_delivered_carrier_date,order_delivered_customer_date,order_estimated_delivery_date) VALUES ('ae168dfba236919411fe08f336fefa44','63572a1269de35c881dc1ca268e20fa0','1','02/27/2018','02/27/2018','03/07/2018','03/16/2018','03/22/2018');
INSERT INTO orden (order_id,customer_id,STATUS_ID,order_purchase_timestamp,order_approved_at,order_delivered_carrier_date,order_delivered_customer_date,order_estimated_delivery_date) VALUES ('af32671d0b8ce510a94d9111d97371d3','ccafbef5836bb3f6604cd55c75d54b4b','1','03/13/2018','03/15/2018','03/16/2018','03/21/2018','04/02/2018');
INSERT INTO orden (order_id,customer_id,STATUS_ID,order_purchase_timestamp,order_approved_at,order_delivered_carrier_date,order_delivered_customer_date,order_estimated_delivery_date) VALUES ('b89b5e15757b5d96e7d67c969324aeca','cd6b3de9793104fb781a4908b6f8a0e6','1','08/14/2018','08/14/2018','08/14/2018','08/15/2018','08/21/2018');
INSERT INTO orden (order_id,customer_id,STATUS_ID,order_purchase_timestamp,order_approved_at,order_delivered_carrier_date,order_delivered_customer_date,order_estimated_delivery_date) VALUES ('be672f99f61bb90b0430f407ba4378cb','8342323ca97ec421480430c2a893aca2','1','08/21/2018','08/21/2018','08/21/2018','08/22/2018','08/24/2018');
INSERT INTO orden (order_id,customer_id,STATUS_ID,order_purchase_timestamp,order_approved_at,order_delivered_carrier_date,order_delivered_customer_date,order_estimated_delivery_date) VALUES ('cf73e2cb1f4a9480ed70c154da3d954a','ef1ed1347404166e73e8f3977ffcbca0','1','01/11/2018','01/12/2018','01/13/2018','01/17/2018','02/01/2018');
INSERT INTO orden (order_id,customer_id,STATUS_ID,order_purchase_timestamp,order_approved_at,order_delivered_carrier_date,order_delivered_customer_date,order_estimated_delivery_date) VALUES ('d17ebef6117650c283479ff4dca49c6f','05e86ce92eb1b627c2296627078d237c','1','07/20/2017','07/20/2017','07/24/2017','07/31/2017','08/21/2017');
INSERT INTO orden (order_id,customer_id,STATUS_ID,order_purchase_timestamp,order_approved_at,order_delivered_carrier_date,order_delivered_customer_date,order_estimated_delivery_date) VALUES ('d28f2bc60aaf4da8d97ff1319fdffab4','91c6fb2b7b643426eb8f72f1a3e422d1','1','03/15/2018','03/15/2018','03/16/2018','03/20/2018','03/28/2018');
INSERT INTO orden (order_id,customer_id,STATUS_ID,order_purchase_timestamp,order_approved_at,order_delivered_carrier_date,order_delivered_customer_date,order_estimated_delivery_date) VALUES ('d39cd8aec30c3829bad1c1b4194b4fd8','87c10876090200b63f130ffb699b2e82','1','08/25/2017','08/25/2017','08/28/2017','09/05/2017','09/21/2017');
INSERT INTO orden (order_id,customer_id,STATUS_ID,order_purchase_timestamp,order_approved_at,order_delivered_carrier_date,order_delivered_customer_date,order_estimated_delivery_date) VALUES ('d7bd0e4afdf94846eb73642b4e3e75c3','12a063cae60cd7bc2f0029514b21d24c','1','04/23/2017','04/23/2017','04/24/2017','04/29/2017','05/11/2017');
INSERT INTO orden (order_id,customer_id,STATUS_ID,order_purchase_timestamp,order_approved_at,order_delivered_carrier_date,order_delivered_customer_date,order_estimated_delivery_date) VALUES ('e029f708df3cc108b3264558771605c6','d2aa6bef2582c7482ab992fa89f965bd','1','06/01/2018','06/01/2018','06/05/2018','06/12/2018','06/29/2018');
INSERT INTO orden (order_id,customer_id,STATUS_ID,order_purchase_timestamp,order_approved_at,order_delivered_carrier_date,order_delivered_customer_date,order_estimated_delivery_date) VALUES ('e1a86e22da680449cba8e136ffa97f8a','fddbbeff104817044cfe82a0c122f473','1','11/30/2017','12/01/2017','12/05/2017','12/11/2017','12/28/2017');
INSERT INTO orden (order_id,customer_id,STATUS_ID,order_purchase_timestamp,order_approved_at,order_delivered_carrier_date,order_delivered_customer_date,order_estimated_delivery_date) VALUES ('e2e6ee1ed2d7f2f36b05d234983bd7a0','20a92c393edb6c08801eef97295257f7','1','07/28/2018','07/30/2018','08/01/2018','08/09/2018','08/17/2018');
INSERT INTO orden (order_id,customer_id,STATUS_ID,order_purchase_timestamp,order_approved_at,order_delivered_carrier_date,order_delivered_customer_date,order_estimated_delivery_date) VALUES ('e51478e7e277a83743b6f9991dbfa3fb','659ded3e9b43aaf51cf9586d03033b46','1','05/18/2018','05/18/2018','05/19/2018','05/22/2018','06/07/2018');
INSERT INTO orden (order_id,customer_id,STATUS_ID,order_purchase_timestamp,order_approved_at,order_delivered_carrier_date,order_delivered_customer_date,order_estimated_delivery_date) VALUES ('eae81d7a6951b80a04eb152e76e3ba55','15652e306d7c3e9098df857da0db3201','1','07/19/2018','07/19/2018','07/23/2018','07/26/2018','08/17/2018');
INSERT INTO orden (order_id,customer_id,STATUS_ID,order_purchase_timestamp,order_approved_at,order_delivered_carrier_date,order_delivered_customer_date,order_estimated_delivery_date) VALUES ('fa612a1874826daa30fed5e3073b9d0d','b51db50e74624ee11ec905f6c8cb92c2','1','02/23/2018','02/23/2018','02/27/2018','03/01/2018','03/15/2018');
INSERT INTO orden (order_id,customer_id,STATUS_ID,order_purchase_timestamp,order_approved_at,order_delivered_carrier_date,order_delivered_customer_date,order_estimated_delivery_date) VALUES ('ff1581e08b3011021e7c7de592ddc81e','0f3c16514be9fe9bdb840983701d2ce6','1','03/21/2018','03/21/2018','03/22/2018','03/24/2018','04/03/2018');

/*==============================================================*/
/* Insert: resena                                               */
/*==============================================================*/


INSERT INTO resena (review_id,order_id,product_id,order_item_id,review_score,review_comment_title,review_comment_message,review_creation_date,review_answer_timestamp) VALUES ('23f75a37effc35d9a915b4e1ad483793','2eaf8e099d871cd5c22b83b5ea8f6e0e','51afee91e441387a77e232e59c3d6135','1','4','','','03/28/2018','03/30/2018');
INSERT INTO resena (review_id,order_id,product_id,order_item_id,review_score,review_comment_title,review_comment_message,review_creation_date,review_answer_timestamp) VALUES ('9a0abbb668bafb95a6d2b05db43284c4','d7bd0e4afdf94846eb73642b4e3e75c3','def59eb2e17b32b980b5341984f6b500','1','3','','','04/30/2017','05/03/2017');
INSERT INTO resena (review_id,order_id,product_id,order_item_id,review_score,review_comment_title,review_comment_message,review_creation_date,review_answer_timestamp) VALUES ('3948b09f7c818e2d86c9a546758b2335','e51478e7e277a83743b6f9991dbfa3fb','6871a3c157d6f51697e887f3c3598479','1','5','Super recomendo','Vendedor confivel, produto ok e entrega antes do prazo.','05/23/2018','05/24/2018');
INSERT INTO resena (review_id,order_id,product_id,order_item_id,review_score,review_comment_title,review_comment_message,review_creation_date,review_answer_timestamp) VALUES ('9314d6f9799f5bfba510cc7bcd468c01','0dacf04c5ad59fd5a0cc1faa07c34e39','4413a608a42bd21bbf9d5abbd58c249a','1','2','','GOSTARIA DE SABER O QUE HOUVE, SEMPRE RECEBI E ESSA COMPRA AGORA ME DECPCIONOU','01/18/2018','01/20/2018');
INSERT INTO resena (review_id,order_id,product_id,order_item_id,review_score,review_comment_title,review_comment_message,review_creation_date,review_answer_timestamp) VALUES ('8e15a274d95600fa14f8be64e37a0e67','ff1581e08b3011021e7c7de592ddc81e','566a4f2c4385f36d15c00dfcaae132d1','1','5','','','03/24/2018','03/26/2018');
INSERT INTO resena (review_id,order_id,product_id,order_item_id,review_score,review_comment_title,review_comment_message,review_creation_date,review_answer_timestamp) VALUES ('fdbdb2629a7cde0f66657acc92084e7f','70a752414a13d09cc1f2b437b914b28e','4583e308182e4e78d5b71b5af1804def','1','3','','','09/29/2017','10/02/2017');
INSERT INTO resena (review_id,order_id,product_id,order_item_id,review_score,review_comment_title,review_comment_message,review_creation_date,review_answer_timestamp) VALUES ('373cbeecea8286a2b66c97b1b157ec46','583174fbe37d3d5f0d6661be3aad1786','55a1e3d39ace9c0b217f6c30b04d43c0','1','1','No chegou meu produto ','Pssimo','08/15/2018','08/15/2018');
INSERT INTO resena (review_id,order_id,product_id,order_item_id,review_score,review_comment_title,review_comment_message,review_creation_date,review_answer_timestamp) VALUES ('a2ff510ca4e059c3fefc7a7866571f6f','a9953b2f0b1665ac7586cc5a6ac8f58c','86b7e59b8c6473f95f439aa2d445d879','1','4','','','10/06/2017','10/08/2017');
INSERT INTO resena (review_id,order_id,product_id,order_item_id,review_score,review_comment_title,review_comment_message,review_creation_date,review_answer_timestamp) VALUES ('80c70bc263881ba6525f6cee1d94ac87','ae168dfba236919411fe08f336fefa44','f5cb4f19ca215fb34aef190918d45f46','1','5','','','03/17/2018','04/04/2018');
INSERT INTO resena (review_id,order_id,product_id,order_item_id,review_score,review_comment_title,review_comment_message,review_creation_date,review_answer_timestamp) VALUES ('d21bbc789670eab777d27372ab9094cc','4fc44d78867142c627497b60a7e0228a','c56ecdd06c754c22fc5c5245d9502e30','1','5','timo','Loja nota 10','07/10/2018','07/11/2018');
INSERT INTO resena (review_id,order_id,product_id,order_item_id,review_score,review_comment_title,review_comment_message,review_creation_date,review_answer_timestamp) VALUES ('7bcb3c758c67f23638262c731493e848','7c9956750739a47dba7a6928ba2f0245','53b36df67ebb7c41585e8d54d6772e08','1','5','','','09/09/2017','10/17/2017');
INSERT INTO resena (review_id,order_id,product_id,order_item_id,review_score,review_comment_title,review_comment_message,review_creation_date,review_answer_timestamp) VALUES ('0e0190b9db53b689b285d3f3916f8441','79832b7cb59ac6f887088ffd686e1d5e','99a0e0cc451b1508edc91dd621c2f66a','1','5','','obrigado pela atenao amim dispensada','12/01/2017','12/09/2017');
INSERT INTO resena (review_id,order_id,product_id,order_item_id,review_score,review_comment_title,review_comment_message,review_creation_date,review_answer_timestamp) VALUES ('66e4430c5bc6b7e3773886bf1c14d912','84cec4f65c7a4f2f54c294a30224a594','e5da60b217874889dd4becf29412d793','1','5','','','06/23/2017','06/27/2017');
INSERT INTO resena (review_id,order_id,product_id,order_item_id,review_score,review_comment_title,review_comment_message,review_creation_date,review_answer_timestamp) VALUES ('2c5e27fc178bde7ac173c9c62c31b070','0ce9a24111d850192a933fcaab6fbad3','948c22764c5080442c29a9c3da89b40f','1','1','','No gostei ! Comprei gato por lebre','12/13/2017','12/16/2017');
INSERT INTO resena (review_id,order_id,product_id,order_item_id,review_score,review_comment_title,review_comment_message,review_creation_date,review_answer_timestamp) VALUES ('540e7bbb2d06cfb7f85f3a88ba7ac97f','cf73e2cb1f4a9480ed70c154da3d954a','4ee0872b98a6a08ce8c8b65e2502842d','1','5','','','01/18/2018','01/18/2018');
INSERT INTO resena (review_id,order_id,product_id,order_item_id,review_score,review_comment_title,review_comment_message,review_creation_date,review_answer_timestamp) VALUES ('6a18a4001ae7fd911b3b9fb13686d105','8ba3f3a9292fbc22a8b7dff752bbcd37','84a87daa85c8b432d90bc1baa0cb4388','1','5','','','07/19/2017','07/20/2017');
INSERT INTO resena (review_id,order_id,product_id,order_item_id,review_score,review_comment_title,review_comment_message,review_creation_date,review_answer_timestamp) VALUES ('58044bca115705a48fe0e00a21390c54','68e55ca79d04a79f20d4bfc0146f4b66','bfc0d01be79d9038c7720f983bf954e0','1','1','','Sempre compro pela Internet e a entrega ocorre antes do prazo combinado, que acredito ser o prazo mximo. No stark o prazo mximo j se esgotou e ainda no recebi o produto.','04/08/2018','04/09/2018');
INSERT INTO resena (review_id,order_id,product_id,order_item_id,review_score,review_comment_title,review_comment_message,review_creation_date,review_answer_timestamp) VALUES ('19a52a2297e5289ab4187d238d335982','677c865b89aa97e7dbeb4bfbb50bbcfd','e2bab04d6a471ed7a3629fbe2a64b55a','1','5','','','08/25/2018','08/26/2018');
INSERT INTO resena (review_id,order_id,product_id,order_item_id,review_score,review_comment_title,review_comment_message,review_creation_date,review_answer_timestamp) VALUES ('c92cdd7dd544a01aa35137f901669cdf','37e7875cdce5a9e5b3a692971f370151','a76bb75d78ce6aa4a5202051b4f88a83','1','4','Muito bom.','Recebi exatamente o que esperava. As demais encomendas de outros vendedores atrasaram, mas esta chegou no prazo.','06/07/2018','06/09/2018');
INSERT INTO resena (review_id,order_id,product_id,order_item_id,review_score,review_comment_title,review_comment_message,review_creation_date,review_answer_timestamp) VALUES ('c0f4c8301f8c29d6f53d239e194bb4c2','04db86e3493b3724ac4bd3c9a397e23c','cee96128d25ffe3429e69452233838dd','1','5','','','09/12/2017','09/13/2017');
INSERT INTO resena (review_id,order_id,product_id,order_item_id,review_score,review_comment_title,review_comment_message,review_creation_date,review_answer_timestamp) VALUES ('08c9d79ec0eba1d252e3f52f14b8e6a9','e029f708df3cc108b3264558771605c6','c8b96022819f31119f1404ad2c3c1059','1','5','Bom','Recomendo ,','06/13/2018','06/13/2018');
INSERT INTO resena (review_id,order_id,product_id,order_item_id,review_score,review_comment_title,review_comment_message,review_creation_date,review_answer_timestamp) VALUES ('2170c9452c2216457b36003fe2969fbb','af32671d0b8ce510a94d9111d97371d3','93c480c7d11c68ba0a71e850da61b674','1','5','','muito boa ','03/22/2018','03/30/2018');
INSERT INTO resena (review_id,order_id,product_id,order_item_id,review_score,review_comment_title,review_comment_message,review_creation_date,review_answer_timestamp) VALUES ('b193ff3c9f32a01f3a0d9ae26b94d244','e2e6ee1ed2d7f2f36b05d234983bd7a0','ac8af924237ed4591dc8d9b8c6a935f0','1','5','Maravilhoso!','T completamente apaixonada, loja super responsvel e confivel!','08/10/2018','08/11/2018');
INSERT INTO resena (review_id,order_id,product_id,order_item_id,review_score,review_comment_title,review_comment_message,review_creation_date,review_answer_timestamp) VALUES ('9fd59cd04b42f600df9f25e54082a8d1','3c314f50bc654f3c4e317b055681dff9','56b83ac081e4e6ea5f87323b4e46e85c','1','1','','Nada de chegar o meu pedido.','04/21/2017','04/23/2017');
INSERT INTO resena (review_id,order_id,product_id,order_item_id,review_score,review_comment_title,review_comment_message,review_creation_date,review_answer_timestamp) VALUES ('ab3056e4fb5a36df4b58c1746e4a6b8f','aad1dcbe4c9fe2e3486e5e04c6649097','7f064525eaaa1ce9d22c085f7ff5413a','1','2','','','05/13/2018','05/14/2018');
INSERT INTO resena (review_id,order_id,product_id,order_item_id,review_score,review_comment_title,review_comment_message,review_creation_date,review_answer_timestamp) VALUES ('eb26c2bfb5030f57dcef30d3f111eb1e','88096595631e8d26b658306256e3ce34','fcf4c9a897ae906e5a467ebf4589dffd','1','1','','','02/08/2018','02/10/2018');
INSERT INTO resena (review_id,order_id,product_id,order_item_id,review_score,review_comment_title,review_comment_message,review_creation_date,review_answer_timestamp) VALUES ('2dc85befb47108ca16e8d6b7fb48ee35','2e496accb804bb4a59fcd3df574b450c','19421075ae0b585f2dc13ff149e2119d','1','2','','Pensei que era um composto energtico. ..pelo que vi  s maca peruana. ..se soubesse no tinha comprado. ..o mesmo produto em outros sites so compostos. .se pudesse devolver, devolveria. ..','03/13/2018','03/15/2018');
INSERT INTO resena (review_id,order_id,product_id,order_item_id,review_score,review_comment_title,review_comment_message,review_creation_date,review_answer_timestamp) VALUES ('491eba62ef49203b5b652753f0548eb4','01be2f7ca246adb9112cb75096af2ee0','ad88641611c35ebd59ecda07a9f17099','1','5','','','02/27/2018','03/01/2018');
INSERT INTO resena (review_id,order_id,product_id,order_item_id,review_score,review_comment_title,review_comment_message,review_creation_date,review_answer_timestamp) VALUES ('0820684b9ad1c78177fd0030e0a6f84c','18233451c81fa4cf187fae71d8e8a299','dc84e20150e6742b653dfdd592c4bd42','1','2','','..','12/18/2017','12/19/2017');
INSERT INTO resena (review_id,order_id,product_id,order_item_id,review_score,review_comment_title,review_comment_message,review_creation_date,review_answer_timestamp) VALUES ('a97b32ba40effc911f855580259d8b18','be672f99f61bb90b0430f407ba4378cb','163da86e86f0089de089399c28c3fcbb','1','5','SUPER RECOMENDADA','','08/23/2018','08/25/2018');
INSERT INTO resena (review_id,order_id,product_id,order_item_id,review_score,review_comment_title,review_comment_message,review_creation_date,review_answer_timestamp) VALUES ('593f9a445a0e187ef2079acd1ffff0d2','eae81d7a6951b80a04eb152e76e3ba55','ba3a7bd4aec1ff58474f768b3446045a','1','5','','Rpido e eficiente ','07/27/2018','07/28/2018');
INSERT INTO resena (review_id,order_id,product_id,order_item_id,review_score,review_comment_title,review_comment_message,review_creation_date,review_answer_timestamp) VALUES ('f915c8bff52133296d6edb84598291c5','9bcc43446a687456408f7c92cf486f48','6a2909ac21d16b721e4795e7e8ff3e68','1','3','','Muuuuito demorado, apesar de entregue no prazo!','01/25/2018','01/25/2018');
INSERT INTO resena (review_id,order_id,product_id,order_item_id,review_score,review_comment_title,review_comment_message,review_creation_date,review_answer_timestamp) VALUES ('24e6b1518b0f512a97f90025ce22c959','05a82511dd29bef74d8003b015912fd6','0d16d327b79bf9a0ccc7a4fa02ff7a83','1','3','','A mercadoria deveria ser entregue no meu endereo para isso fpi pago um frete.','09/26/2017','09/26/2017');
INSERT INTO resena (review_id,order_id,product_id,order_item_id,review_score,review_comment_title,review_comment_message,review_creation_date,review_answer_timestamp) VALUES ('bc30f621152138e11375035946797a9f','e1a86e22da680449cba8e136ffa97f8a','eb8c629f70275fd1c4f809116cce1efc','1','5','','','12/12/2017','12/14/2017');
INSERT INTO resena (review_id,order_id,product_id,order_item_id,review_score,review_comment_title,review_comment_message,review_creation_date,review_answer_timestamp) VALUES ('a6d46f197cf1f4094068ff329a25f13d','7139cfc52657eafe990b5b23ed163482','7ac5f520abfc0589418bc7c76cea7a7c','1','5','','timo produto','02/12/2018','02/12/2018');
INSERT INTO resena (review_id,order_id,product_id,order_item_id,review_score,review_comment_title,review_comment_message,review_creation_date,review_answer_timestamp) VALUES ('2685df992293d34910858edc20766c97','fa612a1874826daa30fed5e3073b9d0d','3fdb534dccf5bc9ab0406944b913787d','1','3','','','03/02/2018','03/05/2018');
INSERT INTO resena (review_id,order_id,product_id,order_item_id,review_score,review_comment_title,review_comment_message,review_creation_date,review_answer_timestamp) VALUES ('60a8d23cfba4df32c499adcda59cffd0','3597f6476c27b4e1cc2f58588116f8f5','2d72cf7f8c3240028550efb165045073','1','5','','','10/24/2017','10/24/2017');
INSERT INTO resena (review_id,order_id,product_id,order_item_id,review_score,review_comment_title,review_comment_message,review_creation_date,review_answer_timestamp) VALUES ('98ebeab901ad63fc788ec7c71342fd3d','421e787a5dec780e5db14facee9bdab5','ad2037645597db38527fe3afbe226af2','1','5','','RECEBI DIREITINHO E RAPIDO. COMPRAREI NOVAMENTE.','01/20/2018','01/24/2018');
INSERT INTO resena (review_id,order_id,product_id,order_item_id,review_score,review_comment_title,review_comment_message,review_creation_date,review_answer_timestamp) VALUES ('ee5d92337626519d937cdae22df967b8','21df4877f402eea02a4c1aab13411b1f','4666663905288ce384a71d096b22e7cd','1','5','papel parede','lindo!','08/09/2018','08/15/2018');
INSERT INTO resena (review_id,order_id,product_id,order_item_id,review_score,review_comment_title,review_comment_message,review_creation_date,review_answer_timestamp) VALUES ('a7ca43954a4abd9a400d2c57a26e48cf','2526d08a2985e1b276a405915c2d8be9','9453bde60c4ee52155c963641736cfc5','1','2','','BOM','02/15/2017','02/16/2017');
INSERT INTO resena (review_id,order_id,product_id,order_item_id,review_score,review_comment_title,review_comment_message,review_creation_date,review_answer_timestamp) VALUES ('fd511e7d3dfe38fc3a2b22050d761f68','b89b5e15757b5d96e7d67c969324aeca','24bc2932a12c983f8e76d828b65cf39b','1','5','','','08/16/2018','08/19/2018');
INSERT INTO resena (review_id,order_id,product_id,order_item_id,review_score,review_comment_title,review_comment_message,review_creation_date,review_answer_timestamp) VALUES ('694b3dacfc70f529c2491e18f111eee5','d17ebef6117650c283479ff4dca49c6f','b71ed32edb9ce4684e10a11309011b60','1','5','','TIMO','08/01/2017','08/04/2017');
INSERT INTO resena (review_id,order_id,product_id,order_item_id,review_score,review_comment_title,review_comment_message,review_creation_date,review_answer_timestamp) VALUES ('b29be67aa48c48115cadfd71db59a8b7','d39cd8aec30c3829bad1c1b4194b4fd8','ff9fa77f938462abd16b53c0d934099f','1','4','','','09/06/2017','09/11/2017');
INSERT INTO resena (review_id,order_id,product_id,order_item_id,review_score,review_comment_title,review_comment_message,review_creation_date,review_answer_timestamp) VALUES ('f976dfe2abb5166a4496063a4f7aa414','5e6bf5e993fb83ee6af7a9f8a954e807','72348c2ae355b4d8c6680ca93a8e263a','1','5','','','06/04/2017','06/06/2017');
INSERT INTO resena (review_id,order_id,product_id,order_item_id,review_score,review_comment_title,review_comment_message,review_creation_date,review_answer_timestamp) VALUES ('ace34c58acaa7ca2bd0272fbe2051008','ae08a26b052c48419e21581f9f01d47e','b14f3a0990ba90e5ffa3ee7414424b58','1','1','','','02/10/2018','02/10/2018');
INSERT INTO resena (review_id,order_id,product_id,order_item_id,review_score,review_comment_title,review_comment_message,review_creation_date,review_answer_timestamp) VALUES ('630646be7c90f7e60947952add30985a','d28f2bc60aaf4da8d97ff1319fdffab4','aca2eb7d00ea1a7b8ebd4e68314663af','1','4','','','03/21/2018','03/21/2018');

